Datetime,Open,High,Low,Close,Volume
2024-02-12 14:30:00,17.209999084472656,17.59000015258789,17.18000030517578,17.56999969482422,214569
2024-02-12 15:30:00,17.559999465942383,17.600000381469727,17.530000686645508,17.559999465942383,112685
2024-02-12 16:30:00,17.56999969482422,17.8075008392334,17.56999969482422,17.8075008392334,191751
2024-02-12 17:30:00,17.80500030517578,17.8174991607666,17.674999237060547,17.774999618530273,143873
2024-02-12 18:30:00,17.774999618530273,17.80500030517578,17.709999084472656,17.729999542236328,77271
2024-02-12 19:30:00,17.739999771118164,17.780000686645508,17.69499969482422,17.760000228881836,102249
2024-02-12 20:30:00,17.7549991607666,17.809999465942383,17.68000030517578,17.68000030517578,303608
2024-02-13 14:30:00,17.040000915527344,17.15999984741211,16.850000381469727,16.94499969482422,645951
2024-02-13 15:30:00,16.940000534057617,17.0049991607666,16.905000686645508,16.90999984741211,147816
2024-02-13 16:30:00,16.924999237060547,17.024999618530273,16.885000228881836,16.899999618530273,91481
2024-02-13 17:30:00,16.905000686645508,16.940000534057617,16.860000610351562,16.8700008392334,71777
2024-02-13 18:30:00,16.864999771118164,16.875,16.834999084472656,16.850000381469727,51967
2024-02-13 19:30:00,16.850000381469727,16.889999389648438,16.774999618530273,16.889799118041992,150418
2024-02-13 20:30:00,16.889999389648438,16.93000030517578,16.860000610351562,16.8700008392334,341342
2024-02-14 14:30:00,16.670000076293945,16.702999114990234,16.56999969482422,16.600000381469727,403908
2024-02-14 15:30:00,16.600000381469727,16.709999084472656,16.520000457763672,16.68000030517578,209660
2024-02-14 16:30:00,16.684999465942383,16.704999923706055,16.639999389648438,16.674999237060547,119414
2024-02-14 17:30:00,16.670000076293945,16.68000030517578,16.6200008392334,16.6299991607666,102797
2024-02-14 18:30:00,16.635000228881836,16.645000457763672,16.4950008392334,16.5,162282
2024-02-14 19:30:00,16.5049991607666,16.6299991607666,16.485000610351562,16.614999771118164,469039
2024-02-14 20:30:00,16.61750030517578,16.719999313354492,16.584999084472656,16.700000762939453,447411
2024-02-15 14:30:00,16.93000030517578,17.389999389648438,16.8799991607666,17.235000610351562,547097
2024-02-15 15:30:00,17.235000610351562,17.270000457763672,16.954999923706055,16.959999084472656,244986
2024-02-15 16:30:00,16.950000762939453,17.100000381469727,16.81999969482422,17.017499923706055,180001
2024-02-15 17:30:00,17.017499923706055,17.049999237060547,16.979999542236328,17.014999389648438,67021
2024-02-15 18:30:00,17.0,17.075000762939453,16.969999313354492,17.049999237060547,118914
2024-02-15 19:30:00,17.045000076293945,17.139999389648438,17.0049991607666,17.0049991607666,195415
2024-02-15 20:30:00,17.010000228881836,17.049999237060547,16.979999542236328,17.020000457763672,418449
2024-02-16 14:30:00,17.010000228881836,17.290000915527344,16.93000030517578,17.264999389648438,313111
2024-02-16 15:30:00,17.260000228881836,17.46500015258789,17.20009994506836,17.3700008392334,195546
2024-02-16 16:30:00,17.3700008392334,17.415000915527344,17.219999313354492,17.3700008392334,156465
2024-02-16 17:30:00,17.3700008392334,17.450000762939453,17.350000381469727,17.424999237060547,192991
2024-02-16 18:30:00,17.420000076293945,17.520000457763672,17.40999984741211,17.514999389648438,113676
2024-02-16 19:30:00,17.510000228881836,17.510000228881836,17.350000381469727,17.3700008392334,188058
2024-02-16 20:30:00,17.364999771118164,17.40999984741211,17.290000915527344,17.34000015258789,274997
2024-02-20 14:30:00,18.299999237060547,18.299999237060547,17.93000030517578,17.93000030517578,1037579
2024-02-20 15:30:00,17.920000076293945,18.010000228881836,17.799999237060547,17.809999465942383,169283
2024-02-20 16:30:00,17.799999237060547,17.80500030517578,17.709999084472656,17.760000228881836,161351
2024-02-20 17:30:00,17.7549991607666,17.809999465942383,17.729999542236328,17.773700714111328,126513
2024-02-20 18:30:00,17.774999618530273,17.790000915527344,17.729999542236328,17.760000228881836,189235
2024-02-20 19:30:00,17.7549991607666,17.764999389648438,17.670000076293945,17.704999923706055,214131
2024-02-20 20:30:00,17.704999923706055,17.790000915527344,17.68000030517578,17.770000457763672,372381
2024-02-21 14:30:00,17.670000076293945,17.700000762939453,17.382999420166016,17.559999465942383,350822
2024-02-21 15:30:00,17.559999465942383,17.579999923706055,17.440000534057617,17.469999313354492,118555
2024-02-21 16:30:00,17.469999313354492,17.530000686645508,17.44499969482422,17.454999923706055,75137
2024-02-21 17:30:00,17.454999923706055,17.489999771118164,17.389999389648438,17.405000686645508,57625
2024-02-21 18:30:00,17.40999984741211,17.59000015258789,17.3799991607666,17.56999969482422,207883
2024-02-21 19:30:00,17.56999969482422,17.649999618530273,17.53499984741211,17.594999313354492,119998
2024-02-21 20:30:00,17.600000381469727,17.709999084472656,17.584999084472656,17.709999084472656,268547
2024-02-22 14:30:00,17.510000228881836,17.600000381469727,17.040000915527344,17.079999923706055,720789
2024-02-22 15:30:00,17.06999969482422,17.165000915527344,17.020000457763672,17.100000381469727,183144
2024-02-22 16:30:00,17.094999313354492,17.170000076293945,17.014999389648438,17.1299991607666,88456
2024-02-22 17:30:00,17.139999389648438,17.155000686645508,17.030000686645508,17.05500030517578,83450
2024-02-22 18:30:00,17.059999465942383,17.094999313354492,17.010000228881836,17.045000076293945,202580
2024-02-22 19:30:00,17.045000076293945,17.110000610351562,17.024999618530273,17.084999084472656,238931
2024-02-22 20:30:00,17.079999923706055,17.1200008392334,17.020000457763672,17.020000457763672,372122
2024-02-23 14:30:00,18.219999313354492,18.25,17.6299991607666,17.90999984741211,1437111
2024-02-23 15:30:00,17.899999618530273,18.014999389648438,17.704999923706055,17.950000762939453,413463
2024-02-23 16:30:00,17.954999923706055,18.219999313354492,17.950000762939453,18.140499114990234,525483
2024-02-23 17:30:00,18.149999618530273,18.170000076293945,18.075000762939453,18.1200008392334,291192
2024-02-23 18:30:00,18.121200561523438,18.399999618530273,18.1200008392334,18.315000534057617,421968
2024-02-23 19:30:00,18.31999969482422,18.430299758911133,18.309999465942383,18.399999618530273,367471
2024-02-23 20:30:00,18.389999389648438,18.459999084472656,18.299999237060547,18.329999923706055,736900
2024-02-26 14:30:00,18.479999542236328,18.649999618530273,18.209999084472656,18.440000534057617,1027324
2024-02-26 15:30:00,18.440000534057617,18.530000686645508,18.334999084472656,18.3799991607666,264526
2024-02-26 16:30:00,18.3799991607666,18.389999389648438,18.280000686645508,18.329999923706055,230957
2024-02-26 17:30:00,18.325000762939453,18.329999923706055,18.2549991607666,18.274999618530273,141569
2024-02-26 18:30:00,18.274999618530273,18.360000610351562,18.249500274658203,18.290000915527344,146883
2024-02-26 19:30:00,18.290000915527344,18.407499313354492,18.270000457763672,18.399999618530273,209529
2024-02-26 20:30:00,18.405000686645508,18.520000457763672,18.395000457763672,18.520000457763672,420866
2024-02-27 14:30:00,18.65999984741211,18.790000915527344,18.59000015258789,18.645000457763672,417050
2024-02-27 15:30:00,18.639999389648438,18.674999237060547,18.55500030517578,18.655000686645508,150480
2024-02-27 16:30:00,18.649999618530273,18.65999984741211,18.5,18.510000228881836,127130
2024-02-27 17:30:00,18.510000228881836,18.59000015258789,18.510000228881836,18.520000457763672,136597
2024-02-27 18:30:00,18.510000228881836,18.540000915527344,18.489999771118164,18.530000686645508,224386
2024-02-27 19:30:00,18.530000686645508,18.530000686645508,18.364999771118164,18.375,213370
2024-02-27 20:30:00,18.3700008392334,18.399999618530273,18.290000915527344,18.309999465942383,534435
2024-02-28 14:30:00,18.299999237060547,18.375,18.190000534057617,18.2549991607666,265822
2024-02-28 15:30:00,18.25,18.415000915527344,18.174999237060547,18.31999969482422,82265
2024-02-28 16:30:00,18.309999465942383,18.334999084472656,18.19499969482422,18.200000762939453,77755
2024-02-28 17:30:00,18.190000534057617,18.190000534057617,18.040000915527344,18.079999923706055,135319
2024-02-28 18:30:00,18.079999923706055,18.079999923706055,17.959999084472656,18.0049991607666,155356
2024-02-28 19:30:00,18.0,18.049999237060547,17.94499969482422,18.040000915527344,225314
2024-02-28 20:30:00,18.040000915527344,18.04800033569336,17.959999084472656,18.020000457763672,403146
2024-02-29 14:30:00,18.709999084472656,18.899999618530273,18.559999465942383,18.639999389648438,409641
2024-02-29 15:30:00,18.645000457763672,18.649999618530273,18.395000457763672,18.395000457763672,329052
2024-02-29 16:30:00,18.389999389648438,18.450000762939453,18.3700008392334,18.399999618530273,197701
2024-02-29 17:30:00,18.389999389648438,18.5049991607666,18.3700008392334,18.489999771118164,184642
2024-02-29 18:30:00,18.479999542236328,18.7450008392334,18.479999542236328,18.709999084472656,210891
2024-02-29 19:30:00,18.71500015258789,18.75,18.59000015258789,18.674999237060547,196253
2024-02-29 20:30:00,18.674999237060547,18.68000030517578,18.610000610351562,18.6200008392334,422900
2024-03-01 14:30:00,18.8700008392334,18.940099716186523,18.690000534057617,18.90999984741211,329058
2024-03-01 15:30:00,18.90999984741211,18.950000762939453,18.799999237060547,18.900100708007812,296566
2024-03-01 16:30:00,18.899999618530273,19.360000610351562,18.899999618530273,19.270000457763672,336065
2024-03-01 17:30:00,19.270000457763672,19.440000534057617,19.20989990234375,19.415000915527344,193742
2024-03-01 18:30:00,19.415000915527344,19.540000915527344,19.415000915527344,19.514999389648438,164633
2024-03-01 19:30:00,19.514999389648438,19.53499984741211,19.329999923706055,19.44499969482422,210187
2024-03-01 20:30:00,19.440000534057617,19.510000228881836,19.424999237060547,19.5,455245
2024-03-04 14:30:00,20.450000762939453,20.600000381469727,20.229999542236328,20.3799991607666,925646
2024-03-04 15:30:00,20.3799991607666,20.68000030517578,20.375,20.530000686645508,484018
2024-03-04 16:30:00,20.53499984741211,20.704999923706055,20.4950008392334,20.604999542236328,262178
2024-03-04 17:30:00,20.603599548339844,20.690000534057617,20.56999969482422,20.68630027770996,274008
2024-03-04 18:30:00,20.690000534057617,20.940000534057617,20.639999389648438,20.940000534057617,317653
2024-03-04 19:30:00,20.940000534057617,21.010000228881836,20.80500030517578,21.0,311782
2024-03-04 20:30:00,20.9950008392334,21.1200008392334,20.924999237060547,21.110000610351562,556908
2024-03-05 14:30:00,22.0,22.030000686645508,21.434999465942383,21.670000076293945,1511716
2024-03-05 15:30:00,21.670000076293945,21.770000457763672,21.479999542236328,21.565000534057617,768201
2024-03-05 16:30:00,21.559999465942383,21.700000762939453,21.520099639892578,21.56999969482422,201370
2024-03-05 17:30:00,21.559999465942383,21.684999465942383,21.424999237060547,21.684999465942383,253178
2024-03-05 18:30:00,21.690000534057617,21.764999389648438,21.55500030517578,21.7549991607666,293127
2024-03-05 19:30:00,21.760000228881836,21.78499984741211,21.610000610351562,21.684999465942383,678366
2024-03-05 20:30:00,21.686399459838867,21.844999313354492,21.6299991607666,21.6299991607666,752412
2024-03-06 14:30:00,21.56999969482422,22.0,21.25,21.841999053955078,812884
2024-03-06 15:30:00,21.84000015258789,21.915000915527344,21.733999252319336,21.834999084472656,274555
2024-03-06 16:30:00,21.834999084472656,21.940000534057617,21.760000228881836,21.875,244929
2024-03-06 17:30:00,21.889999389648438,22.030000686645508,21.8700008392334,21.895000457763672,249902
2024-03-06 18:30:00,21.889999389648438,21.94499969482422,21.610000610351562,21.71500015258789,240437
2024-03-06 19:30:00,21.71500015258789,21.96500015258789,21.700000762939453,21.954999923706055,237040
2024-03-06 20:30:00,21.96500015258789,22.0,21.845199584960938,21.979999542236328,820514
2024-03-07 14:30:00,22.190000534057617,22.420000076293945,22.049999237060547,22.084999084472656,361259
2024-03-07 15:30:00,22.09000015258789,22.280000686645508,22.020000457763672,22.200000762939453,243787
2024-03-07 16:30:00,22.200000762939453,22.209999084472656,22.084999084472656,22.184999465942383,305616
2024-03-07 17:30:00,22.184999465942383,22.19499969482422,22.030000686645508,22.04759979248047,184625
2024-03-07 18:30:00,22.049999237060547,22.059999465942383,21.95199966430664,22.024999618530273,159883
2024-03-07 19:30:00,22.020000457763672,22.089399337768555,21.959999084472656,22.06999969482422,385006
2024-03-07 20:30:00,22.075000762939453,22.18000030517578,22.049999237060547,22.149999618530273,396753
2024-03-08 14:30:00,22.280000686645508,22.360000610351562,21.8799991607666,22.059999465942383,698282
2024-03-08 15:30:00,22.06999969482422,22.21500015258789,22.020000457763672,22.079999923706055,210790
2024-03-08 16:30:00,22.084999084472656,22.350000381469727,22.049999237060547,22.334999084472656,250010
2024-03-08 17:30:00,22.334999084472656,22.350000381469727,22.19059944152832,22.309999465942383,166598
2024-03-08 18:30:00,22.299999237060547,22.354999542236328,22.25,22.31999969482422,188217
2024-03-08 19:30:00,22.31999969482422,22.40999984741211,22.31999969482422,22.405000686645508,328672
2024-03-08 20:30:00,22.399999618530273,22.43000030517578,22.344999313354492,22.360000610351562,459327
2024-03-11 13:30:00,22.219999313354492,22.625,22.219999313354492,22.625,302136
2024-03-11 14:30:00,22.614999771118164,23.0,22.600000381469727,22.934999465942383,294485
2024-03-11 15:30:00,22.920000076293945,22.959999084472656,22.75,22.780000686645508,299463
2024-03-11 16:30:00,22.788999557495117,23.0,22.739999771118164,22.940000534057617,215393
2024-03-11 17:30:00,22.934999465942383,23.0,22.850000381469727,22.924999237060547,143718
2024-03-11 18:30:00,22.93000030517578,23.079999923706055,22.864999771118164,23.030799865722656,257585
2024-03-11 19:30:00,23.030000686645508,23.040000915527344,22.850000381469727,22.850000381469727,637316
2024-03-12 13:30:00,21.950000762939453,22.230100631713867,21.71500015258789,22.024999618530273,664525
2024-03-12 14:30:00,22.020000457763672,22.059999465942383,21.78499984741211,21.969999313354492,445874
2024-03-12 15:30:00,21.975000381469727,22.170000076293945,21.934900283813477,22.170000076293945,147195
2024-03-12 16:30:00,22.165000915527344,22.270000457763672,22.084999084472656,22.104999542236328,229030
2024-03-12 17:30:00,22.104999542236328,22.209999084472656,22.079999923706055,22.145000457763672,171142
2024-03-12 18:30:00,22.145000457763672,22.219999313354492,22.135000228881836,22.21500015258789,149579
2024-03-12 19:30:00,22.21500015258789,22.219999313354492,22.110000610351562,22.15999984741211,330817
2024-03-13 13:30:00,22.200000762939453,22.940000534057617,22.170000076293945,22.8700008392334,533510
2024-03-13 14:30:00,22.8700008392334,23.200000762939453,22.84000015258789,23.139999389648438,362206
2024-03-13 15:30:00,23.100000381469727,23.149999618530273,23.030000686645508,23.09000015258789,139775
2024-03-13 16:30:00,23.09000015258789,23.09000015258789,22.899999618530273,22.989900588989258,136021
2024-03-13 17:30:00,22.985000610351562,23.010000228881836,22.920000076293945,22.920000076293945,93624
2024-03-13 18:30:00,22.924999237060547,22.950000762939453,22.815000534057617,22.84000015258789,302241
2024-03-13 19:30:00,22.84000015258789,22.9375,22.834999084472656,22.8700008392334,272008
2024-03-14 13:30:00,22.270000457763672,22.3700008392334,22.16010093688965,22.219999313354492,301056
2024-03-14 14:30:00,22.219999313354492,22.25,22.06999969482422,22.075000762939453,170975
2024-03-14 15:30:00,22.079999923706055,22.16990089416504,21.969999313354492,22.100000381469727,218232
2024-03-14 16:30:00,22.094999313354492,22.209999084472656,22.0049991607666,22.06999969482422,245622
2024-03-14 17:30:00,22.06999969482422,22.09000015258789,21.889999389648438,22.014999389648438,240840
2024-03-14 18:30:00,22.010000228881836,22.100000381469727,21.915000915527344,21.920000076293945,299751
2024-03-14 19:30:00,21.915000915527344,22.200000762939453,21.829999923706055,22.190000534057617,542914
2024-03-15 13:30:00,22.3799991607666,22.5,22.274999618530273,22.334999084472656,379720
2024-03-15 14:30:00,22.325000762939453,22.440000534057617,22.19499969482422,22.19499969482422,251741
2024-03-15 15:30:00,22.200000762939453,22.204999923706055,22.06999969482422,22.100000381469727,91761
2024-03-15 16:30:00,22.104999542236328,22.179500579833984,22.05500030517578,22.15999984741211,99566
2024-03-15 17:30:00,22.165000915527344,22.165000915527344,22.010000228881836,22.049999237060547,112799
2024-03-15 18:30:00,22.040000915527344,22.1200008392334,22.014999389648438,22.114999771118164,133322
2024-03-15 19:30:00,22.1200008392334,22.1299991607666,21.985000610351562,22.014999389648438,347422
2024-03-18 13:30:00,21.360000610351562,21.440000534057617,21.110000610351562,21.125,551182
2024-03-18 14:30:00,21.114999771118164,21.149999618530273,20.90999984741211,20.959999084472656,242553
2024-03-18 15:30:00,20.96500015258789,20.979999542236328,20.790000915527344,20.934999465942383,190900
2024-03-18 16:30:00,20.934999465942383,21.350000381469727,20.934999465942383,21.325000762939453,275042
2024-03-18 17:30:00,21.325000762939453,21.3799991607666,21.18000030517578,21.229999542236328,237880
2024-03-18 18:30:00,21.239900588989258,21.295000076293945,21.190000534057617,21.235000610351562,203038
2024-03-18 19:30:00,21.229999542236328,21.2450008392334,21.139999389648438,21.170000076293945,393225
2024-03-19 13:30:00,20.510000228881836,20.704999923706055,20.290000915527344,20.399999618530273,622584
2024-03-19 14:30:00,20.399999618530273,20.46500015258789,20.315000534057617,20.459999084472656,281032
2024-03-19 15:30:00,20.459999084472656,20.514999389648438,20.424999237060547,20.450000762939453,174547
2024-03-19 16:30:00,20.450000762939453,20.459999084472656,20.229999542236328,20.264999389648438,228391
2024-03-19 17:30:00,20.260000228881836,20.260000228881836,20.04520034790039,20.190000534057617,312438
2024-03-19 18:30:00,20.18000030517578,20.190000534057617,20.05500030517578,20.149999618530273,249220
2024-03-19 19:30:00,20.155000686645508,20.280000686645508,20.110000610351562,20.280000686645508,564656
2024-03-20 13:30:00,20.40999984741211,21.03499984741211,20.3700008392334,20.75,696689
2024-03-20 14:30:00,20.75,20.760000228881836,20.299999237060547,20.34000015258789,400831
2024-03-20 15:30:00,20.329999923706055,20.40999984741211,20.31999969482422,20.379899978637695,187519
2024-03-20 16:30:00,20.3799991607666,20.479999542236328,20.350000381469727,20.395000457763672,146675
2024-03-20 17:30:00,20.399900436401367,20.847999572753906,20.3700008392334,20.84000015258789,353321
2024-03-20 18:30:00,20.850000381469727,21.559999465942383,20.735000610351562,21.5,637060
2024-03-20 19:30:00,21.5049991607666,21.5049991607666,21.209999084472656,21.280000686645508,721847
2024-03-21 13:30:00,21.5,21.809999465942383,21.110000610351562,21.290000915527344,560113
2024-03-21 14:30:00,21.28499984741211,21.360000610351562,21.049999237060547,21.079999923706055,375378
2024-03-21 15:30:00,21.084999084472656,21.209999084472656,20.84000015258789,20.875,333079
2024-03-21 16:30:00,20.875,21.149999618530273,20.84000015258789,21.03499984741211,232478
2024-03-21 17:30:00,21.040000915527344,21.1200008392334,21.024999618530273,21.030000686645508,204674
2024-03-21 18:30:00,21.030000686645508,21.209999084472656,20.975000381469727,21.165000915527344,358908
2024-03-21 19:30:00,21.170000076293945,21.190000534057617,21.079999923706055,21.15999984741211,594078
2024-03-22 13:30:00,20.579999923706055,20.969999313354492,20.459999084472656,20.950000762939453,288729
2024-03-22 14:30:00,20.959999084472656,21.239999771118164,20.920000076293945,21.229999542236328,232701
2024-03-22 15:30:00,21.235000610351562,21.28499984741211,21.149999618530273,21.190000534057617,148489
2024-03-22 16:30:00,21.19499969482422,21.270000457763672,21.102500915527344,21.200000762939453,170374
2024-03-22 17:30:00,21.200000762939453,21.219999313354492,21.1299991607666,21.145000457763672,120758
2024-03-22 18:30:00,21.145000457763672,21.225000381469727,21.100000381469727,21.100000381469727,148096
2024-03-22 19:30:00,21.100000381469727,21.149999618530273,21.075000762939453,21.079999923706055,464735
2024-03-25 13:30:00,21.290000915527344,21.989999771118164,21.270000457763672,21.8700008392334,406741
2024-03-25 14:30:00,21.875,21.889999389648438,21.739999771118164,21.860000610351562,253006
2024-03-25 15:30:00,21.860000610351562,21.899999618530273,21.735000610351562,21.75,192615
2024-03-25 16:30:00,21.739999771118164,21.889999389648438,21.729999542236328,21.770000457763672,156307
2024-03-25 17:30:00,21.770000457763672,21.770000457763672,21.610000610351562,21.719999313354492,150042
2024-03-25 18:30:00,21.725000381469727,21.725000381469727,21.56999969482422,21.6200008392334,270767
2024-03-25 19:30:00,21.6200008392334,21.649999618530273,21.34000015258789,21.34000015258789,470068
2024-03-26 13:30:00,21.90999984741211,21.90999984741211,21.690000534057617,21.729999542236328,624308
2024-03-26 14:30:00,21.729999542236328,21.780000686645508,21.28499984741211,21.299999237060547,324489
2024-03-26 15:30:00,21.295000076293945,21.40999984741211,21.229999542236328,21.350000381469727,169753
2024-03-26 16:30:00,21.350000381469727,21.4950008392334,21.329999923706055,21.354999542236328,117292
2024-03-26 17:30:00,21.354999542236328,21.399999618530273,21.290000915527344,21.375,110409
2024-03-26 18:30:00,21.3700008392334,21.437999725341797,21.290000915527344,21.329999923706055,159920
2024-03-26 19:30:00,21.329999923706055,21.43000030517578,21.325000762939453,21.40999984741211,315157
2024-03-27 13:30:00,21.420000076293945,21.790000915527344,21.3700008392334,21.790000915527344,283760
2024-03-27 14:30:00,21.790000915527344,21.979999542236328,21.770000457763672,21.954999923706055,221887
2024-03-27 15:30:00,21.950000762939453,21.950000762939453,21.700000762939453,21.7549991607666,145927
2024-03-27 16:30:00,21.7549991607666,22.079999923706055,21.739999771118164,22.04990005493164,215328
2024-03-27 17:30:00,22.040000915527344,22.079999923706055,21.9950008392334,22.05500030517578,90338
2024-03-27 18:30:00,22.059999465942383,22.139999389648438,21.920000076293945,22.010000228881836,153156
2024-03-27 19:30:00,22.010000228881836,22.040000915527344,21.969999313354492,21.979999542236328,169008
2024-03-28 13:30:00,22.270000457763672,22.385000228881836,21.829999923706055,21.989999771118164,399515
2024-03-28 14:30:00,22.0,22.274999618530273,21.976900100708008,22.030000686645508,225042
2024-03-28 15:30:00,22.030000686645508,22.03499984741211,21.924999237060547,22.014999389648438,155728
2024-03-28 16:30:00,22.014999389648438,22.110000610351562,21.989999771118164,22.040000915527344,163712
2024-03-28 17:30:00,22.049999237060547,22.18000030517578,22.040000915527344,22.15999984741211,114949
2024-03-28 18:30:00,22.155000686645508,22.157100677490234,21.94499969482422,21.950000762939453,161669
2024-03-28 19:30:00,21.950000762939453,22.209999084472656,21.94499969482422,22.190000534057617,443067
2024-04-01 13:30:00,22.799999237060547,22.878999710083008,22.139999389648438,22.187000274658203,407664
2024-04-01 14:30:00,22.18000030517578,22.389999389648438,21.969999313354492,22.3700008392334,201443
2024-04-01 15:30:00,22.360000610351562,22.43000030517578,22.309999465942383,22.31999969482422,279482
2024-04-01 16:30:00,22.31999969482422,22.329999923706055,22.075000762939453,22.110000610351562,184877
2024-04-01 17:30:00,22.100000381469727,22.264999389648438,22.06999969482422,22.2450008392334,182491
2024-04-01 18:30:00,22.239999771118164,22.239999771118164,22.15999984741211,22.190000534057617,125044
2024-04-01 19:30:00,22.190000534057617,22.229999542236328,22.170000076293945,22.170000076293945,217319
2024-04-02 13:30:00,22.59000015258789,22.81999969482422,22.514999389648438,22.790000915527344,440129
2024-04-02 14:30:00,22.799999237060547,22.799999237060547,22.549999237060547,22.639999389648438,502235
2024-04-02 15:30:00,22.625,22.665000915527344,22.549999237060547,22.594999313354492,258185
2024-04-02 16:30:00,22.600000381469727,22.649999618530273,22.559999465942383,22.579999923706055,163384
2024-04-02 17:30:00,22.579999923706055,22.780000686645508,22.56999969482422,22.770000457763672,321482
2024-04-02 18:30:00,22.76919937133789,22.825000762939453,22.668500900268555,22.704999923706055,325665
2024-04-02 19:30:00,22.709999084472656,22.829999923706055,22.684999465942383,22.829999923706055,432106
2024-04-03 13:30:00,22.719999313354492,23.0049991607666,22.594999313354492,22.90999984741211,660815
2024-04-03 14:30:00,22.905000686645508,23.165000915527344,22.8700008392334,23.05500030517578,270073
2024-04-03 15:30:00,23.05500030517578,23.165000915527344,22.944000244140625,23.139999389648438,229076
2024-04-03 16:30:00,23.149999618530273,23.15999984741211,23.024999618530273,23.06999969482422,230979
2024-04-03 17:30:00,23.06999969482422,23.25,23.049999237060547,23.184999465942383,304594
2024-04-03 18:30:00,23.184999465942383,23.290000915527344,23.155000686645508,23.280000686645508,251057
2024-04-03 19:30:00,23.28499984741211,23.325000762939453,23.200000762939453,23.200000762939453,481362
2024-04-04 13:30:00,23.3700008392334,23.639999389648438,23.059999465942383,23.639999389648438,514104
2024-04-04 14:30:00,23.639999389648438,23.725000381469727,23.479999542236328,23.614999771118164,421275
2024-04-04 15:30:00,23.610000610351562,23.674999237060547,23.5,23.655000686645508,119127
2024-04-04 16:30:00,23.655000686645508,23.670000076293945,23.55500030517578,23.575000762939453,147399
2024-04-04 17:30:00,23.575000762939453,23.71500015258789,23.565000534057617,23.68000030517578,128466
2024-04-04 18:30:00,23.670000076293945,23.709999084472656,23.40999984741211,23.40999984741211,184893
2024-04-04 19:30:00,23.420000076293945,23.424999237060547,23.059999465942383,23.100000381469727,779289
2024-04-05 13:30:00,23.510000228881836,23.729999542236328,23.18000030517578,23.709999084472656,575236
2024-04-05 14:30:00,23.719999313354492,23.989999771118164,23.68000030517578,23.8799991607666,478612
2024-04-05 15:30:00,23.885000228881836,23.979999542236328,23.760000228881836,23.8700008392334,230762
2024-04-05 16:30:00,23.860000610351562,23.975000381469727,23.799999237060547,23.950000762939453,416209
2024-04-05 17:30:00,23.954999923706055,24.1200008392334,23.90999984741211,24.0,313952
2024-04-05 18:30:00,23.989999771118164,24.09000015258789,23.959999084472656,24.024999618530273,291887
2024-04-05 19:30:00,24.023700714111328,24.049999237060547,23.8799991607666,23.93000030517578,545052
2024-04-08 13:30:00,24.209999084472656,24.3799991607666,23.739999771118164,23.84830093383789,1202606
2024-04-08 14:30:00,23.844999313354492,23.950000762939453,23.790000915527344,23.80500030517578,240125
2024-04-08 15:30:00,23.80500030517578,23.860000610351562,23.6200008392334,23.700000762939453,101794
2024-04-08 16:30:00,23.700000762939453,23.700000762939453,23.579999923706055,23.6200008392334,148807
2024-04-08 17:30:00,23.6299991607666,23.790000915527344,23.625,23.684999465942383,196734
2024-04-08 18:30:00,23.680500030517578,23.704999923706055,23.53499984741211,23.565000534057617,229886
2024-04-08 19:30:00,23.56999969482422,23.690000534057617,23.540000915527344,23.540000915527344,446895
2024-04-09 13:30:00,24.459999084472656,24.520000457763672,24.059999465942383,24.110000610351562,595816
2024-04-09 14:30:00,24.110000610351562,24.1299991607666,23.079999923706055,23.094999313354492,487980
2024-04-09 15:30:00,23.09000015258789,23.31999969482422,23.07990074157715,23.25,229487
2024-04-09 16:30:00,23.260000228881836,23.30500030517578,23.184999465942383,23.204999923706055,176718
2024-04-09 17:30:00,23.209999084472656,23.315000534057617,23.19499969482422,23.260000228881836,204224
2024-04-09 18:30:00,23.264999389648438,23.44499969482422,23.18000030517578,23.415000915527344,329760
2024-04-09 19:30:00,23.415000915527344,23.5,23.395000457763672,23.459999084472656,322433
2024-04-10 13:30:00,23.110000610351562,23.610000610351562,22.950000762939453,23.510000228881836,719538
2024-04-10 14:30:00,23.5,23.59000015258789,23.13212013244629,23.209999084472656,296865
2024-04-10 15:30:00,23.200000762939453,23.579999923706055,23.200000762939453,23.420000076293945,346839
2024-04-10 16:30:00,23.375,23.40999984741211,23.107500076293945,23.18000030517578,145008
2024-04-10 17:30:00,23.170000076293945,23.34000015258789,23.1200008392334,23.149999618530273,171445
2024-04-10 18:30:00,23.145000457763672,23.18000030517578,22.93000030517578,22.959999084472656,357573
2024-04-10 19:30:00,22.96500015258789,23.059999465942383,22.90999984741211,23.040000915527344,473565
2024-04-11 13:30:00,23.399999618530273,23.479999542236328,23.25,23.290000915527344,662446
2024-04-11 14:30:00,23.299999237060547,23.540000915527344,23.25,23.260000228881836,525165
2024-04-11 15:30:00,23.25,23.604999542236328,23.18000030517578,23.549999237060547,353394
2024-04-11 16:30:00,23.545000076293945,23.825000762939453,23.530000686645508,23.770000457763672,252071
2024-04-11 17:30:00,23.780000686645508,23.885000228881836,23.739999771118164,23.860000610351562,299084
2024-04-11 18:30:00,23.860000610351562,24.110000610351562,23.860000610351562,24.06999969482422,563494
2024-04-11 19:30:00,24.065000534057617,24.280000686645508,24.010000228881836,24.280000686645508,816648
2024-04-12 13:30:00,25.209999084472656,25.499900817871094,25.020099639892578,25.31999969482422,1268855
2024-04-12 14:30:00,25.31999969482422,25.489999771118164,24.959999084472656,24.989999771118164,853623
2024-04-12 15:30:00,25.0,25.100000381469727,24.524999618530273,24.530000686645508,551501
2024-04-12 16:30:00,24.540000915527344,24.549999237060547,24.190000534057617,24.270000457763672,431701
2024-04-12 17:30:00,24.260000228881836,24.280000686645508,23.579999923706055,23.68000030517578,579655
2024-04-12 18:30:00,23.690000534057617,23.844999313354492,23.575000762939453,23.600000381469727,654954
2024-04-12 19:30:00,23.600000381469727,23.950000762939453,23.579999923706055,23.829999923706055,629507
2024-04-15 13:30:00,24.639999389648438,24.770000457763672,23.84000015258789,23.889999389648438,1252630
2024-04-15 14:30:00,23.889999389648438,24.295000076293945,23.889999389648438,24.14430046081543,624615
2024-04-15 15:30:00,24.139999389648438,24.190000534057617,23.93000030517578,23.950000762939453,207098
2024-04-15 16:30:00,23.940000534057617,24.05500030517578,23.90999984741211,24.01099967956543,165272
2024-04-15 17:30:00,24.010000228881836,24.18000030517578,23.860000610351562,23.860000610351562,316332
2024-04-15 18:30:00,23.860000610351562,23.969999313354492,23.674999237060547,23.889999389648438,591940
2024-04-15 19:30:00,23.889999389648438,23.959999084472656,23.729999542236328,23.809999465942383,502273
2024-04-16 13:30:00,23.600000381469727,23.670000076293945,23.155000686645508,23.190000534057617,747762
2024-04-16 14:30:00,23.190000534057617,23.334999084472656,23.049999237060547,23.204999923706055,499521
2024-04-16 15:30:00,23.200000762939453,23.59000015258789,23.174999237060547,23.53499984741211,212900
2024-04-16 16:30:00,23.540000915527344,23.549999237060547,23.354999542236328,23.450000762939453,118975
2024-04-16 17:30:00,23.454999923706055,23.540000915527344,23.229999542236328,23.53499984741211,280245
2024-04-16 18:30:00,23.53499984741211,23.610000610351562,23.440000534057617,23.4950008392334,224425
2024-04-16 19:30:00,23.489999771118164,23.489999771118164,23.200000762939453,23.290000915527344,547416
2024-04-17 13:30:00,23.770000457763672,24.434999465942383,23.729999542236328,23.93000030517578,528274
2024-04-17 14:30:00,23.93000030517578,24.295000076293945,23.90999984741211,24.010000228881836,715588
2024-04-17 15:30:00,24.010000228881836,24.1299991607666,23.84000015258789,23.864999771118164,285947
2024-04-17 16:30:00,23.860000610351562,23.8700008392334,23.520000457763672,23.834999084472656,286448
2024-04-17 17:30:00,23.84000015258789,23.969999313354492,23.815000534057617,23.834999084472656,114998
2024-04-17 18:30:00,23.844999313354492,23.93000030517578,23.760000228881836,23.780000686645508,224574
2024-04-17 19:30:00,23.774999618530273,23.860000610351562,23.760000228881836,23.860000610351562,485399
2024-04-18 13:30:00,23.989999771118164,24.045000076293945,23.420000076293945,23.584999084472656,383140
2024-04-18 14:30:00,23.584999084472656,23.809999465942383,23.40999984741211,23.670000076293945,540327
2024-04-18 15:30:00,23.68000030517578,23.709999084472656,23.469999313354492,23.704999923706055,173554
2024-04-18 16:30:00,23.704999923706055,23.735000610351562,23.625,23.690000534057617,141973
2024-04-18 17:30:00,23.690000534057617,23.700000762939453,23.510000228881836,23.584999084472656,142220
2024-04-18 18:30:00,23.58099937438965,23.6200008392334,23.46500015258789,23.56999969482422,184654
2024-04-18 19:30:00,23.579999923706055,23.739999771118164,23.549999237060547,23.709999084472656,379548
2024-04-19 13:30:00,23.239999771118164,23.549999237060547,23.190000534057617,23.3799991607666,681855
2024-04-19 14:30:00,23.389999389648438,23.739999771118164,23.385000228881836,23.704999923706055,300936
2024-04-19 15:30:00,23.700000762939453,23.709999084472656,23.459999084472656,23.514999389648438,239792
2024-04-19 16:30:00,23.510700225830078,23.80500030517578,23.510000228881836,23.764999389648438,215013
2024-04-19 17:30:00,23.770000457763672,23.799999237060547,23.690000534057617,23.700000762939453,180797
2024-04-19 18:30:00,23.700000762939453,23.809999465942383,23.579999923706055,23.645000457763672,210760
2024-04-19 19:30:00,23.649999618530273,23.850000381469727,23.649999618530273,23.850000381469727,537473
2024-04-22 13:30:00,22.309999465942383,22.34000015258789,21.809999465942383,22.239999771118164,949312
2024-04-22 14:30:00,22.2450008392334,22.43000030517578,21.670000076293945,21.739999771118164,820772
2024-04-22 15:30:00,21.739999771118164,22.1200008392334,21.735000610351562,21.84000015258789,421643
2024-04-22 16:30:00,21.844999313354492,21.895000457763672,21.729999542236328,21.764999389648438,471992
2024-04-22 17:30:00,21.764999389648438,21.780000686645508,21.645000457763672,21.719999313354492,380699
2024-04-22 18:30:00,21.725000381469727,21.81999969482422,21.670000076293945,21.81999969482422,400202
2024-04-22 19:30:00,21.825000762939453,22.040000915527344,21.809999465942383,22.030000686645508,575532
2024-04-23 13:30:00,21.8700008392334,22.475000381469727,21.790000915527344,22.25,681591
2024-04-23 14:30:00,22.239999771118164,22.350000381469727,21.98900032043457,22.079999923706055,336193
2024-04-23 15:30:00,22.079999923706055,22.150999069213867,21.979999542236328,22.107500076293945,317630
2024-04-23 16:30:00,22.114999771118164,22.25,22.110000610351562,22.190000534057617,331348
2024-04-23 17:30:00,22.19499969482422,22.225000381469727,22.165000915527344,22.204999923706055,119452
2024-04-23 18:30:00,22.204999923706055,22.204999923706055,22.06999969482422,22.094999313354492,121862
2024-04-23 19:30:00,22.094999313354492,22.170000076293945,22.040000915527344,22.100000381469727,335808
2024-04-24 13:30:00,21.719999313354492,21.95989990234375,21.66069984436035,21.809999465942383,364810
2024-04-24 14:30:00,21.809999465942383,22.024999618530273,21.795000076293945,21.96500015258789,211521
2024-04-24 15:30:00,21.96500015258789,21.96500015258789,21.81999969482422,21.875,142218
2024-04-24 16:30:00,21.8799991607666,21.979999542236328,21.860000610351562,21.93000030517578,130364
2024-04-24 17:30:00,21.934999465942383,21.96500015258789,21.8700008392334,21.940000534057617,133029
2024-04-24 18:30:00,21.93000030517578,22.0,21.860000610351562,21.989999771118164,175101
2024-04-24 19:30:00,21.979999542236328,22.024999618530273,21.90999984741211,21.90999984741211,311784
2024-04-25 13:30:00,21.989999771118164,22.209999084472656,21.899999618530273,22.18000030517578,368638
2024-04-25 14:30:00,22.190000534057617,22.670000076293945,22.174999237060547,22.434999465942383,481056
2024-04-25 15:30:00,22.440000534057617,22.735000610351562,22.415000915527344,22.655000686645508,188731
2024-04-25 16:30:00,22.649999618530273,22.850000381469727,22.570899963378906,22.825000762939453,215889
2024-04-25 17:30:00,22.825000762939453,22.975000381469727,22.809999465942383,22.864999771118164,183312
2024-04-25 18:30:00,22.860000610351562,22.959999084472656,22.829999923706055,22.940000534057617,191731
2024-04-25 19:30:00,22.934999465942383,22.934999465942383,22.700000762939453,22.780000686645508,466921
2024-04-26 13:30:00,23.530000686645508,23.83099937438965,23.3799991607666,23.809999465942383,624097
2024-04-26 14:30:00,23.81999969482422,23.8799991607666,23.55500030517578,23.584999084472656,446273
2024-04-26 15:30:00,23.584999084472656,23.649999618530273,23.510000228881836,23.645000457763672,212196
2024-04-26 16:30:00,23.649999618530273,23.735000610351562,23.600000381469727,23.709999084472656,187672
2024-04-26 17:30:00,23.711200714111328,23.80500030517578,23.65999984741211,23.770000457763672,224861
2024-04-26 18:30:00,23.764999389648438,23.834999084472656,23.700000762939453,23.760000228881836,148515
2024-04-26 19:30:00,23.760000228881836,23.850000381469727,23.704999923706055,23.84000015258789,350094
2024-04-29 13:30:00,24.3799991607666,24.829999923706055,24.149999618530273,24.81999969482422,1154156
2024-04-29 14:30:00,24.809999465942383,24.979999542236328,24.665000915527344,24.719999313354492,516202
2024-04-29 15:30:00,24.729999542236328,24.7549991607666,24.6299991607666,24.69499969482422,261036
2024-04-29 16:30:00,24.700000762939453,24.829999923706055,24.670000076293945,24.80500030517578,146719
2024-04-29 17:30:00,24.809999465942383,25.040000915527344,24.7549991607666,24.905000686645508,302902
2024-04-29 18:30:00,24.909900665283203,24.9950008392334,24.68000030517578,24.899999618530273,376407
2024-04-29 19:30:00,24.895000457763672,24.899999618530273,24.780000686645508,24.790000915527344,571283
2024-04-30 13:30:00,23.209999084472656,23.690000534057617,23.125,23.290000915527344,647087
2024-04-30 14:30:00,23.299999237060547,23.489999771118164,23.100000381469727,23.204999923706055,481521
2024-04-30 15:30:00,23.209999084472656,23.540000915527344,23.200000762939453,23.43000030517578,221146
2024-04-30 16:30:00,23.424999237060547,23.459999084472656,23.18000030517578,23.28499984741211,246786
2024-04-30 17:30:00,23.274999618530273,23.334999084472656,23.040000915527344,23.059999465942383,230556
2024-04-30 18:30:00,23.065000534057617,23.139999389648438,22.959999084472656,23.017000198364258,243010
2024-04-30 19:30:00,23.014999389648438,23.079999923706055,22.90999984741211,22.989999771118164,514271
2024-05-01 13:30:00,23.15999984741211,23.6299991607666,22.969999313354492,23.610000610351562,248655
2024-05-01 14:30:00,23.610000610351562,23.610000610351562,23.290000915527344,23.385000228881836,232786
2024-05-01 15:30:00,23.389999389648438,23.5049991607666,23.25,23.3799991607666,139059
2024-05-01 16:30:00,23.381099700927734,23.43000030517578,23.291000366210938,23.31999969482422,84696
2024-05-01 17:30:00,23.31999969482422,23.700000762939453,23.280000686645508,23.68000030517578,182340
2024-05-01 18:30:00,23.690000534057617,24.06999969482422,23.469999313354492,23.75,370054
2024-05-01 19:30:00,23.739999771118164,23.770000457763672,23.389999389648438,23.469999313354492,350454
2024-05-02 13:30:00,22.809999465942383,23.0,22.600000381469727,22.889999389648438,491610
2024-05-02 14:30:00,22.8799991607666,23.209999084472656,22.8700008392334,23.049999237060547,216072
2024-05-02 15:30:00,23.049999237060547,23.184999465942383,22.920000076293945,22.959999084472656,88323
2024-05-02 16:30:00,22.940000534057617,22.981000900268555,22.8700008392334,22.895000457763672,89026
2024-05-02 17:30:00,22.889999389648438,23.045000076293945,22.875,22.989999771118164,134937
2024-05-02 18:30:00,22.989999771118164,23.174999237060547,22.975000381469727,23.15999984741211,112452
2024-05-02 19:30:00,23.15999984741211,23.15999984741211,23.020000457763672,23.149999618530273,180045
2024-05-03 13:30:00,23.020000457763672,23.170000076293945,22.450000762939453,22.68000030517578,447088
2024-05-03 14:30:00,22.690000534057617,22.959999084472656,22.690000534057617,22.924999237060547,110232
2024-05-03 15:30:00,22.940000534057617,23.225000381469727,22.934999465942383,23.209999084472656,147946
2024-05-03 16:30:00,23.204999923706055,23.21500015258789,23.0,23.09000015258789,111384
2024-05-03 17:30:00,23.094999313354492,23.190000534057617,23.049999237060547,23.084999084472656,86150
2024-05-03 18:30:00,23.09000015258789,23.100000381469727,22.93000030517578,22.985000610351562,149690
2024-05-03 19:30:00,22.989999771118164,23.18000030517578,22.989999771118164,23.1200008392334,419550
2024-05-06 13:30:00,23.860000610351562,24.204999923706055,23.809999465942383,24.059999465942383,342293
2024-05-06 14:30:00,24.052000045776367,24.104999542236328,23.770000457763672,23.84000015258789,182739
2024-05-06 15:30:00,23.850000381469727,24.145000457763672,23.790000915527344,24.049999237060547,104462
2024-05-06 16:30:00,24.049999237060547,24.079999923706055,23.940000534057617,24.010000228881836,83660
2024-05-06 17:30:00,24.010000228881836,24.075000762939453,23.940000534057617,23.985000610351562,67648
2024-05-06 18:30:00,23.979999542236328,24.020000457763672,23.8700008392334,23.940000534057617,123614
2024-05-06 19:30:00,23.950000762939453,23.96500015258789,23.719999313354492,23.84000015258789,335937
2024-05-07 13:30:00,23.479999542236328,23.610000610351562,23.325000762939453,23.34000015258789,406685
2024-05-07 14:30:00,23.334999084472656,23.649999618530273,23.329999923706055,23.559999465942383,236205
2024-05-07 15:30:00,23.559999465942383,23.600000381469727,23.459999084472656,23.485000610351562,73658
2024-05-07 16:30:00,23.489999771118164,23.549999237060547,23.440000534057617,23.489999771118164,53739
2024-05-07 17:30:00,23.485000610351562,23.540000915527344,23.43000030517578,23.514999389648438,64334
2024-05-07 18:30:00,23.514999389648438,23.600000381469727,23.43000030517578,23.549999237060547,86850
2024-05-07 19:30:00,23.549999237060547,23.579999923706055,23.434999465942383,23.579999923706055,317660
2024-05-08 13:30:00,23.049999237060547,23.719999313354492,23.000999450683594,23.639999389648438,302003
2024-05-08 14:30:00,23.6299991607666,23.75,23.600000381469727,23.690000534057617,101012
2024-05-08 15:30:00,23.68000030517578,23.71500015258789,23.584999084472656,23.600000381469727,58044
2024-05-08 16:30:00,23.594999313354492,23.614999771118164,23.46969985961914,23.520000457763672,50870
2024-05-08 17:30:00,23.524999618530273,23.540000915527344,23.440000534057617,23.479999542236328,61911
2024-05-08 18:30:00,23.469999313354492,23.520000457763672,23.389999389648438,23.424999237060547,83732
2024-05-08 19:30:00,23.420000076293945,23.43000030517578,23.360000610351562,23.3700008392334,210472
2024-05-09 13:30:00,23.75,24.18000030517578,23.690099716186523,24.1299991607666,229578
2024-05-09 14:30:00,24.1200008392334,24.1289005279541,23.920000076293945,23.920000076293945,162990
2024-05-09 15:30:00,23.920000076293945,23.920000076293945,23.71500015258789,23.729999542236328,92567
2024-05-09 16:30:00,23.729999542236328,23.75,23.6299991607666,23.674999237060547,76206
2024-05-09 17:30:00,23.670000076293945,23.809999465942383,23.65999984741211,23.78499984741211,68926
2024-05-09 18:30:00,23.780000686645508,24.0,23.770000457763672,23.9950008392334,168832
2024-05-09 19:30:00,24.0,24.139999389648438,23.979999542236328,24.049999237060547,471359
2024-05-10 13:30:00,24.920000076293945,25.020000457763672,24.600000381469727,24.760000228881836,603652
2024-05-10 14:30:00,24.75,25.079999923706055,24.579999923706055,24.719999313354492,254104
2024-05-10 15:30:00,24.729999542236328,24.799999237060547,24.700000762939453,24.75,124663
2024-05-10 16:30:00,24.75,24.760000228881836,24.545000076293945,24.545000076293945,101751
2024-05-10 17:30:00,24.549999237060547,24.729999542236328,24.530000686645508,24.71500015258789,120542
2024-05-10 18:30:00,24.709999084472656,24.719999313354492,24.514999389648438,24.56999969482422,114500
2024-05-10 19:30:00,24.575000762939453,24.59000015258789,24.3700008392334,24.3799991607666,335578
2024-05-13 13:30:00,24.309999465942383,24.59000015258789,24.219999313354492,24.43000030517578,332758
2024-05-13 14:30:00,24.434999465942383,24.459999084472656,24.020000457763672,24.049999237060547,161154
2024-05-13 15:30:00,24.03499984741211,24.200000762939453,23.980300903320312,24.145000457763672,118045
2024-05-13 16:30:00,24.1299991607666,24.190000534057617,24.100000381469727,24.125,55077
2024-05-13 17:30:00,24.1200008392334,24.149200439453125,24.06999969482422,24.104999542236328,87439
2024-05-13 18:30:00,24.107500076293945,24.209999084472656,24.084999084472656,24.209999084472656,95187
2024-05-13 19:30:00,24.21500015258789,24.360000610351562,24.190000534057617,24.260000228881836,238998
2024-05-14 13:30:00,24.260000228881836,24.309999465942383,23.969999313354492,24.229999542236328,184574
2024-05-14 14:30:00,24.239999771118164,24.389999389648438,24.20599937438965,24.25,114897
2024-05-14 15:30:00,24.260000228881836,24.280000686645508,24.125,24.184999465942383,60109
2024-05-14 16:30:00,24.190000534057617,24.30940055847168,24.190000534057617,24.299999237060547,47619
2024-05-14 17:30:00,24.29990005493164,24.34000015258789,24.239999771118164,24.299999237060547,69304
2024-05-14 18:30:00,24.299999237060547,24.31999969482422,24.219999313354492,24.274999618530273,87655
2024-05-14 19:30:00,24.270000457763672,24.350000381469727,24.2549991607666,24.329999923706055,141408
2024-05-15 13:30:00,24.59000015258789,24.709999084472656,24.139999389648438,24.420000076293945,234363
2024-05-15 14:30:00,24.395000457763672,24.950000762939453,24.395000457763672,24.90999984741211,149535
2024-05-15 15:30:00,24.899999618530273,24.934999465942383,24.770000457763672,24.905000686645508,70081
2024-05-15 16:30:00,24.899999618530273,24.95989990234375,24.864999771118164,24.95989990234375,49448
2024-05-15 17:30:00,24.954999923706055,25.040000915527344,24.84000015258789,24.885000228881836,135389
2024-05-15 18:30:00,24.889999389648438,24.940000534057617,24.81999969482422,24.915000915527344,85027
2024-05-15 19:30:00,24.915000915527344,24.915000915527344,24.719999313354492,24.809999465942383,315623
2024-05-16 13:30:00,24.760000228881836,24.760000228881836,24.239999771118164,24.31999969482422,251510
2024-05-16 14:30:00,24.31999969482422,24.530000686645508,24.260000228881836,24.5049991607666,175433
2024-05-16 15:30:00,24.510000228881836,24.684999465942383,24.5,24.594999313354492,238528
2024-05-16 16:30:00,24.579999923706055,24.6200008392334,24.524999618530273,24.549999237060547,259025
2024-05-16 17:30:00,24.559999465942383,24.559999465942383,24.420000076293945,24.469999313354492,203836
2024-05-16 18:30:00,24.469999313354492,24.6200008392334,24.459999084472656,24.575000762939453,249547
2024-05-16 19:30:00,24.56999969482422,24.764999389648438,24.545000076293945,24.610000610351562,336278
2024-05-17 13:30:00,25.149999618530273,25.389999389648438,24.950000762939453,25.319499969482422,303487
2024-05-17 14:30:00,25.31999969482422,25.43000030517578,25.25,25.290000915527344,370301
2024-05-17 15:30:00,25.274999618530273,25.329999923706055,25.174999237060547,25.200000762939453,133852
2024-05-17 16:30:00,25.200000762939453,25.270000457763672,25.155000686645508,25.26099967956543,60869
2024-05-17 17:30:00,25.270000457763672,25.270000457763672,25.139999389648438,25.239999771118164,96689
2024-05-17 18:30:00,25.2450008392334,25.350000381469727,25.190000534057617,25.31999969482422,97029
2024-05-17 19:30:00,25.325000762939453,25.479999542236328,25.264999389648438,25.40999984741211,484184
2024-05-20 13:30:00,25.68000030517578,25.84000015258789,25.542499542236328,25.729999542236328,312411
2024-05-20 14:30:00,25.729999542236328,25.889999389648438,25.690000534057617,25.860000610351562,172632
2024-05-20 15:30:00,25.850000381469727,25.899999618530273,25.729999542236328,25.799999237060547,75799
2024-05-20 16:30:00,25.790000915527344,25.860000610351562,25.690000534057617,25.809999465942383,134609
2024-05-20 17:30:00,25.809999465942383,25.8799991607666,25.770000457763672,25.829999923706055,135757
2024-05-20 18:30:00,25.81999969482422,25.8799991607666,25.7549991607666,25.75749969482422,86538
2024-05-20 19:30:00,25.760000228881836,25.93000030517578,25.75,25.850000381469727,313313
2024-05-21 13:30:00,25.90999984741211,26.010000228881836,25.670000076293945,25.75,545727
2024-05-21 14:30:00,25.75,25.889999389648438,25.40999984741211,25.469999313354492,257582
2024-05-21 15:30:00,25.479999542236328,25.489999771118164,25.220800399780273,25.350000381469727,102063
2024-05-21 16:30:00,25.3799991607666,25.3799991607666,25.239999771118164,25.309999465942383,85550
2024-05-21 17:30:00,25.315000534057617,25.40999984741211,25.315000534057617,25.375,75289
2024-05-21 18:30:00,25.3700008392334,25.510000228881836,25.360000610351562,25.485000610351562,111154
2024-05-21 19:30:00,25.485000610351562,25.5,25.3700008392334,25.3700008392334,299878
2024-05-22 13:30:00,25.170000076293945,25.34000015258789,24.89299964904785,24.899999618530273,244716
2024-05-22 14:30:00,24.920000076293945,25.18000030517578,24.829999923706055,25.049999237060547,137394
2024-05-22 15:30:00,25.059999465942383,25.16990089416504,24.950000762939453,24.969999313354492,71452
2024-05-22 16:30:00,24.969999313354492,25.06999969482422,24.889999389648438,24.93000030517578,69148
2024-05-22 17:30:00,24.90999984741211,24.94099998474121,24.551700592041016,24.551700592041016,160380
2024-05-22 18:30:00,24.56999969482422,24.639799118041992,24.459999084472656,24.579999923706055,146232
2024-05-22 19:30:00,24.579999923706055,24.700000762939453,24.5,24.690000534057617,340711
2024-05-23 13:30:00,24.579999923706055,24.690000534057617,24.040000915527344,24.09079933166504,349258
2024-05-23 14:30:00,24.09000015258789,24.329999923706055,23.979999542236328,24.1299991607666,172938
2024-05-23 15:30:00,24.149999618530273,24.270000457763672,24.040000915527344,24.045000076293945,86579
2024-05-23 16:30:00,24.049999237060547,24.170000076293945,23.950000762939453,23.968299865722656,111869
2024-05-23 17:30:00,23.969999313354492,24.0,23.700000762939453,23.889999389648438,305930
2024-05-23 18:30:00,23.8700008392334,24.0,23.829999923706055,23.8799991607666,156652
2024-05-23 19:30:00,23.889999389648438,23.959999084472656,23.579999923706055,23.649999618530273,1215091
2024-05-24 13:30:00,24.139999389648438,24.3799991607666,24.09000015258789,24.219999313354492,539469
2024-05-24 14:30:00,24.219999313354492,24.424999237060547,24.15999984741211,24.309999465942383,102779
2024-05-24 15:30:00,24.329999923706055,24.329999923706055,24.120100021362305,24.239999771118164,52452
2024-05-24 16:30:00,24.25,24.299999237060547,24.190000534057617,24.25,43330
2024-05-24 17:30:00,24.239999771118164,24.290000915527344,24.204999923706055,24.225000381469727,111275
2024-05-24 18:30:00,24.209999084472656,24.209999084472656,24.110000610351562,24.190000534057617,62553
2024-05-24 19:30:00,24.190000534057617,24.31999969482422,24.170000076293945,24.299999237060547,192409
2024-05-28 13:30:00,24.850000381469727,24.950000762939453,24.760000228881836,24.78499984741211,248633
2024-05-28 14:30:00,24.770000457763672,24.959999084472656,24.743999481201172,24.81999969482422,106180
2024-05-28 15:30:00,24.809999465942383,25.0,24.809999465942383,24.923999786376953,154221
2024-05-28 16:30:00,24.920000076293945,24.969999313354492,24.670000076293945,24.790000915527344,58403
2024-05-28 17:30:00,24.770000457763672,24.84000015258789,24.719999313354492,24.729999542236328,65242
2024-05-28 18:30:00,24.729999542236328,24.844999313354492,24.69219970703125,24.799999237060547,87378
2024-05-28 19:30:00,24.795000076293945,24.889999389648438,24.795000076293945,24.81999969482422,238200
2024-05-29 13:30:00,24.440000534057617,24.690000534057617,24.309999465942383,24.479900360107422,131008
2024-05-29 14:30:00,24.479999542236328,24.549999237060547,24.049999237060547,24.09000015258789,196854
2024-05-29 15:30:00,24.09000015258789,24.360000610351562,24.040000915527344,24.1299991607666,108351
2024-05-29 16:30:00,24.1299991607666,24.170000076293945,24.040000915527344,24.15999984741211,77764
2024-05-29 17:30:00,24.15999984741211,24.280000686645508,24.079999923706055,24.149999618530273,91423
2024-05-29 18:30:00,24.145000457763672,24.18000030517578,24.104999542236328,24.1299991607666,99016
2024-05-29 19:30:00,24.139999389648438,24.190000534057617,24.079999923706055,24.09000015258789,280106
2024-05-30 13:30:00,24.0,24.950000762939453,23.940000534057617,24.829999923706055,477092
2024-05-30 14:30:00,24.809999465942383,25.06999969482422,24.600000381469727,25.020000457763672,360663
2024-05-30 15:30:00,25.020000457763672,25.170000076293945,24.950000762939453,25.065000534057617,161769
2024-05-30 16:30:00,25.06999969482422,25.110000610351562,24.989999771118164,25.020000457763672,138248
2024-05-30 17:30:00,25.020000457763672,25.030000686645508,24.760000228881836,24.829999923706055,128179
2024-05-30 18:30:00,24.81999969482422,24.844999313354492,24.700000762939453,24.719999313354492,129048
2024-05-30 19:30:00,24.719999313354492,24.780000686645508,24.600000381469727,24.65999984741211,372690
2024-05-31 13:30:00,24.360000610351562,24.610000610351562,24.104999542236328,24.1299991607666,384488
2024-05-31 14:30:00,24.1299991607666,24.1299991607666,23.799999237060547,23.829999923706055,416167
2024-05-31 15:30:00,23.84000015258789,23.959999084472656,23.709999084472656,23.864999771118164,161975
2024-05-31 16:30:00,23.86989974975586,23.950000762939453,23.799999237060547,23.860000610351562,118302
2024-05-31 17:30:00,23.860000610351562,24.030000686645508,23.84000015258789,24.0,155194
2024-05-31 18:30:00,23.989999771118164,24.040000915527344,23.84000015258789,23.905000686645508,182246
2024-05-31 19:30:00,23.899999618530273,24.219999313354492,23.8799991607666,24.209999084472656,451050
2024-06-03 13:30:00,24.469999313354492,24.5,24.06100082397461,24.260000228881836,320183
2024-06-03 14:30:00,24.2549991607666,24.34000015258789,24.190000534057617,24.299999237060547,149834
2024-06-03 15:30:00,24.299999237060547,24.31999969482422,24.165000915527344,24.200000762939453,81929
2024-06-03 16:30:00,24.190000534057617,24.360000610351562,24.15999984741211,24.360000610351562,55330
2024-06-03 17:30:00,24.3700008392334,24.610000610351562,24.360000610351562,24.610000610351562,84421
2024-06-03 18:30:00,24.604999542236328,24.639999389648438,24.494199752807617,24.559999465942383,160607
2024-06-03 19:30:00,24.559999465942383,24.56999969482422,24.389999389648438,24.389999389648438,256312
2024-06-04 13:30:00,23.549999237060547,23.610000610351562,22.8700008392334,23.18000030517578,622898
2024-06-04 14:30:00,23.18000030517578,23.3799991607666,23.06089973449707,23.309999465942383,390461
2024-06-04 15:30:00,23.309999465942383,23.3799991607666,23.139999389648438,23.15999984741211,94341
2024-06-04 16:30:00,23.155000686645508,23.309999465942383,23.139999389648438,23.295000076293945,100745
2024-06-04 17:30:00,23.290000915527344,23.350000381469727,23.200000762939453,23.350000381469727,136155
2024-06-04 18:30:00,23.350000381469727,23.440000534057617,23.260000228881836,23.40999984741211,226768
2024-06-04 19:30:00,23.420000076293945,23.584999084472656,23.389999389648438,23.510000228881836,482863
2024-06-05 13:30:00,23.540000915527344,23.600000381469727,23.030000686645508,23.209999084472656,581212
2024-06-05 14:30:00,23.200000762939453,23.514999389648438,23.200000762939453,23.454999923706055,202361
2024-06-05 15:30:00,23.479999542236328,23.600000381469727,23.3799991607666,23.530000686645508,83625
2024-06-05 16:30:00,23.524999618530273,23.600000381469727,23.40999984741211,23.420000076293945,108699
2024-06-05 17:30:00,23.429899215698242,23.629899978637695,23.3799991607666,23.610000610351562,74013
2024-06-05 18:30:00,23.6200008392334,23.670000076293945,23.459999084472656,23.489999771118164,98039
2024-06-05 19:30:00,23.479999542236328,23.610000610351562,23.469999313354492,23.479999542236328,253952
2024-06-06 13:30:00,23.670000076293945,23.920000076293945,23.670000076293945,23.789899826049805,158492
2024-06-06 14:30:00,23.770000457763672,24.260000228881836,23.709999084472656,24.239999771118164,136325
2024-06-06 15:30:00,24.25,24.690000534057617,24.219999313354492,24.579999923706055,258467
2024-06-06 16:30:00,24.579999923706055,24.610000610351562,24.479999542236328,24.489999771118164,129352
2024-06-06 17:30:00,24.5,24.75,24.5,24.719999313354492,86104
2024-06-06 18:30:00,24.709999084472656,24.770000457763672,24.625,24.65999984741211,159234
2024-06-06 19:30:00,24.649999618530273,24.674999237060547,24.434999465942383,24.600000381469727,456722
2024-06-07 13:30:00,23.43000030517578,23.540000915527344,23.100000381469727,23.200000762939453,639690
2024-06-07 14:30:00,23.19099998474121,23.270000457763672,22.709999084472656,22.77400016784668,786817
2024-06-07 15:30:00,22.75,23.010000228881836,22.704999923706055,22.943599700927734,213954
2024-06-07 16:30:00,22.959999084472656,22.969999313354492,22.670000076293945,22.690000534057617,101977
2024-06-07 17:30:00,22.690000534057617,22.844999313354492,22.610000610351562,22.809999465942383,171821
2024-06-07 18:30:00,22.809999465942383,22.84000015258789,22.649999618530273,22.799999237060547,266638
2024-06-07 19:30:00,22.799999237060547,22.950000762939453,22.719999313354492,22.864999771118164,701322
2024-06-10 13:30:00,22.739999771118164,22.7450008392334,22.15999984741211,22.454999923706055,523481
2024-06-10 14:30:00,22.450000762939453,22.510000228881836,22.15999984741211,22.15999984741211,236537
2024-06-10 15:30:00,22.15999984741211,22.31999969482422,22.1299991607666,22.239999771118164,204993
2024-06-10 16:30:00,22.239999771118164,22.350000381469727,22.209999084472656,22.219999313354492,113155
2024-06-10 17:30:00,22.209999084472656,22.3799991607666,22.200000762939453,22.350000381469727,125715
2024-06-10 18:30:00,22.350000381469727,22.559999465942383,22.329999923706055,22.524999618530273,182490
2024-06-10 19:30:00,22.520000457763672,22.600000381469727,22.459999084472656,22.579999923706055,431975
2024-06-11 13:30:00,22.420000076293945,22.56999969482422,22.149999618530273,22.469999313354492,278915
2024-06-11 14:30:00,22.459999084472656,22.579999923706055,22.420000076293945,22.479999542236328,211890
2024-06-11 15:30:00,22.479999542236328,22.5,22.299999237060547,22.31999969482422,151134
2024-06-11 16:30:00,22.329999923706055,22.440000534057617,22.290000915527344,22.360000610351562,53211
2024-06-11 17:30:00,22.3700008392334,22.510000228881836,22.329999923706055,22.510000228881836,227825
2024-06-11 18:30:00,22.5049991607666,22.549999237060547,22.389999389648438,22.389999389648438,213857
2024-06-11 19:30:00,22.395000457763672,22.420000076293945,22.344999313354492,22.375,246707
2024-06-12 13:30:00,23.690000534057617,23.81999969482422,23.078699111938477,23.2450008392334,627454
2024-06-12 14:30:00,23.239999771118164,23.389999389648438,23.06999969482422,23.329999923706055,255712
2024-06-12 15:30:00,23.315000534057617,23.489999771118164,23.059999465942383,23.390100479125977,227215
2024-06-12 16:30:00,23.395000457763672,23.625,23.354999542236328,23.600099563598633,275988
2024-06-12 17:30:00,23.609500885009766,23.6299991607666,23.270000457763672,23.454999923706055,158667
2024-06-12 18:30:00,23.459999084472656,23.520000457763672,23.299999237060547,23.385000228881836,308104
2024-06-12 19:30:00,23.385000228881836,23.399999618530273,23.219999313354492,23.280000686645508,413154
2024-06-13 13:30:00,23.139999389648438,23.309999465942383,22.84000015258789,22.950000762939453,255558
2024-06-13 14:30:00,22.959999084472656,22.969999313354492,22.639999389648438,22.649999618530273,274108
2024-06-13 15:30:00,22.665000915527344,22.729999542236328,22.579999923706055,22.704999923706055,218638
2024-06-13 16:30:00,22.719999313354492,22.81999969482422,22.649999618530273,22.690000534057617,129673
2024-06-13 17:30:00,22.690000534057617,22.690000534057617,22.559999465942383,22.600000381469727,164121
2024-06-13 18:30:00,22.59000015258789,22.600000381469727,22.450000762939453,22.545000076293945,239747
2024-06-13 19:30:00,22.53499984741211,22.639999389648438,22.530000686645508,22.59000015258789,511145
2024-06-14 13:30:00,23.270000457763672,23.309999465942383,22.8799991607666,22.8799991607666,311540
2024-06-14 14:30:00,22.8799991607666,22.93000030517578,22.760000228881836,22.809999465942383,153447
2024-06-14 15:30:00,22.81999969482422,23.100000381469727,22.709999084472656,23.010000228881836,107475
2024-06-14 16:30:00,23.0,23.040000915527344,22.950000762939453,23.010000228881836,76610
2024-06-14 17:30:00,23.010000228881836,23.059999465942383,22.940000534057617,23.010000228881836,77647
2024-06-14 18:30:00,23.010000228881836,23.1299991607666,22.979999542236328,23.094999313354492,107157
2024-06-14 19:30:00,23.094999313354492,23.18000030517578,23.0,23.010000228881836,327600
2024-06-17 13:30:00,22.770000457763672,23.110000610351562,22.440000534057617,22.559999465942383,172743
2024-06-17 14:30:00,22.549999237060547,22.579999923706055,22.440000534057617,22.440000534057617,215012
2024-06-17 15:30:00,22.440000534057617,22.459999084472656,22.34000015258789,22.43000030517578,166928
2024-06-17 16:30:00,22.43000030517578,22.510000228881836,22.3799991607666,22.459999084472656,139613
2024-06-17 17:30:00,22.459999084472656,22.704999923706055,22.459999084472656,22.690000534057617,97306
2024-06-17 18:30:00,22.690000534057617,22.739999771118164,22.639999389648438,22.670000076293945,140293
2024-06-17 19:30:00,22.665000915527344,22.700000762939453,22.639999389648438,22.670000076293945,245118
2024-06-18 13:30:00,22.71500015258789,23.020000457763672,22.59000015258789,22.989999771118164,665537
2024-06-18 14:30:00,22.989999771118164,22.989999771118164,22.670000076293945,22.716299057006836,162164
2024-06-18 15:30:00,22.709999084472656,22.8700008392334,22.690000534057617,22.850000381469727,68369
2024-06-18 16:30:00,22.860000610351562,22.93000030517578,22.850000381469727,22.899999618530273,171874
2024-06-18 17:30:00,22.90999984741211,23.0,22.8799991607666,22.940000534057617,232759
2024-06-18 18:30:00,22.950000762939453,22.979999542236328,22.875,22.949899673461914,238997
2024-06-18 19:30:00,22.950000762939453,23.110000610351562,22.81999969482422,22.829999923706055,402757
2024-06-20 13:30:00,23.520000457763672,23.645000457763672,23.309999465942383,23.610000610351562,453882
2024-06-20 14:30:00,23.610000610351562,23.809999465942383,23.489999771118164,23.6200008392334,286815
2024-06-20 15:30:00,23.59000015258789,23.729999542236328,23.530000686645508,23.649999618530273,164577
2024-06-20 16:30:00,23.645000457763672,23.670000076293945,23.549999237060547,23.55500030517578,141171
2024-06-20 17:30:00,23.559999465942383,23.704999923706055,23.489999771118164,23.679000854492188,172826
2024-06-20 18:30:00,23.670000076293945,23.75,23.6200008392334,23.75,292486
2024-06-20 19:30:00,23.75,23.809999465942383,23.709999084472656,23.719999313354492,471185
2024-06-21 13:30:00,24.190000534057617,24.190000534057617,23.75,23.969999313354492,616556
2024-06-21 14:30:00,23.954999923706055,23.979999542236328,23.68000030517578,23.700000762939453,331066
2024-06-21 15:30:00,23.690000534057617,23.989999771118164,23.639999389648438,23.950000762939453,249924
2024-06-21 16:30:00,23.950000762939453,23.950000762939453,23.84000015258789,23.899999618530273,94903
2024-06-21 17:30:00,23.895000457763672,23.950000762939453,23.829999923706055,23.899999618530273,109427
2024-06-21 18:30:00,23.899999618530273,23.90999984741211,23.81999969482422,23.8700008392334,206519
2024-06-21 19:30:00,23.860000610351562,23.989999771118164,23.780000686645508,23.950000762939453,424951
2024-06-24 13:30:00,24.34000015258789,24.489999771118164,24.18000030517578,24.190000534057617,257662
2024-06-24 14:30:00,24.18000030517578,24.2549991607666,23.989999771118164,23.989999771118164,137377
2024-06-24 15:30:00,24.010000228881836,24.075000762939453,23.940000534057617,23.950599670410156,75044
2024-06-24 16:30:00,23.959999084472656,24.06999969482422,23.950000762939453,23.969999313354492,46862
2024-06-24 17:30:00,23.969999313354492,23.989999771118164,23.899999618530273,23.920000076293945,78809
2024-06-24 18:30:00,23.899999618530273,24.1299991607666,23.899999618530273,24.06999969482422,135218
2024-06-24 19:30:00,24.06999969482422,24.06999969482422,23.860000610351562,23.860000610351562,330797
2024-06-25 13:30:00,24.100000381469727,24.3799991607666,24.09000015258789,24.270000457763672,297975
2024-06-25 14:30:00,24.270000457763672,24.35099983215332,24.139999389648438,24.190000534057617,148558
2024-06-25 15:30:00,24.18000030517578,24.219999313354492,24.100000381469727,24.170000076293945,48648
2024-06-25 16:30:00,24.174999237060547,24.190000534057617,24.1299991607666,24.184999465942383,54632
2024-06-25 17:30:00,24.184999465942383,24.235000610351562,24.1200008392334,24.170000076293945,121950
2024-06-25 18:30:00,24.18000030517578,24.260000228881836,24.170000076293945,24.174999237060547,74344
2024-06-25 19:30:00,24.170000076293945,24.2450008392334,24.1299991607666,24.15999984741211,357028
2024-06-26 13:30:00,23.979999542236328,24.549999237060547,23.959999084472656,24.540000915527344,503513
2024-06-26 14:30:00,24.540000915527344,24.729999542236328,24.510000228881836,24.59000015258789,234963
2024-06-26 15:30:00,24.575000762939453,24.579999923706055,24.389999389648438,24.540000915527344,89079
2024-06-26 16:30:00,24.530000686645508,24.559999465942383,24.479999542236328,24.479999542236328,61845
2024-06-26 17:30:00,24.469999313354492,24.610000610351562,24.469999313354492,24.549999237060547,70835
2024-06-26 18:30:00,24.549999237060547,24.579999923706055,24.459999084472656,24.520000457763672,99884
2024-06-26 19:30:00,24.520000457763672,24.610000610351562,24.469999313354492,24.59000015258789,175502
2024-06-27 13:30:00,25.010000228881836,25.200000762939453,24.97369956970215,25.075000762939453,384469
2024-06-27 14:30:00,25.079999923706055,25.209999084472656,25.059999465942383,25.09000015258789,169292
2024-06-27 15:30:00,25.09000015258789,25.110000610351562,24.850000381469727,24.899999618530273,83708
2024-06-27 16:30:00,24.899999618530273,24.959999084472656,24.8799991607666,24.950000762939453,55257
2024-06-27 17:30:00,24.93000030517578,25.020000457763672,24.895000457763672,24.93000030517578,72838
2024-06-27 18:30:00,24.940000534057617,25.059999465942383,24.93199920654297,24.979999542236328,141715
2024-06-27 19:30:00,24.979999542236328,25.020000457763672,24.940000534057617,24.979999542236328,244569
2024-06-28 13:30:00,25.3799991607666,25.449899673461914,25.079999923706055,25.200000762939453,285416
2024-06-28 14:30:00,25.200000762939453,25.25,25.075000762939453,25.25,189424
2024-06-28 15:30:00,25.260000228881836,25.33989906311035,25.200000762939453,25.290000915527344,77326
2024-06-28 16:30:00,25.290000915527344,25.31999969482422,25.139999389648438,25.25,102723
2024-06-28 17:30:00,25.2450008392334,25.260000228881836,25.100000381469727,25.100000381469727,96462
2024-06-28 18:30:00,25.09000015258789,25.204999923706055,25.020000457763672,25.06999969482422,172008
2024-06-28 19:30:00,25.06999969482422,25.184999465942383,25.020000457763672,25.1200008392334,273403
2024-07-01 13:30:00,25.260000228881836,25.579999923706055,25.139999389648438,25.25,242167
2024-07-01 14:30:00,25.25,25.360000610351562,25.147499084472656,25.329999923706055,115288
2024-07-01 15:30:00,25.31999969482422,25.360000610351562,25.229999542236328,25.350000381469727,107561
2024-07-01 16:30:00,25.350000381469727,25.350000381469727,25.25,25.270000457763672,38753
2024-07-01 17:30:00,25.270000457763672,25.34000015258789,25.239999771118164,25.290000915527344,133748
2024-07-01 18:30:00,25.260000228881836,25.27989959716797,25.209999084472656,25.225000381469727,71751
2024-07-01 19:30:00,25.229000091552734,25.270000457763672,25.09000015258789,25.100000381469727,219001
2024-07-02 13:30:00,24.989999771118164,25.690000534057617,24.979999542236328,25.415000915527344,302879
2024-07-02 14:30:00,25.420000076293945,25.450000762939453,25.260000228881836,25.360000610351562,175488
2024-07-02 15:30:00,25.360000610351562,25.360000610351562,25.200000762939453,25.270099639892578,107000
2024-07-02 16:30:00,25.280000686645508,25.299999237060547,25.190799713134766,25.229999542236328,53691
2024-07-02 17:30:00,25.219999313354492,25.309999465942383,25.139999389648438,25.260000228881836,75440
2024-07-02 18:30:00,25.260000228881836,25.338899612426758,25.239999771118164,25.309999465942383,103329
2024-07-02 19:30:00,25.309999465942383,25.530000686645508,25.299999237060547,25.510000228881836,250782
2024-07-03 13:30:00,25.899999618530273,26.219999313354492,25.8700008392334,26.18000030517578,331322
2024-07-03 14:30:00,26.190000534057617,26.360000610351562,26.100000381469727,26.354999542236328,264665
2024-07-03 15:30:00,26.354999542236328,26.395000457763672,26.270000457763672,26.299999237060547,226152
2024-07-05 13:30:00,27.625,27.836200714111328,27.30430030822754,27.43000030517578,929166
2024-07-05 14:30:00,27.440000534057617,28.219999313354492,27.350000381469727,28.1299991607666,643884
2024-07-05 15:30:00,28.114999771118164,28.56999969482422,28.100000381469727,28.459999084472656,433308
2024-07-05 16:30:00,28.469999313354492,28.729999542236328,28.389999389648438,28.579999923706055,510922
2024-07-05 17:30:00,28.56999969482422,28.83799934387207,28.549999237060547,28.809900283813477,314664
2024-07-05 18:30:00,28.80500030517578,29.079999923706055,28.790000915527344,28.979999542236328,393636
2024-07-05 19:30:00,28.979999542236328,28.979999542236328,28.71500015258789,28.809999465942383,511779
2024-07-08 13:30:00,28.18000030517578,28.3700008392334,28.110000610351562,28.364999771118164,307952
2024-07-08 14:30:00,28.350000381469727,28.420000076293945,28.110000610351562,28.139999389648438,219187
2024-07-08 15:30:00,28.1299991607666,28.200000762939453,27.799999237060547,27.93000030517578,291557
2024-07-08 16:30:00,27.940000534057617,28.049999237060547,27.93000030517578,27.96500015258789,93195
2024-07-08 17:30:00,27.96500015258789,28.084999084472656,27.96500015258789,28.084999084472656,98329
2024-07-08 18:30:00,28.084999084472656,28.15999984741211,27.93000030517578,28.149999618530273,161868
2024-07-08 19:30:00,28.139999389648438,28.280000686645508,28.06999969482422,28.280000686645508,285050
2024-07-09 13:30:00,28.100000381469727,28.389999389648438,28.09000015258789,28.3700008392334,274361
2024-07-09 14:30:00,28.360000610351562,28.3799991607666,28.190000534057617,28.299999237060547,124014
2024-07-09 15:30:00,28.299999237060547,28.459999084472656,28.280000686645508,28.375,72603
2024-07-09 16:30:00,28.3799991607666,28.459999084472656,28.350000381469727,28.410999298095703,52736
2024-07-09 17:30:00,28.420000076293945,28.434999465942383,28.3700008392334,28.385000228881836,33693
2024-07-09 18:30:00,28.385000228881836,28.43000030517578,28.309999465942383,28.405000686645508,131955
2024-07-09 19:30:00,28.399999618530273,28.489999771118164,28.360000610351562,28.360000610351562,209722
2024-07-10 13:30:00,28.600000381469727,29.049999237060547,28.600000381469727,28.75,346569
2024-07-10 14:30:00,28.770000457763672,28.9950008392334,28.632299423217773,28.889999389648438,146024
2024-07-10 15:30:00,28.899999618530273,29.100000381469727,28.81999969482422,28.84000015258789,146194
2024-07-10 16:30:00,28.850000381469727,28.93000030517578,28.690000534057617,28.834999084472656,128200
2024-07-10 17:30:00,28.84000015258789,28.8700008392334,28.700000762939453,28.735000610351562,108679
2024-07-10 18:30:00,28.739999771118164,28.7898006439209,28.670000076293945,28.78499984741211,262005
2024-07-10 19:30:00,28.780000686645508,28.809999465942383,28.65999984741211,28.709999084472656,243401
2024-07-11 13:30:00,29.31999969482422,29.350000381469727,28.65999984741211,28.950000762939453,459756
2024-07-11 14:30:00,28.959999084472656,29.31999969482422,28.8700008392334,29.290000915527344,159442
2024-07-11 15:30:00,29.290000915527344,29.34000015258789,29.1200008392334,29.1299991607666,88049
2024-07-11 16:30:00,29.1200008392334,29.190000534057617,29.030000686645508,29.18000030517578,121929
2024-07-11 17:30:00,29.18000030517578,29.19499969482422,29.06999969482422,29.114999771118164,84725
2024-07-11 18:30:00,29.110000610351562,29.15999984741211,29.059999465942383,29.114999771118164,143103
2024-07-11 19:30:00,29.110000610351562,29.139999389648438,28.969999313354492,29.0,309684
2024-07-12 13:30:00,28.790000915527344,29.149999618530273,28.68000030517578,29.059999465942383,236657
2024-07-12 14:30:00,29.059999465942383,29.1200008392334,28.93000030517578,28.979999542236328,155726
2024-07-12 15:30:00,29.0,29.209999084472656,29.0,29.139999389648438,139853
2024-07-12 16:30:00,29.145000457763672,29.149999618530273,28.959999084472656,29.045000076293945,214398
2024-07-12 17:30:00,29.049999237060547,29.219999313354492,29.049999237060547,29.149999618530273,168864
2024-07-12 18:30:00,29.170000076293945,29.25,29.110000610351562,29.174999237060547,146030
2024-07-12 19:30:00,29.170000076293945,29.18000030517578,29.079999923706055,29.15999984741211,276855
2024-07-15 13:30:00,28.68000030517578,28.729999542236328,28.34000015258789,28.660999298095703,153215
2024-07-15 14:30:00,28.670000076293945,29.350000381469727,28.665000915527344,29.100000381469727,336035
2024-07-15 15:30:00,29.09000015258789,29.329999923706055,29.09000015258789,29.18000030517578,130914
2024-07-15 16:30:00,29.18000030517578,29.309999465942383,29.020000457763672,29.170000076293945,186380
2024-07-15 17:30:00,29.15999984741211,29.229999542236328,29.079999923706055,29.190000534057617,124514
2024-07-15 18:30:00,29.190000534057617,29.299999237060547,29.170000076293945,29.25,165184
2024-07-15 19:30:00,29.2549991607666,29.2549991607666,28.959999084472656,28.959999084472656,235177
2024-07-16 13:30:00,29.3700008392334,29.489999771118164,28.90999984741211,29.31999969482422,389107
2024-07-16 14:30:00,29.309999465942383,29.790000915527344,29.28499984741211,29.780000686645508,292510
2024-07-16 15:30:00,29.790000915527344,29.81999969482422,29.610000610351562,29.684999465942383,149653
2024-07-16 16:30:00,29.690000534057617,29.739999771118164,29.530000686645508,29.690000534057617,96136
2024-07-16 17:30:00,29.68000030517578,29.75,29.592100143432617,29.725000381469727,170987
2024-07-16 18:30:00,29.725000381469727,29.75,29.519899368286133,29.579999923706055,175257
2024-07-16 19:30:00,29.59000015258789,29.81999969482422,29.56999969482422,29.81999969482422,329856
2024-07-17 13:30:00,29.979999542236328,30.09000015258789,29.40999984741211,29.420000076293945,488883
2024-07-17 14:30:00,29.420000076293945,29.479999542236328,29.110000610351562,29.260000228881836,209044
2024-07-17 15:30:00,29.239999771118164,29.260000228881836,28.93000030517578,28.950000762939453,90660
2024-07-17 16:30:00,28.959999084472656,28.969999313354492,28.825000762939453,28.875,99477
2024-07-17 17:30:00,28.8799991607666,28.90999984741211,28.760000228881836,28.8700008392334,84791
2024-07-17 18:30:00,28.860000610351562,29.020000457763672,28.860000610351562,28.959999084472656,119319
2024-07-17 19:30:00,28.96500015258789,29.049999237060547,28.920000076293945,28.940000534057617,229982
2024-07-18 13:30:00,29.100000381469727,29.15999984741211,28.850000381469727,28.989999771118164,287608
2024-07-18 14:30:00,28.979999542236328,28.989999771118164,28.5935001373291,28.700000762939453,187951
2024-07-18 15:30:00,28.65999984741211,28.8799991607666,28.540000915527344,28.579999923706055,93850
2024-07-18 16:30:00,28.56999969482422,28.729999542236328,28.549999237060547,28.649999618530273,68901
2024-07-18 17:30:00,28.645000457763672,28.739999771118164,28.59000015258789,28.670000076293945,95621
2024-07-18 18:30:00,28.670000076293945,28.729999542236328,28.510000228881836,28.579999923706055,140785
2024-07-18 19:30:00,28.579999923706055,28.674999237060547,28.5,28.6299991607666,200804
2024-07-19 13:30:00,27.739999771118164,28.290000915527344,27.670000076293945,28.09000015258789,225802
2024-07-19 14:30:00,28.059999465942383,28.299999237060547,28.059999465942383,28.149999618530273,113243
2024-07-19 15:30:00,28.1200008392334,28.420000076293945,28.110000610351562,28.329999923706055,56618
2024-07-19 16:30:00,28.329999923706055,28.3799991607666,28.170000076293945,28.170000076293945,26806
2024-07-19 17:30:00,28.149999618530273,28.280000686645508,28.1200008392334,28.1299991607666,46221
2024-07-19 18:30:00,28.1299991607666,28.34000015258789,28.100000381469727,28.15999984741211,116345
2024-07-19 19:30:00,28.15999984741211,28.2549991607666,28.098100662231445,28.15999984741211,180929
2024-07-22 13:30:00,27.700000762939453,28.06999969482422,27.700000762939453,27.709999084472656,383775
2024-07-22 14:30:00,27.700000762939453,27.959999084472656,27.549999237060547,27.940000534057617,117391
2024-07-22 15:30:00,27.93000030517578,28.149999618530273,27.920000076293945,28.010099411010742,66373
2024-07-22 16:30:00,27.989999771118164,28.139999389648438,27.979999542236328,28.100000381469727,48218
2024-07-22 17:30:00,28.075000762939453,28.170000076293945,28.049999237060547,28.1299991607666,56397
2024-07-22 18:30:00,28.1299991607666,28.239999771118164,28.1299991607666,28.21500015258789,47695
2024-07-22 19:30:00,28.21500015258789,28.325000762939453,28.149999618530273,28.170000076293945,157829
2024-07-23 13:30:00,28.1200008392334,28.1200008392334,27.90999984741211,28.0,119047
2024-07-23 14:30:00,28.010000228881836,28.100000381469727,27.84000015258789,27.940000534057617,53120
2024-07-23 15:30:00,27.94499969482422,28.190000534057617,27.93790054321289,28.190000534057617,36084
2024-07-23 16:30:00,28.190000534057617,28.280000686645508,28.110000610351562,28.15999984741211,32224
2024-07-23 17:30:00,28.149999618530273,28.15999984741211,28.040000915527344,28.049999237060547,54219
2024-07-23 18:30:00,28.040000915527344,28.040000915527344,27.829999923706055,27.979999542236328,173287
2024-07-23 19:30:00,27.940000534057617,28.079999923706055,27.920000076293945,28.059999465942383,120710
2024-07-24 13:30:00,28.06999969482422,28.290000915527344,27.91010093688965,28.209999084472656,123654
2024-07-24 14:30:00,28.170000076293945,28.5,28.170000076293945,28.459999084472656,95988
2024-07-24 15:30:00,28.489999771118164,28.513099670410156,28.25,28.360000610351562,44142
2024-07-24 16:30:00,28.360000610351562,28.420000076293945,28.14299964904785,28.149999618530273,41653
2024-07-24 17:30:00,28.139999389648438,28.15999984741211,27.799999237060547,27.874000549316406,55536
2024-07-24 18:30:00,27.850000381469727,27.889999389648438,27.739999771118164,27.760000228881836,80785
2024-07-24 19:30:00,27.75,27.825000762939453,27.639999389648438,27.68000030517578,140847
2024-07-25 13:30:00,26.81999969482422,26.940000534057617,26.479999542236328,26.920000076293945,271535
2024-07-25 14:30:00,26.920000076293945,27.200000762939453,26.799999237060547,27.040000915527344,146113
2024-07-25 15:30:00,27.049999237060547,27.170000076293945,26.989999771118164,27.09000015258789,66809
2024-07-25 16:30:00,27.075000762939453,27.1299991607666,26.985599517822266,27.059999465942383,49612
2024-07-25 17:30:00,27.059999465942383,27.18000030517578,27.0049991607666,27.100000381469727,46556
2024-07-25 18:30:00,27.100000381469727,27.18000030517578,26.950000762939453,27.18000030517578,83434
2024-07-25 19:30:00,27.18000030517578,27.229999542236328,27.100000381469727,27.1200008392334,132231
2024-07-26 13:30:00,27.40999984741211,27.520000457763672,27.1200008392334,27.315000534057617,163497
2024-07-26 14:30:00,27.299999237060547,27.450000762939453,27.149999618530273,27.420000076293945,87241
2024-07-26 15:30:00,27.389999389648438,27.520000457763672,27.34000015258789,27.40999984741211,61791
2024-07-26 16:30:00,27.399999618530273,27.399999618530273,27.299999237060547,27.299999237060547,36383
2024-07-26 17:30:00,27.30500030517578,27.510000228881836,27.219999313354492,27.3700008392334,67966
2024-07-26 18:30:00,27.375,27.3799991607666,27.200000762939453,27.260000228881836,48564
2024-07-26 19:30:00,27.260000228881836,27.270000457763672,27.06999969482422,27.09000015258789,176924
2024-07-29 13:30:00,27.270000457763672,27.459999084472656,27.170000076293945,27.219999313354492,123460
2024-07-29 14:30:00,27.209999084472656,27.239999771118164,26.950000762939453,27.020000457763672,106177
2024-07-29 15:30:00,27.020000457763672,27.050100326538086,26.950000762939453,26.979999542236328,64358
2024-07-29 16:30:00,26.979999542236328,27.06999969482422,26.93000030517578,26.93000030517578,66600
2024-07-29 17:30:00,26.920000076293945,27.020000457763672,26.90999984741211,26.96500015258789,57448
2024-07-29 18:30:00,26.96500015258789,27.110000610351562,26.934999465942383,27.09000015258789,67798
2024-07-29 19:30:00,27.094999313354492,27.15999984741211,27.049999237060547,27.100000381469727,295256
2024-07-30 13:30:00,27.350000381469727,27.479999542236328,27.149999618530273,27.170000076293945,100569
2024-07-30 14:30:00,27.174999237060547,27.239999771118164,26.920000076293945,26.940000534057617,159014
2024-07-30 15:30:00,26.950000762939453,27.131500244140625,26.950000762939453,27.1200008392334,49242
2024-07-30 16:30:00,27.1200008392334,27.31999969482422,27.094999313354492,27.190000534057617,55246
2024-07-30 17:30:00,27.193300247192383,27.27899932861328,27.174999237060547,27.209999084472656,57150
2024-07-30 18:30:00,27.209999084472656,27.315000534057617,27.190000534057617,27.309999465942383,62546
2024-07-30 19:30:00,27.309999465942383,27.34000015258789,27.25,27.290000915527344,126696
2024-07-31 13:30:00,28.979999542236328,28.986000061035156,28.43000030517578,28.485000610351562,611134
2024-07-31 14:30:00,28.469999313354492,28.700000762939453,28.06999969482422,28.06999969482422,207565
2024-07-31 15:30:00,28.09000015258789,28.170000076293945,27.889999389648438,27.93000030517578,186273
2024-07-31 16:30:00,27.940000534057617,27.940000534057617,27.700000762939453,27.75,149060
2024-07-31 17:30:00,27.729999542236328,27.75,27.43000030517578,27.6200008392334,153316
2024-07-31 18:30:00,27.610000610351562,27.959999084472656,27.540000915527344,27.8799991607666,257978
2024-07-31 19:30:00,27.860000610351562,28.139999389648438,27.829999923706055,28.059999465942383,296728
2024-08-01 13:30:00,28.360000610351562,28.59000015258789,27.90999984741211,27.93000030517578,276765
2024-08-01 14:30:00,27.920000076293945,28.040000915527344,27.84000015258789,27.954999923706055,186967
2024-08-01 15:30:00,27.940000534057617,28.1299991607666,27.8799991607666,28.010000228881836,126604
2024-08-01 16:30:00,28.010000228881836,28.06999969482422,27.770000457763672,27.780000686645508,89291
2024-08-01 17:30:00,27.780000686645508,27.84000015258789,27.639999389648438,27.65999984741211,63820
2024-08-01 18:30:00,27.65999984741211,27.799999237060547,27.60099983215332,27.790000915527344,95422
2024-08-01 19:30:00,27.799999237060547,27.8700008392334,27.735000610351562,27.739999771118164,193089
2024-08-02 13:30:00,28.489999771118164,28.649999618530273,27.700000762939453,27.709999084472656,461929
2024-08-02 14:30:00,27.729999542236328,27.760000228881836,27.229999542236328,27.360000610351562,231193
2024-08-02 15:30:00,27.360000610351562,27.43000030517578,27.209999084472656,27.315000534057617,71318
2024-08-02 16:30:00,27.31999969482422,27.3700008392334,27.131999969482422,27.200000762939453,62851
2024-08-02 17:30:00,27.170000076293945,27.40999984741211,27.1299991607666,27.399999618530273,89956
2024-08-02 18:30:00,27.40999984741211,27.420000076293945,27.040000915527344,27.139999389648438,157287
2024-08-02 19:30:00,27.149999618530273,27.43000030517578,27.149999618530273,27.420000076293945,285813
2024-08-05 13:30:00,25.575000762939453,26.280000686645508,25.049999237060547,26.0,639865
2024-08-05 14:30:00,26.010000228881836,26.739999771118164,25.969999313354492,26.565000534057617,225152
2024-08-05 15:30:00,26.559999465942383,26.739999771118164,26.399999618530273,26.59000015258789,98885
2024-08-05 16:30:00,26.579999923706055,26.670000076293945,26.420000076293945,26.600000381469727,85928
2024-08-05 17:30:00,26.600000381469727,26.6200008392334,26.459999084472656,26.579999923706055,64191
2024-08-05 18:30:00,26.56999969482422,26.670000076293945,26.469999313354492,26.559999465942383,123949
2024-08-05 19:30:00,26.579999923706055,26.790000915527344,26.540000915527344,26.6299991607666,215287
2024-08-06 13:30:00,27.510000228881836,28.170000076293945,27.360000610351562,28.030000686645508,343957
2024-08-06 14:30:00,28.020000457763672,28.104999542236328,27.639999389648438,27.690000534057617,184974
2024-08-06 15:30:00,27.700000762939453,27.809999465942383,27.610000610351562,27.719999313354492,90741
2024-08-06 16:30:00,27.729999542236328,27.940000534057617,27.690000534057617,27.940000534057617,94020
2024-08-06 17:30:00,27.959999084472656,28.18000030517578,27.940000534057617,28.15999984741211,95514
2024-08-06 18:30:00,28.15999984741211,28.200000762939453,27.889999389648438,27.959999084472656,96584
2024-08-06 19:30:00,27.969999313354492,28.040000915527344,27.860000610351562,27.860000610351562,300972
2024-08-07 13:30:00,28.18000030517578,28.239999771118164,27.5,27.8700008392334,236895
2024-08-07 14:30:00,27.850000381469727,28.020000457763672,27.719999313354492,27.729999542236328,302101
2024-08-07 15:30:00,27.719999313354492,27.825000762939453,27.530000686645508,27.760000228881836,125419
2024-08-07 16:30:00,27.760000228881836,27.81999969482422,27.510000228881836,27.520000457763672,115247
2024-08-07 17:30:00,27.520000457763672,27.6200008392334,27.094200134277344,27.3799991607666,126426
2024-08-07 18:30:00,27.354999542236328,27.610000610351562,27.18000030517578,27.530000686645508,177346
2024-08-07 19:30:00,27.520000457763672,27.844999313354492,27.489999771118164,27.690000534057617,227945
2024-08-08 13:30:00,27.8799991607666,28.479999542236328,27.809999465942383,28.479999542236328,693607
2024-08-08 14:30:00,28.475000381469727,29.040000915527344,28.3700008392334,28.959999084472656,648074
2024-08-08 15:30:00,28.959999084472656,29.530000686645508,28.899999618530273,29.469999313354492,269260
2024-08-08 16:30:00,29.450000762939453,29.450000762939453,29.020000457763672,29.110000610351562,137897
2024-08-08 17:30:00,29.1200008392334,29.579999923706055,29.059999465942383,29.549999237060547,402075
2024-08-08 18:30:00,29.559999465942383,29.8799991607666,29.549999237060547,29.81999969482422,407481
2024-08-08 19:30:00,29.815000534057617,29.86989974975586,29.670000076293945,29.739999771118164,618700
2024-08-09 13:30:00,30.1299991607666,30.190000534057617,29.290000915527344,29.729999542236328,371442
2024-08-09 14:30:00,29.719999313354492,29.780000686645508,29.459999084472656,29.559999465942383,145397
2024-08-09 15:30:00,29.549999237060547,29.75,29.46500015258789,29.520000457763672,138114
2024-08-09 16:30:00,29.520000457763672,29.809999465942383,29.510000228881836,29.739999771118164,115671
2024-08-09 17:30:00,29.75,29.780000686645508,29.639999389648438,29.739999771118164,138244
2024-08-09 18:30:00,29.735000610351562,29.829999923706055,29.649999618530273,29.649999618530273,194719
2024-08-09 19:30:00,29.639999389648438,29.809999465942383,29.6299991607666,29.799999237060547,277539
2024-08-12 13:30:00,29.690000534057617,29.959999084472656,29.315000534057617,29.33300018310547,368105
2024-08-12 14:30:00,29.34000015258789,29.559999465942383,29.299999237060547,29.481000900268555,176717
2024-08-12 15:30:00,29.479999542236328,29.989999771118164,29.420000076293945,29.889999389648438,183344
2024-08-12 16:30:00,29.899999618530273,29.959999084472656,29.726900100708008,29.850000381469727,148019
2024-08-12 17:30:00,29.860000610351562,29.979999542236328,29.84000015258789,29.899999618530273,230719
2024-08-12 18:30:00,29.889999389648438,30.040000915527344,29.809999465942383,29.950000762939453,171869
2024-08-12 19:30:00,29.950000762939453,29.969999313354492,29.625,29.639999389648438,247292
2024-08-13 13:30:00,29.260000228881836,30.3799991607666,29.260000228881836,30.283100128173828,699466
2024-08-13 14:30:00,30.299999237060547,30.760000228881836,30.149999618530273,30.700000762939453,522375
2024-08-13 15:30:00,30.68000030517578,31.0,30.579999923706055,30.799999237060547,259068
2024-08-13 16:30:00,30.81999969482422,31.350000381469727,30.809999465942383,31.080699920654297,298076
2024-08-13 17:30:00,31.0802001953125,31.280000686645508,30.969999313354492,31.15999984741211,171423
2024-08-13 18:30:00,31.150299072265625,31.260000228881836,30.969999313354492,31.020000457763672,468715
2024-08-13 19:30:00,31.020000457763672,31.020000457763672,30.7549991607666,30.760000228881836,387178
2024-08-14 13:30:00,30.329999923706055,30.81999969482422,30.239999771118164,30.75,476003
2024-08-14 14:30:00,30.739999771118164,30.8799991607666,30.489999771118164,30.684999465942383,332993
2024-08-14 15:30:00,30.700000762939453,30.760000228881836,30.540000915527344,30.540000915527344,215979
2024-08-14 16:30:00,30.540000915527344,30.81999969482422,30.489999771118164,30.790000915527344,213095
2024-08-14 17:30:00,30.81999969482422,30.8700008392334,30.75,30.8700008392334,101458
2024-08-14 18:30:00,30.8799991607666,30.979999542236328,30.700000762939453,30.75,463225
2024-08-14 19:30:00,30.75,30.90999984741211,30.65999984741211,30.899999618530273,465937
2024-08-15 13:30:00,31.030000686645508,31.059999465942383,30.5,30.780000686645508,687508
2024-08-15 14:30:00,30.770000457763672,30.799999237060547,30.549999237060547,30.594999313354492,156542
2024-08-15 15:30:00,30.601999282836914,30.729999542236328,30.559999465942383,30.610000610351562,80913
2024-08-15 16:30:00,30.604999542236328,30.690000534057617,30.540000915527344,30.6299991607666,56800
2024-08-15 17:30:00,30.6299991607666,30.65999984741211,30.540000915527344,30.600000381469727,105056
2024-08-15 18:30:00,30.610000610351562,30.670000076293945,30.489999771118164,30.510000228881836,170246
2024-08-15 19:30:00,30.489999771118164,30.520000457763672,30.34000015258789,30.420000076293945,415136
2024-08-16 13:30:00,30.739999771118164,31.299999237060547,30.739999771118164,30.93000030517578,681392
2024-08-16 14:30:00,30.90999984741211,31.190000534057617,30.860000610351562,31.075000762939453,321968
2024-08-16 15:30:00,31.06999969482422,31.299999237060547,31.010000228881836,31.239999771118164,155897
2024-08-16 16:30:00,31.229999542236328,31.299999237060547,31.15999984741211,31.219999313354492,152235
2024-08-16 17:30:00,31.225000381469727,31.270000457763672,31.139999389648438,31.269899368286133,143006
2024-08-16 18:30:00,31.270000457763672,31.649999618530273,31.270000457763672,31.6200008392334,219177
2024-08-16 19:30:00,31.610000610351562,31.610000610351562,31.389999389648438,31.46500015258789,361196
2024-08-19 13:30:00,30.81999969482422,31.318300247192383,30.770000457763672,31.139999389648438,352451
2024-08-19 14:30:00,31.149999618530273,31.440000534057617,31.1200008392334,31.389999389648438,91172
2024-08-19 15:30:00,31.389999389648438,31.489999771118164,31.299999237060547,31.489999771118164,59530
2024-08-19 16:30:00,31.489900588989258,31.56999969482422,31.399999618530273,31.559999465942383,141869
2024-08-19 17:30:00,31.579999923706055,31.68000030517578,31.540000915527344,31.545000076293945,70032
2024-08-19 18:30:00,31.549999237060547,31.589000701904297,31.40999984741211,31.40999984741211,88788
2024-08-19 19:30:00,31.399999618530273,31.549999237060547,31.375,31.549999237060547,270403
2024-08-20 13:30:00,32.0,32.34000015258789,31.93000030517578,32.02000045776367,428649
2024-08-20 14:30:00,32.02000045776367,32.09000015258789,31.68000030517578,31.860000610351562,195545
2024-08-20 15:30:00,31.829999923706055,32.0099983215332,31.719999313354492,31.950000762939453,89549
2024-08-20 16:30:00,31.93000030517578,32.04999923706055,31.8700008392334,32.0,126406
2024-08-20 17:30:00,32.0,32.090999603271484,31.90999984741211,32.06999969482422,55848
2024-08-20 18:30:00,32.06999969482422,32.18989944458008,32.06999969482422,32.14899826049805,95995
2024-08-20 19:30:00,32.13999938964844,32.22999954223633,31.979999542236328,32.11000061035156,239500
2024-08-21 13:30:00,31.920000076293945,32.16999816894531,31.75,32.0099983215332,994359
2024-08-21 14:30:00,32.025001525878906,32.27000045776367,31.8799991607666,32.23979949951172,201213
2024-08-21 15:30:00,32.23899841308594,32.400001525878906,32.16999816894531,32.369998931884766,98424
2024-08-21 16:30:00,32.36000061035156,32.41999816894531,32.290000915527344,32.36000061035156,60892
2024-08-21 17:30:00,32.39910125732422,32.56999969482422,32.369998931884766,32.51900100708008,72729
2024-08-21 18:30:00,32.52000045776367,32.560001373291016,32.310001373291016,32.400001525878906,110027
2024-08-21 19:30:00,32.400001525878906,32.5,32.33000183105469,32.34000015258789,246534
2024-08-22 13:30:00,31.290000915527344,31.40999984741211,30.690000534057617,30.7450008392334,711230
2024-08-22 14:30:00,30.739999771118164,31.010000228881836,30.670000076293945,30.90999984741211,335231
2024-08-22 15:30:00,30.899999618530273,31.0,30.860000610351562,30.864999771118164,83201
2024-08-22 16:30:00,30.8700008392334,30.920000076293945,30.780000686645508,30.860000610351562,115599
2024-08-22 17:30:00,30.854999542236328,30.940000534057617,30.790000915527344,30.90999984741211,110472
2024-08-22 18:30:00,30.90999984741211,30.920000076293945,30.760000228881836,30.84000015258789,182745
2024-08-22 19:30:00,30.850000381469727,31.0,30.799999237060547,30.809999465942383,447326
2024-08-23 13:30:00,31.100000381469727,31.3700008392334,30.639999389648438,31.06999969482422,438955
2024-08-23 14:30:00,31.079999923706055,31.25,30.940000534057617,31.204999923706055,219591
2024-08-23 15:30:00,31.200000762939453,31.239999771118164,30.950000762939453,31.030000686645508,132021
2024-08-23 16:30:00,31.030000686645508,31.1200008392334,30.899999618530273,31.020000457763672,68212
2024-08-23 17:30:00,31.010000228881836,31.100000381469727,30.989999771118164,31.06999969482422,60512
2024-08-23 18:30:00,31.065000534057617,31.110000610351562,31.010000228881836,31.110000610351562,88521
2024-08-23 19:30:00,31.110000610351562,31.229999542236328,30.979999542236328,31.170000076293945,233578
2024-08-26 13:30:00,31.399999618530273,31.469999313354492,31.1200008392334,31.31999969482422,198745
2024-08-26 14:30:00,31.34000015258789,31.440000534057617,31.219999313354492,31.225000381469727,109793
2024-08-26 15:30:00,31.225000381469727,31.360000610351562,31.209999084472656,31.350000381469727,49875
2024-08-26 16:30:00,31.34000015258789,31.450000762939453,31.34000015258789,31.389999389648438,63737
2024-08-26 17:30:00,31.389999389648438,31.389999389648438,31.290000915527344,31.309999465942383,40528
2024-08-26 18:30:00,31.315000534057617,31.389999389648438,31.2549991607666,31.31999969482422,55766
2024-08-26 19:30:00,31.319000244140625,31.329999923706055,31.200000762939453,31.280000686645508,176097
2024-08-27 13:30:00,30.459999084472656,30.6299991607666,30.271299362182617,30.600000381469727,285300
2024-08-27 14:30:00,30.6200008392334,30.75,30.59000015258789,30.649999618530273,112110
2024-08-27 15:30:00,30.6200008392334,30.639999389648438,30.440099716186523,30.5,66128
2024-08-27 16:30:00,30.5,30.5,30.399900436401367,30.450000762939453,66822
2024-08-27 17:30:00,30.450000762939453,30.520000457763672,30.434999465942383,30.489999771118164,57531
2024-08-27 18:30:00,30.5,30.579999923706055,30.459999084472656,30.549999237060547,79702
2024-08-27 19:30:00,30.540000915527344,30.709999084472656,30.53499984741211,30.68000030517578,244177
2024-08-28 13:30:00,29.549999237060547,29.899999618530273,29.440000534057617,29.510000228881836,679000
2024-08-28 14:30:00,29.489999771118164,29.8799991607666,29.420000076293945,29.850000381469727,247175
2024-08-28 15:30:00,29.850000381469727,29.8799991607666,29.639999389648438,29.690000534057617,101184
2024-08-28 16:30:00,29.684999465942383,29.809999465942383,29.65999984741211,29.770000457763672,72443
2024-08-28 17:30:00,29.770000457763672,29.815000534057617,29.719999313354492,29.770000457763672,77819
2024-08-28 18:30:00,29.770000457763672,29.8799991607666,29.739999771118164,29.854999542236328,78776
2024-08-28 19:30:00,29.854999542236328,29.975000381469727,29.780000686645508,29.959999084472656,252965
2024-08-29 13:30:00,30.325000762939453,30.600000381469727,30.1299991607666,30.540000915527344,235030
2024-08-29 14:30:00,30.510000228881836,30.700000762939453,30.43000030517578,30.43000030517578,86376
2024-08-29 15:30:00,30.43000030517578,30.4950008392334,30.309999465942383,30.479999542236328,43907
2024-08-29 16:30:00,30.479999542236328,30.594999313354492,30.43000030517578,30.56999969482422,38342
2024-08-29 17:30:00,30.579999923706055,30.610000610351562,30.510000228881836,30.520000457763672,62625
2024-08-29 18:30:00,30.510000228881836,30.530000686645508,30.399999618530273,30.459999084472656,68254
2024-08-29 19:30:00,30.459999084472656,30.530000686645508,30.3799991607666,30.520000457763672,157922
2024-08-30 13:30:00,29.979999542236328,30.15999984741211,29.739999771118164,29.769699096679688,134170
2024-08-30 14:30:00,29.78499984741211,29.924999237060547,29.610000610351562,29.658000946044922,85585
2024-08-30 15:30:00,29.649999618530273,29.709999084472656,29.549999237060547,29.565000534057617,55726
2024-08-30 16:30:00,29.549999237060547,29.579999923706055,29.479999542236328,29.530500411987305,43220
2024-08-30 17:30:00,29.530000686645508,29.719900131225586,29.530000686645508,29.670000076293945,44262
2024-08-30 18:30:00,29.670000076293945,29.75,29.579999923706055,29.65999984741211,102438
2024-08-30 19:30:00,29.670000076293945,29.719999313354492,29.59000015258789,29.65999984741211,210445
2024-09-03 13:30:00,28.979999542236328,29.059999465942383,28.310300827026367,28.549999237060547,303270
2024-09-03 14:30:00,28.55500030517578,28.770000457763672,28.5,28.715499877929688,122207
2024-09-03 15:30:00,28.709999084472656,28.799999237060547,28.649999618530273,28.649999618530273,80094
2024-09-03 16:30:00,28.65999984741211,28.75,28.630699157714844,28.75,63053
2024-09-03 17:30:00,28.75,28.780000686645508,28.6299991607666,28.65999984741211,133482
2024-09-03 18:30:00,28.670000076293945,28.809999465942383,28.662399291992188,28.799999237060547,100294
2024-09-03 19:30:00,28.809999465942383,28.81999969482422,28.690000534057617,28.81999969482422,296956
2024-09-04 13:30:00,28.5,28.899999618530273,28.43000030517578,28.600000381469727,184412
2024-09-04 14:30:00,28.600000381469727,28.860000610351562,28.520000457763672,28.55500030517578,183581
2024-09-04 15:30:00,28.549999237060547,28.68000030517578,28.510000228881836,28.600000381469727,124251
2024-09-04 16:30:00,28.600000381469727,28.700000762939453,28.479999542236328,28.489999771118164,111531
2024-09-04 17:30:00,28.489999771118164,28.56999969482422,28.4468994140625,28.53499984741211,130318
2024-09-04 18:30:00,28.540000915527344,28.6299991607666,28.5,28.540000915527344,103705
2024-09-04 19:30:00,28.530000686645508,28.549999237060547,28.40999984741211,28.530000686645508,296067
2024-09-05 13:30:00,29.06999969482422,29.334999084472656,28.920000076293945,29.229999542236328,272592
2024-09-05 14:30:00,29.239999771118164,29.33989906311035,28.940000534057617,28.940000534057617,161405
2024-09-05 15:30:00,28.93000030517578,29.270000457763672,28.90999984741211,29.232500076293945,104891
2024-09-05 16:30:00,29.235000610351562,29.235000610351562,29.049999237060547,29.059999465942383,82405
2024-09-05 17:30:00,29.045000076293945,29.18000030517578,29.040000915527344,29.1200008392334,99076
2024-09-05 18:30:00,29.1200008392334,29.19499969482422,29.0,29.029399871826172,136728
2024-09-05 19:30:00,29.024999618530273,29.100000381469727,28.8700008392334,28.889999389648438,216522
2024-09-06 13:30:00,29.25,29.399999618530273,28.750099182128906,28.760000228881836,213439
2024-09-06 14:30:00,28.75,28.93000030517578,28.600000381469727,28.790000915527344,167353
2024-09-06 15:30:00,28.799999237060547,28.809999465942383,28.354999542236328,28.389999389648438,107825
2024-09-06 16:30:00,28.389999389648438,28.600000381469727,28.30500030517578,28.559999465942383,80527
2024-09-06 17:30:00,28.549999237060547,28.639999389648438,28.510000228881836,28.59000015258789,77978
2024-09-06 18:30:00,28.594999313354492,28.635000228881836,28.459999084472656,28.5,188255
2024-09-06 19:30:00,28.489999771118164,28.649999618530273,28.469999313354492,28.530000686645508,241544
2024-09-09 13:30:00,29.0,29.027999877929688,28.510000228881836,28.530000686645508,158808
2024-09-09 14:30:00,28.520000457763672,28.600000381469727,28.43000030517578,28.46500015258789,85763
2024-09-09 15:30:00,28.479999542236328,28.700000762939453,28.469999313354492,28.649999618530273,44824
2024-09-09 16:30:00,28.649999618530273,28.709999084472656,28.600000381469727,28.709999084472656,142680
2024-09-09 17:30:00,28.709999084472656,28.790000915527344,28.649999618530273,28.69499969482422,84706
2024-09-09 18:30:00,28.69499969482422,28.84000015258789,28.68000030517578,28.75,101045
2024-09-09 19:30:00,28.739999771118164,28.799999237060547,28.639999389648438,28.770000457763672,308760
2024-09-10 13:30:00,27.18000030517578,27.209999084472656,26.75,26.770000457763672,1418856
2024-09-10 14:30:00,26.760000228881836,26.829999923706055,26.43000030517578,26.440000534057617,836686
2024-09-10 15:30:00,26.43000030517578,27.079999923706055,26.43000030517578,27.079999923706055,458595
2024-09-10 16:30:00,27.079999923706055,27.1200008392334,26.9822998046875,27.03499984741211,193469
2024-09-10 17:30:00,27.040000915527344,27.104999542236328,26.989999771118164,27.010000228881836,278253
2024-09-10 18:30:00,27.010000228881836,27.290000915527344,27.0049991607666,27.2450008392334,277498
2024-09-10 19:30:00,27.2450008392334,27.450000762939453,27.219999313354492,27.450000762939453,560591
2024-09-11 13:30:00,26.760000228881836,27.0049991607666,26.68000030517578,26.75,570578
2024-09-11 14:30:00,26.729999542236328,26.989999771118164,26.649999618530273,26.90999984741211,458024
2024-09-11 15:30:00,26.920000076293945,26.985000610351562,26.75,26.780000686645508,171373
2024-09-11 16:30:00,26.790000915527344,26.959999084472656,26.780000686645508,26.860000610351562,150915
2024-09-11 17:30:00,26.860000610351562,27.149999618530273,26.850000381469727,27.010000228881836,123805
2024-09-11 18:30:00,27.0049991607666,27.34000015258789,27.0,27.34000015258789,202115
2024-09-11 19:30:00,27.350000381469727,27.420000076293945,27.225000381469727,27.3700008392334,426629
2024-09-12 13:30:00,27.06999969482422,27.93000030517578,27.049999237060547,27.93000030517578,1711638
2024-09-12 14:30:00,27.940000534057617,28.110000610351562,27.719999313354492,27.920000076293945,436026
2024-09-12 15:30:00,27.889999389648438,28.06999969482422,27.760000228881836,27.8799991607666,271341
2024-09-12 16:30:00,27.850000381469727,28.020000457763672,27.83009910583496,28.0,121574
2024-09-12 17:30:00,28.010000228881836,28.149999618530273,27.989999771118164,28.100000381469727,173467
2024-09-12 18:30:00,28.110000610351562,28.110000610351562,27.8799991607666,28.024999618530273,208349
2024-09-12 19:30:00,28.020000457763672,28.079999923706055,27.93000030517578,27.959999084472656,344095
2024-09-13 13:30:00,28.559999465942383,28.65999984741211,28.0,28.040000915527344,1009895
2024-09-13 14:30:00,28.040000915527344,28.389999389648438,28.010000228881836,28.200000762939453,350502
2024-09-13 15:30:00,28.200000762939453,28.389999389648438,28.190000534057617,28.350000381469727,227603
2024-09-13 16:30:00,28.34000015258789,28.450000762939453,28.299999237060547,28.43000030517578,233692
2024-09-13 17:30:00,28.43000030517578,28.469999313354492,28.290000915527344,28.388999938964844,212871
2024-09-13 18:30:00,28.3799991607666,28.40999984741211,28.290000915527344,28.360000610351562,255008
2024-09-13 19:30:00,28.354999542236328,28.59000015258789,28.31999969482422,28.56999969482422,576586
2024-09-16 13:30:00,28.3700008392334,28.579999923706055,28.110000610351562,28.15999984741211,459306
2024-09-16 14:30:00,28.174999237060547,28.18000030517578,27.950000762939453,27.968000411987305,95877
2024-09-16 15:30:00,27.959999084472656,28.18000030517578,27.8799991607666,28.18000030517578,124314
2024-09-16 16:30:00,28.18000030517578,28.18000030517578,28.059999465942383,28.06999969482422,89130
2024-09-16 17:30:00,28.06999969482422,28.469999313354492,28.05500030517578,28.260000228881836,216702
2024-09-16 18:30:00,28.2549991607666,28.360000610351562,28.200000762939453,28.350000381469727,140266
2024-09-16 19:30:00,28.360000610351562,28.44499969482422,28.299999237060547,28.3700008392334,373375
2024-09-17 13:30:00,28.100000381469727,28.25,27.81999969482422,28.19499969482422,533009
2024-09-17 14:30:00,28.209999084472656,28.209999084472656,27.780000686645508,27.780000686645508,365925
2024-09-17 15:30:00,27.760000228881836,27.88990020751953,27.68000030517578,27.75,268604
2024-09-17 16:30:00,27.739999771118164,27.739999771118164,27.614999771118164,27.625,113399
2024-09-17 17:30:00,27.6200008392334,27.690000534057617,27.58009910583496,27.639999389648438,131473
2024-09-17 18:30:00,27.639999389648438,27.649999618530273,27.489999771118164,27.559999465942383,210788
2024-09-17 19:30:00,27.559999465942383,27.649999618530273,27.540000915527344,27.639999389648438,355238
2024-09-18 13:30:00,27.709999084472656,27.7450008392334,27.31999969482422,27.389999389648438,189476
2024-09-18 14:30:00,27.389999389648438,27.440000534057617,27.200000762939453,27.440000534057617,198192
2024-09-18 15:30:00,27.440000534057617,27.459999084472656,27.200000762939453,27.420000076293945,108252
2024-09-18 16:30:00,27.420000076293945,27.420000076293945,27.270000457763672,27.31999969482422,73293
2024-09-18 17:30:00,27.31999969482422,28.61989974975586,27.239999771118164,28.56999969482422,340777
2024-09-18 18:30:00,28.59000015258789,28.700000762939453,27.200000762939453,27.605100631713867,344197
2024-09-18 19:30:00,27.59000015258789,27.610000610351562,27.200000762939453,27.239999771118164,289200
2024-09-19 13:30:00,27.950000762939453,27.989999771118164,27.489999771118164,27.66939926147461,541934
2024-09-19 14:30:00,27.670000076293945,27.69499969482422,27.399999618530273,27.549999237060547,244152
2024-09-19 15:30:00,27.549699783325195,27.649999618530273,27.530000686645508,27.579999923706055,120832
2024-09-19 16:30:00,27.59000015258789,27.639999389648438,27.3700008392334,27.3799991607666,106747
2024-09-19 17:30:00,27.375,27.44499969482422,27.350000381469727,27.399999618530273,94683
2024-09-19 18:30:00,27.399999618530273,27.450000762939453,27.31999969482422,27.420000076293945,178717
2024-09-19 19:30:00,27.420000076293945,27.579999923706055,27.34000015258789,27.579999923706055,291733
2024-09-20 13:30:00,28.06999969482422,28.100000381469727,27.684999465942383,27.86750030517578,728075
2024-09-20 14:30:00,27.860000610351562,28.100000381469727,27.690000534057617,27.719999313354492,588854
2024-09-20 15:30:00,27.709999084472656,28.009899139404297,27.690000534057617,27.94499969482422,130404
2024-09-20 16:30:00,27.94499969482422,27.979999542236328,27.790000915527344,27.790000915527344,101791
2024-09-20 17:30:00,27.799999237060547,27.815000534057617,27.72209930419922,27.739999771118164,64717
2024-09-20 18:30:00,27.729999542236328,27.950000762939453,27.725000381469727,27.895000457763672,91611
2024-09-20 19:30:00,27.895000457763672,28.040000915527344,27.8799991607666,28.040000915527344,343551
2024-09-23 13:30:00,28.59000015258789,29.084999084472656,28.420000076293945,29.06999969482422,825797
2024-09-23 14:30:00,29.06999969482422,29.08989906311035,28.799999237060547,28.8799991607666,370918
2024-09-23 15:30:00,28.8799991607666,28.940000534057617,28.65999984741211,28.68000030517578,162812
2024-09-23 16:30:00,28.68000030517578,28.809999465942383,28.6200008392334,28.774999618530273,124095
2024-09-23 17:30:00,28.774999618530273,28.799999237060547,28.645000457763672,28.704999923706055,135972
2024-09-23 18:30:00,28.709999084472656,28.719999313354492,28.56999969482422,28.625,177760
2024-09-23 19:30:00,28.625,28.670000076293945,28.530000686645508,28.549999237060547,441907
2024-09-24 13:30:00,28.360000610351562,28.3799991607666,27.899999618530273,28.190000534057617,246060
2024-09-24 14:30:00,28.184999465942383,28.270000457763672,28.049999237060547,28.15999984741211,367593
2024-09-24 15:30:00,28.15999984741211,28.618000030517578,28.09000015258789,28.519899368286133,279291
2024-09-24 16:30:00,28.5,28.639999389648438,28.3799991607666,28.520000457763672,249026
2024-09-24 17:30:00,28.520000457763672,28.670000076293945,28.500099182128906,28.655000686645508,153753
2024-09-24 18:30:00,28.655000686645508,28.75,28.6200008392334,28.704999923706055,235434
2024-09-24 19:30:00,28.700000762939453,28.850000381469727,28.65999984741211,28.75,299770
2024-09-25 13:30:00,28.860000610351562,29.1200008392334,28.780000686645508,29.05500030517578,579041
2024-09-25 14:30:00,29.06999969482422,29.100000381469727,28.780000686645508,28.78499984741211,433015
2024-09-25 15:30:00,28.770000457763672,28.920000076293945,28.75,28.850000381469727,82816
2024-09-25 16:30:00,28.84000015258789,28.850000381469727,28.655000686645508,28.719999313354492,169019
2024-09-25 17:30:00,28.719999313354492,28.75,28.65999984741211,28.719999313354492,113916
2024-09-25 18:30:00,28.719999313354492,28.854999542236328,28.635000228881836,28.700000762939453,281188
2024-09-25 19:30:00,28.709999084472656,28.7450008392334,28.565000534057617,28.649999618530273,244433
2024-09-26 13:30:00,28.690000534057617,28.940000534057617,28.469999313354492,28.739999771118164,604690
2024-09-26 14:30:00,28.735000610351562,29.200000762939453,28.719999313354492,29.09000015258789,474400
2024-09-26 15:30:00,29.139999389648438,29.469999313354492,29.1200008392334,29.299999237060547,260631
2024-09-26 16:30:00,29.299999237060547,29.469999313354492,29.280000686645508,29.389999389648438,147797
2024-09-26 17:30:00,29.389999389648438,29.40999984741211,29.290000915527344,29.3700008392334,156317
2024-09-26 18:30:00,29.3700008392334,29.389999389648438,29.02829933166504,29.049999237060547,348188
2024-09-26 19:30:00,29.049999237060547,29.139999389648438,29.020000457763672,29.139999389648438,510278
2024-09-27 13:30:00,28.600000381469727,28.770000457763672,28.018999099731445,28.170000076293945,507984
2024-09-27 14:30:00,28.149999618530273,28.209999084472656,27.709999084472656,28.0,425557
2024-09-27 15:30:00,27.979999542236328,28.020000457763672,27.760000228881836,27.850000381469727,182704
2024-09-27 16:30:00,27.843799591064453,28.020000457763672,27.81999969482422,27.899999618530273,137480
2024-09-27 17:30:00,27.889999389648438,27.950000762939453,27.799999237060547,27.864999771118164,136613
2024-09-27 18:30:00,27.863399505615234,27.93000030517578,27.729999542236328,27.774999618530273,178804
2024-09-27 19:30:00,27.774999618530273,27.8799991607666,27.649999618530273,27.65999984741211,441265
2024-09-30 13:30:00,26.889999389648438,26.959999084472656,26.479999542236328,26.579999923706055,619036
2024-09-30 14:30:00,26.59000015258789,26.712499618530273,26.56999969482422,26.59000015258789,472532
2024-09-30 15:30:00,26.56999969482422,26.690000534057617,26.559999465942383,26.6200008392334,186509
2024-09-30 16:30:00,26.610000610351562,26.809999465942383,26.579999923706055,26.68000030517578,165945
2024-09-30 17:30:00,26.68000030517578,26.75,26.540000915527344,26.610000610351562,250980
2024-09-30 18:30:00,26.6200008392334,26.75,26.6200008392334,26.649999618530273,216477
2024-09-30 19:30:00,26.65999984741211,26.684999465942383,26.540000915527344,26.639999389648438,552206
2024-10-01 13:30:00,27.399999618530273,27.604999542236328,27.170000076293945,27.270000457763672,903363
2024-10-01 14:30:00,27.270000457763672,27.290000915527344,27.020000457763672,27.174999237060547,503489
2024-10-01 15:30:00,27.170000076293945,27.170000076293945,27.0,27.100000381469727,150754
2024-10-01 16:30:00,27.100000381469727,27.360000610351562,27.04050064086914,27.270000457763672,445518
2024-10-01 17:30:00,27.260000228881836,27.280000686645508,27.1299991607666,27.200000762939453,141356
2024-10-01 18:30:00,27.200000762939453,27.270000457763672,27.139999389648438,27.170000076293945,247231
2024-10-01 19:30:00,27.170000076293945,27.18000030517578,27.049999237060547,27.15999984741211,460407
2024-10-02 13:30:00,27.25,27.329500198364258,27.094999313354492,27.15999984741211,554019
2024-10-02 14:30:00,27.149999618530273,27.170000076293945,26.920000076293945,27.0,400553
2024-10-02 15:30:00,26.989999771118164,27.09000015258789,26.950000762939453,26.959999084472656,101830
2024-10-02 16:30:00,26.959999084472656,26.989999771118164,26.878000259399414,26.940000534057617,114240
2024-10-02 17:30:00,26.940000534057617,26.989999771118164,26.885000228881836,26.90999984741211,96650
2024-10-02 18:30:00,26.920000076293945,26.959999084472656,26.889999389648438,26.93000030517578,117780
2024-10-02 19:30:00,26.920000076293945,26.9950008392334,26.90999984741211,26.93000030517578,279070
2024-10-03 13:30:00,26.479999542236328,26.559999465942383,26.270000457763672,26.31999969482422,515340
2024-10-03 14:30:00,26.329999923706055,26.420000076293945,26.219999313354492,26.260000228881836,278788
2024-10-03 15:30:00,26.2549991607666,26.34000015258789,26.190000534057617,26.299999237060547,186117
2024-10-03 16:30:00,26.309999465942383,26.399999618530273,26.270000457763672,26.299999237060547,203239
2024-10-03 17:30:00,26.299999237060547,26.31999969482422,26.16010093688965,26.239999771118164,169830
2024-10-03 18:30:00,26.25,26.329999923706055,26.200000762939453,26.259899139404297,182740
2024-10-03 19:30:00,26.2549991607666,26.290000915527344,26.190000534057617,26.270000457763672,496392
2024-10-04 13:30:00,26.260000228881836,26.389999389648438,26.170000076293945,26.200000762939453,523743
2024-10-04 14:30:00,26.204999923706055,26.559999465942383,26.1299991607666,26.360000610351562,308027
2024-10-04 15:30:00,26.350000381469727,26.360000610351562,26.18000030517578,26.280000686645508,277451
2024-10-04 16:30:00,26.290000915527344,26.299999237060547,26.139999389648438,26.170000076293945,162570
2024-10-04 17:30:00,26.15999984741211,26.239999771118164,26.1200008392334,26.200000762939453,677668
2024-10-04 18:30:00,26.219999313354492,26.280000686645508,26.06999969482422,26.1200008392334,224897
2024-10-04 19:30:00,26.114999771118164,26.25,26.110000610351562,26.25,469175
2024-10-07 13:30:00,26.200000762939453,26.260000228881836,25.940000534057617,25.989999771118164,818917
2024-10-07 14:30:00,25.989999771118164,26.06999969482422,25.84000015258789,25.90999984741211,323997
2024-10-07 15:30:00,25.889999389648438,25.969999313354492,25.81999969482422,25.899999618530273,144292
2024-10-07 16:30:00,25.90999984741211,26.06999969482422,25.899999618530273,26.01110076904297,145184
2024-10-07 17:30:00,25.989999771118164,26.030000686645508,25.940000534057617,26.0,116105
2024-10-07 18:30:00,26.0,26.0,25.84000015258789,25.920000076293945,243819
2024-10-07 19:30:00,25.915000915527344,26.0049991607666,25.899999618530273,25.93000030517578,392904
2024-10-08 13:30:00,25.260000228881836,25.540000915527344,25.229999542236328,25.28499984741211,506277
2024-10-08 14:30:00,25.270000457763672,25.43000030517578,25.239999771118164,25.31999969482422,430465
2024-10-08 15:30:00,25.309999465942383,25.489999771118164,25.260000228881836,25.434999465942383,225086
2024-10-08 16:30:00,25.43000030517578,25.5,25.389999389648438,25.469999313354492,138487
2024-10-08 17:30:00,25.475000381469727,25.485000610351562,25.399999618530273,25.459999084472656,133202
2024-10-08 18:30:00,25.454999923706055,25.53499984741211,25.43000030517578,25.5,185108
2024-10-08 19:30:00,25.4950008392334,25.6200008392334,25.479999542236328,25.610000610351562,444670
2024-10-09 13:30:00,25.389999389648438,25.559999465942383,25.329999923706055,25.514999389648438,153977
2024-10-09 14:30:00,25.530000686645508,25.670000076293945,25.440000534057617,25.610000610351562,139249
2024-10-09 15:30:00,25.6299991607666,25.649999618530273,25.510000228881836,25.549999237060547,76109
2024-10-09 16:30:00,25.549999237060547,25.600000381469727,25.520000457763672,25.55500030517578,66037
2024-10-09 17:30:00,25.559999465942383,25.661300659179688,25.55500030517578,25.625,83048
2024-10-09 18:30:00,25.625,25.780000686645508,25.6200008392334,25.725000381469727,124942
2024-10-09 19:30:00,25.729999542236328,25.860000610351562,25.684999465942383,25.860000610351562,317916
2024-10-10 13:30:00,26.139999389648438,26.6200008392334,26.030000686645508,26.510000228881836,939973
2024-10-10 14:30:00,26.510000228881836,26.780000686645508,26.469999313354492,26.540000915527344,752594
2024-10-10 15:30:00,26.530000686645508,26.790000915527344,26.491100311279297,26.790000915527344,194887
2024-10-10 16:30:00,26.790000915527344,26.79990005493164,26.59000015258789,26.719999313354492,110726
2024-10-10 17:30:00,26.729999542236328,26.90999984741211,26.719999313354492,26.885000228881836,178589
2024-10-10 18:30:00,26.885000228881836,26.950000762939453,26.829999923706055,26.860000610351562,209424
2024-10-10 19:30:00,26.854999542236328,26.860000610351562,26.7549991607666,26.774999618530273,441714
2024-10-11 13:30:00,27.350000381469727,27.440000534057617,27.020000457763672,27.02989959716797,1046033
2024-10-11 14:30:00,27.020000457763672,27.110000610351562,26.93000030517578,27.09000015258789,628235
2024-10-11 15:30:00,27.09000015258789,27.270000457763672,27.075000762939453,27.25,153131
2024-10-11 16:30:00,27.25,27.299999237060547,27.155000686645508,27.280000686645508,153712
2024-10-11 17:30:00,27.270000457763672,27.290000915527344,27.170000076293945,27.219999313354492,216347
2024-10-11 18:30:00,27.219999313354492,27.3700008392334,27.18000030517578,27.354000091552734,358106
2024-10-11 19:30:00,27.350000381469727,27.3799991607666,27.18000030517578,27.18000030517578,589407
2024-10-14 13:30:00,26.889999389648438,27.190000534057617,26.81999969482422,26.889999389648438,339970
2024-10-14 14:30:00,26.889999389648438,27.079999923706055,26.850000381469727,27.001699447631836,287442
2024-10-14 15:30:00,27.0,27.040000915527344,26.8799991607666,27.040000915527344,102766
2024-10-14 16:30:00,27.049999237060547,27.149999618530273,27.030000686645508,27.135000228881836,102045
2024-10-14 17:30:00,27.135000228881836,27.239999771118164,27.040000915527344,27.07229995727539,132027
2024-10-14 18:30:00,27.06999969482422,27.190000534057617,27.049999237060547,27.155000686645508,108453
2024-10-14 19:30:00,27.149999618530273,27.34000015258789,27.1200008392334,27.31999969482422,303865
2024-10-15 13:30:00,27.290000915527344,27.5,27.170000076293945,27.3799991607666,657977
2024-10-15 14:30:00,27.3700008392334,27.440000534057617,27.20599937438965,27.329999923706055,454158
2024-10-15 15:30:00,27.34000015258789,27.6299991607666,27.34000015258789,27.629899978637695,168955
2024-10-15 16:30:00,27.6200008392334,27.690000534057617,27.48080062866211,27.579999923706055,117892
2024-10-15 17:30:00,27.579999923706055,27.610000610351562,27.469999313354492,27.489999771118164,84492
2024-10-15 18:30:00,27.5,27.625,27.5,27.610000610351562,93542
2024-10-15 19:30:00,27.610000610351562,27.645000457763672,27.549999237060547,27.559999465942383,412950
2024-10-16 13:30:00,27.959999084472656,28.209999084472656,27.809999465942383,27.969999313354492,1401475
2024-10-16 14:30:00,27.979999542236328,28.030000686645508,27.854999542236328,27.940000534057617,706185
2024-10-16 15:30:00,27.940000534057617,27.979999542236328,27.75,27.774999618530273,195731
2024-10-16 16:30:00,27.770000457763672,28.020000457763672,27.75,27.975000381469727,177618
2024-10-16 17:30:00,27.979999542236328,28.309999465942383,27.975000381469727,28.135000228881836,195521
2024-10-16 18:30:00,28.149999618530273,28.149999618530273,27.985000610351562,28.040000915527344,133530
2024-10-16 19:30:00,28.030000686645508,28.079999923706055,27.969999313354492,28.0,431635
2024-10-17 13:30:00,28.8799991607666,29.260000228881836,28.639999389648438,29.260000228881836,1476072
2024-10-17 14:30:00,29.25,29.459999084472656,29.06999969482422,29.260000228881836,680172
2024-10-17 15:30:00,29.239999771118164,29.40999984741211,29.229999542236328,29.301700592041016,178876
2024-10-17 16:30:00,29.299999237060547,29.40999984741211,29.229999542236328,29.329999923706055,123687
2024-10-17 17:30:00,29.329999923706055,29.420000076293945,29.309999465942383,29.3700008392334,135164
2024-10-17 18:30:00,29.3700008392334,29.434999465942383,29.325000762939453,29.405000686645508,243960
2024-10-17 19:30:00,29.399999618530273,29.530000686645508,29.291000366210938,29.530000686645508,634085
2024-10-18 13:30:00,29.56999969482422,29.889999389648438,29.5,29.799999237060547,791323
2024-10-18 14:30:00,29.81999969482422,30.110000610351562,29.790000915527344,30.0,391867
2024-10-18 15:30:00,29.979999542236328,30.6299991607666,29.920000076293945,30.510000228881836,375001
2024-10-18 16:30:00,30.510000228881836,30.6299991607666,30.3700008392334,30.520000457763672,228445
2024-10-18 17:30:00,30.510000228881836,30.5674991607666,30.43000030517578,30.549999237060547,189566
2024-10-18 18:30:00,30.545000076293945,30.65999984741211,30.520000457763672,30.610000610351562,203901
2024-10-18 19:30:00,30.604999542236328,30.604999542236328,30.299999237060547,30.299999237060547,549461
2024-10-21 13:30:00,30.989999771118164,31.079999923706055,30.719999313354492,30.770000457763672,1016636
2024-10-21 14:30:00,30.780000686645508,30.799999237060547,30.420000076293945,30.459999084472656,458211
2024-10-21 15:30:00,30.459999084472656,30.81999969482422,30.459999084472656,30.790000915527344,240894
2024-10-21 16:30:00,30.79990005493164,30.81999969482422,30.739999771118164,30.770000457763672,107721
2024-10-21 17:30:00,30.790000915527344,30.790000915527344,30.520000457763672,30.645000457763672,133084
2024-10-21 18:30:00,30.639999389648438,30.65999984741211,30.459999084472656,30.479999542236328,154769
2024-10-21 19:30:00,30.485000610351562,30.690000534057617,30.450000762939453,30.674999237060547,355744
2024-10-22 13:30:00,30.690000534057617,31.079999923706055,30.649999618530273,30.969999313354492,1085718
2024-10-22 14:30:00,30.979999542236328,31.200000762939453,30.950000762939453,31.04010009765625,336716
2024-10-22 15:30:00,31.030000686645508,31.31999969482422,31.030000686645508,31.31999969482422,99017
2024-10-22 16:30:00,31.31999969482422,31.3799991607666,31.280000686645508,31.290000915527344,68565
2024-10-22 17:30:00,31.290000915527344,31.295000076293945,31.200000762939453,31.229999542236328,76651
2024-10-22 18:30:00,31.219999313354492,31.229999542236328,31.09000015258789,31.209999084472656,95128
2024-10-22 19:30:00,31.219999313354492,31.459999084472656,31.170000076293945,31.459999084472656,368054
2024-10-23 13:30:00,30.329999923706055,30.639999389648438,30.139999389648438,30.399999618530273,438930
2024-10-23 14:30:00,30.399999618530273,30.440000534057617,30.030000686645508,30.15999984741211,349253
2024-10-23 15:30:00,30.15999984741211,30.260000228881836,30.049999237060547,30.170000076293945,141738
2024-10-23 16:30:00,30.155000686645508,30.260000228881836,30.040000915527344,30.075000762939453,84514
2024-10-23 17:30:00,30.06999969482422,30.06999969482422,29.84000015258789,29.899999618530273,160750
2024-10-23 18:30:00,29.920000076293945,30.09000015258789,29.920000076293945,30.079999923706055,113402
2024-10-23 19:30:00,30.06999969482422,30.174999237060547,30.065000534057617,30.1200008392334,226694
2024-10-24 13:30:00,30.469999313354492,30.479999542236328,29.81999969482422,29.860000610351562,598364
2024-10-24 14:30:00,29.860000610351562,30.049999237060547,29.760000228881836,29.8700008392334,372718
2024-10-24 15:30:00,29.854999542236328,29.8700008392334,29.43000030517578,29.604999542236328,140856
2024-10-24 16:30:00,29.59000015258789,29.850000381469727,29.56100082397461,29.7549991607666,119338
2024-10-24 17:30:00,29.7549991607666,30.030000686645508,29.690000534057617,29.959999084472656,175942
2024-10-24 18:30:00,29.950000762939453,30.0,29.850000381469727,29.920000076293945,162447
2024-10-24 19:30:00,29.90999984741211,29.989999771118164,29.850000381469727,29.979999542236328,393820
2024-10-25 13:30:00,29.649999618530273,29.75,29.350000381469727,29.649999618530273,525870
2024-10-25 14:30:00,29.649999618530273,29.840999603271484,29.540000915527344,29.770000457763672,177761
2024-10-25 15:30:00,29.770000457763672,29.809999465942383,29.600000381469727,29.674999237060547,72145
2024-10-25 16:30:00,29.674999237060547,29.674999237060547,29.520000457763672,29.58099937438965,105802
2024-10-25 17:30:00,29.56999969482422,29.600000381469727,29.334999084472656,29.469999313354492,140793
2024-10-25 18:30:00,29.459999084472656,29.510000228881836,29.389999389648438,29.469999313354492,89653
2024-10-25 19:30:00,29.469999313354492,29.639999389648438,29.459999084472656,29.5,283128
2024-10-28 13:30:00,28.989999771118164,29.049999237060547,28.815000534057617,28.950000762939453,597234
2024-10-28 14:30:00,28.950000762939453,29.270000457763672,28.950000762939453,29.05500030517578,595474
2024-10-28 15:30:00,29.05500030517578,29.065000534057617,28.864999771118164,28.899999618530273,238914
2024-10-28 16:30:00,28.895000457763672,28.969999313354492,28.719999313354492,28.774999618530273,237916
2024-10-28 17:30:00,28.774999618530273,28.799999237060547,28.649999618530273,28.684999465942383,136309
2024-10-28 18:30:00,28.684999465942383,28.75,28.645000457763672,28.735000610351562,154072
2024-10-28 19:30:00,28.731000900268555,28.75,28.639999389648438,28.670000076293945,441119
2024-10-29 13:30:00,28.799999237060547,29.065000534057617,28.56999969482422,28.96500015258789,2057371
2024-10-29 14:30:00,28.96500015258789,29.104999542236328,28.790000915527344,28.799999237060547,525551
2024-10-29 15:30:00,28.790000915527344,29.030000686645508,28.780000686645508,28.959999084472656,351428
2024-10-29 16:30:00,28.959999084472656,29.264999389648438,28.93000030517578,29.110000610351562,158441
2024-10-29 17:30:00,29.1200008392334,29.15999984741211,29.03499984741211,29.155000686645508,582405
2024-10-29 18:30:00,29.155000686645508,29.217500686645508,29.10099983215332,29.1200008392334,164596
2024-10-29 19:30:00,29.125,29.165000915527344,29.084999084472656,29.100000381469727,377680
2024-10-30 13:30:00,29.219999313354492,29.219999313354492,28.469999313354492,28.65999984741211,827856
2024-10-30 14:30:00,28.655000686645508,28.7450008392334,28.510000228881836,28.71500015258789,467120
2024-10-30 15:30:00,28.709999084472656,28.719999313354492,28.610000610351562,28.649999618530273,153828
2024-10-30 16:30:00,28.649999618530273,28.760000228881836,28.59000015258789,28.7549991607666,118420
2024-10-30 17:30:00,28.7549991607666,28.864999771118164,28.65999984741211,28.825000762939453,145485
2024-10-30 18:30:00,28.829999923706055,28.834999084472656,28.704999923706055,28.719999313354492,200576
2024-10-30 19:30:00,28.719999313354492,28.719999313354492,28.600000381469727,28.649999618530273,360053
2024-10-31 13:30:00,28.309999465942383,28.309999465942383,27.649999618530273,27.690000534057617,694213
2024-10-31 14:30:00,27.709999084472656,27.75,27.459999084472656,27.639999389648438,417309
2024-10-31 15:30:00,27.639999389648438,27.864999771118164,27.6299991607666,27.825000762939453,164582
2024-10-31 16:30:00,27.829999923706055,27.899999618530273,27.770000457763672,27.860000610351562,100735
2024-10-31 17:30:00,27.860000610351562,28.030000686645508,27.860000610351562,27.969999313354492,138877
2024-10-31 18:30:00,27.975000381469727,28.1299991607666,27.96500015258789,27.985000610351562,219830
2024-10-31 19:30:00,27.989999771118164,28.010000228881836,27.799999237060547,27.799999237060547,572716
2024-11-01 13:30:00,28.290000915527344,28.34000015258789,27.959999084472656,27.979999542236328,561024
2024-11-01 14:30:00,27.979999542236328,28.020000457763672,27.700000762939453,27.75,267698
2024-11-01 15:30:00,27.75,27.760000228881836,27.530000686645508,27.6200008392334,138657
2024-11-01 16:30:00,27.600000381469727,27.6299991607666,27.420000076293945,27.440099716186523,80723
2024-11-01 17:30:00,27.440000534057617,27.450000762939453,27.270000457763672,27.420000076293945,90861
2024-11-01 18:30:00,27.40999984741211,27.40999984741211,27.290000915527344,27.295000076293945,131455
2024-11-01 19:30:00,27.299999237060547,27.399999618530273,27.25,27.280000686645508,347557
2024-11-04 14:30:00,27.329999923706055,27.43000030517578,27.06999969482422,27.190000534057617,501686
2024-11-04 15:30:00,27.190000534057617,27.190000534057617,26.850000381469727,26.860000610351562,192089
2024-11-04 16:30:00,26.860000610351562,26.950000762939453,26.68000030517578,26.93000030517578,124189
2024-11-04 17:30:00,26.93000030517578,27.059999465942383,26.93000030517578,26.979999542236328,107014
2024-11-04 18:30:00,26.989999771118164,27.100000381469727,26.959999084472656,27.010000228881836,105186
2024-11-04 19:30:00,26.989999771118164,27.030000686645508,26.900100708007812,27.014999389648438,125017
2024-11-04 20:30:00,27.014999389648438,27.149999618530273,26.969999313354492,27.139999389648438,347995
2024-11-05 14:30:00,27.3700008392334,27.59000015258789,27.010000228881836,27.030000686645508,505607
2024-11-05 15:30:00,27.020000457763672,27.100000381469727,26.94499969482422,27.010000228881836,134118
2024-11-05 16:30:00,27.010000228881836,27.149999618530273,27.0049991607666,27.06999969482422,78861
2024-11-05 17:30:00,27.079999923706055,27.18000030517578,27.06999969482422,27.145000457763672,76582
2024-11-05 18:30:00,27.139999389648438,27.139999389648438,26.969999313354492,27.010000228881836,113975
2024-11-05 19:30:00,27.0,27.049999237060547,26.940000534057617,27.010000228881836,93348
2024-11-05 20:30:00,27.010000228881836,27.1200008392334,26.940000534057617,27.100000381469727,347503
2024-11-06 14:30:00,25.520000457763672,26.295000076293945,25.375,26.25,853599
2024-11-06 15:30:00,26.260000228881836,26.420000076293945,25.950000762939453,26.049999237060547,273227
2024-11-06 16:30:00,26.049999237060547,26.3799991607666,26.020000457763672,26.270000457763672,320965
2024-11-06 17:30:00,26.270000457763672,26.40999984741211,26.200000762939453,26.3700008392334,124708
2024-11-06 18:30:00,26.375,26.450000762939453,26.25,26.325000762939453,147137
2024-11-06 19:30:00,26.325000762939453,26.399999618530273,26.18000030517578,26.235000610351562,278952
2024-11-06 20:30:00,26.235000610351562,26.299999237060547,26.15999984741211,26.209999084472656,379122
2024-11-07 14:30:00,27.84000015258789,28.139999389648438,27.469999313354492,27.6299991607666,1317643
2024-11-07 15:30:00,27.6299991607666,27.639999389648438,27.149999618530273,27.239999771118164,425345
2024-11-07 16:30:00,27.239999771118164,27.36829948425293,27.190000534057617,27.350000381469727,103288
2024-11-07 17:30:00,27.360000610351562,27.459999084472656,27.30500030517578,27.350000381469727,85426
2024-11-07 18:30:00,27.360000610351562,27.510000228881836,27.251300811767578,27.469999313354492,176858
2024-11-07 19:30:00,27.460100173950195,27.8700008392334,27.399999618530273,27.729999542236328,250331
2024-11-07 20:30:00,27.725000381469727,27.790000915527344,27.559999465942383,27.56100082397461,393127
2024-11-08 14:30:00,27.709999084472656,27.760000228881836,27.1200008392334,27.170000076293945,371421
2024-11-08 15:30:00,27.170000076293945,27.309999465942383,26.979999542236328,27.15999984741211,369643
2024-11-08 16:30:00,27.165000915527344,27.420000076293945,27.165000915527344,27.420000076293945,132349
2024-11-08 17:30:00,27.415000915527344,27.450000762939453,27.34000015258789,27.40999984741211,121134
2024-11-08 18:30:00,27.415000915527344,27.4950008392334,27.34000015258789,27.450000762939453,104383
2024-11-08 19:30:00,27.450000762939453,27.625,27.440000534057617,27.6200008392334,149673
2024-11-08 20:30:00,27.6200008392334,27.790000915527344,27.55500030517578,27.670000076293945,410206
2024-11-11 14:30:00,26.0,26.1200008392334,25.309999465942383,25.360000610351562,792021
2024-11-11 15:30:00,25.350000381469727,25.3700008392334,25.170000076293945,25.350000381469727,353378
2024-11-11 16:30:00,25.354999542236328,25.360000610351562,25.079999923706055,25.084999084472656,290030
2024-11-11 17:30:00,25.079999923706055,25.170000076293945,24.854999542236328,24.954999923706055,268684
2024-11-11 18:30:00,24.959999084472656,25.200000762939453,24.950000762939453,25.1299991607666,255349
2024-11-11 19:30:00,25.1299991607666,25.3700008392334,25.110000610351562,25.204999923706055,215838
2024-11-11 20:30:00,25.204999923706055,25.350000381469727,25.100000381469727,25.110000610351562,410608
2024-11-12 14:30:00,24.149999618530273,24.399999618530273,24.079999923706055,24.209999084472656,1201793
2024-11-12 15:30:00,24.225000381469727,24.270000457763672,24.065000534057617,24.229999542236328,499886
2024-11-12 16:30:00,24.235000610351562,24.530000686645508,24.235000610351562,24.45009994506836,408462
2024-11-12 17:30:00,24.457500457763672,24.594999313354492,24.415000915527344,24.59000015258789,145299
2024-11-12 18:30:00,24.594999313354492,24.68000030517578,24.545000076293945,24.584999084472656,118155
2024-11-12 19:30:00,24.584999084472656,24.665000915527344,24.530000686645508,24.625,158339
2024-11-12 20:30:00,24.6200008392334,24.704999923706055,24.59000015258789,24.6299991607666,412111
2024-11-13 14:30:00,24.739999771118164,24.81999969482422,24.360000610351562,24.59000015258789,446343
2024-11-13 15:30:00,24.579999923706055,24.600000381469727,24.219999313354492,24.235000610351562,276620
2024-11-13 16:30:00,24.235000610351562,24.329999923706055,24.15999984741211,24.165000915527344,173582
2024-11-13 17:30:00,24.165000915527344,24.354999542236328,24.165000915527344,24.25,95193
2024-11-13 18:30:00,24.239999771118164,24.389999389648438,24.219999313354492,24.364999771118164,90732
2024-11-13 19:30:00,24.364999771118164,24.3799991607666,24.229999542236328,24.260000228881836,142078
2024-11-13 20:30:00,24.264999389648438,24.290000915527344,24.110000610351562,24.110000610351562,449300
2024-11-14 14:30:00,23.280000686645508,23.700000762939453,23.100000381469727,23.6299991607666,871788
2024-11-14 15:30:00,23.649999618530273,23.93000030517578,23.59000015258789,23.920000076293945,533115
2024-11-14 16:30:00,23.934999465942383,24.059999465942383,23.78499984741211,23.815000534057617,228811
2024-11-14 17:30:00,23.829999923706055,23.860000610351562,23.739999771118164,23.757999420166016,145387
2024-11-14 18:30:00,23.75,24.104999542236328,23.729999542236328,24.06999969482422,266557
2024-11-14 19:30:00,24.049999237060547,24.125,23.8700008392334,23.989999771118164,196410
2024-11-14 20:30:00,24.0,24.06999969482422,23.895000457763672,24.011999130249023,569378
2024-11-15 14:30:00,24.15999984741211,24.329999923706055,23.969999313354492,24.110000610351562,247473
2024-11-15 15:30:00,24.09000015258789,24.1299991607666,23.940000534057617,23.954999923706055,325602
2024-11-15 16:30:00,23.954999923706055,23.954999923706055,23.790000915527344,23.90920066833496,150406
2024-11-15 17:30:00,23.889999389648438,23.920000076293945,23.829999923706055,23.829999923706055,69076
2024-11-15 18:30:00,23.829999923706055,23.845800399780273,23.75,23.79800033569336,90671
2024-11-15 19:30:00,23.795000076293945,23.81999969482422,23.719999313354492,23.75,136256
2024-11-15 20:30:00,23.7450008392334,23.829999923706055,23.719999313354492,23.799999237060547,344375
2024-11-18 14:30:00,24.920000076293945,24.979999542236328,24.645000457763672,24.850000381469727,706588
2024-11-18 15:30:00,24.860000610351562,24.934999465942383,24.799999237060547,24.825000762939453,345190
2024-11-18 16:30:00,24.81999969482422,24.895000457763672,24.799999237060547,24.854999542236328,276966
2024-11-18 17:30:00,24.850000381469727,24.8700008392334,24.815000534057617,24.834999084472656,184884
2024-11-18 18:30:00,24.834999084472656,24.834999084472656,24.6200008392334,24.655000686645508,205356
2024-11-18 19:30:00,24.655000686645508,24.8700008392334,24.655000686645508,24.81999969482422,218878
2024-11-18 20:30:00,24.825000762939453,24.84000015258789,24.75,24.799999237060547,506429
2024-11-19 14:30:00,25.25,25.361000061035156,24.86989974975586,24.899999618530273,1133829
2024-11-19 15:30:00,24.90999984741211,24.954999923706055,24.649999618530273,24.655000686645508,329165
2024-11-19 16:30:00,24.655000686645508,25.010000228881836,24.56999969482422,24.979999542236328,234359
2024-11-19 17:30:00,24.979999542236328,25.020000457763672,24.94499969482422,25.010000228881836,249840
2024-11-19 18:30:00,25.0,25.100000381469727,24.940000534057617,25.06999969482422,201427
2024-11-19 19:30:00,25.06999969482422,25.09749984741211,25.0049991607666,25.029199600219727,219002
2024-11-19 20:30:00,25.024999618530273,25.209999084472656,24.989999771118164,25.139999389648438,604142
2024-11-20 14:30:00,24.540000915527344,24.760000228881836,24.43000030517578,24.440000534057617,1605270
2024-11-20 15:30:00,24.450000762939453,24.520000457763672,24.020000457763672,24.15999984741211,1137364
2024-11-20 16:30:00,24.15999984741211,24.295000076293945,24.100000381469727,24.225000381469727,614659
2024-11-20 17:30:00,24.225000381469727,24.399999618530273,24.170000076293945,24.329999923706055,311281
2024-11-20 18:30:00,24.329999923706055,24.3700008392334,24.219999313354492,24.2450008392334,334258
2024-11-20 19:30:00,24.2450008392334,24.43000030517578,24.209999084472656,24.231000900268555,439465
2024-11-20 20:30:00,24.235000610351562,24.540000915527344,24.235000610351562,24.53499984741211,852036
2024-11-21 14:30:00,24.989999771118164,25.200000762939453,24.59000015258789,24.6299991607666,1832591
2024-11-21 15:30:00,24.639999389648438,24.700000762939453,24.600000381469727,24.6200008392334,614907
2024-11-21 16:30:00,24.635000228881836,24.739999771118164,24.420000076293945,24.530000686645508,1041143
2024-11-21 17:30:00,24.53499984741211,24.690000534057617,24.520000457763672,24.690000534057617,183922
2024-11-21 18:30:00,24.68000030517578,24.90999984741211,24.670000076293945,24.8700008392334,309279
2024-11-21 19:30:00,24.8700008392334,24.989999771118164,24.809999465942383,24.954999923706055,327685
2024-11-21 20:30:00,24.954999923706055,25.200000762939453,24.940000534057617,25.190000534057617,989009
2024-11-22 14:30:00,25.65999984741211,26.06999969482422,25.5049991607666,25.920000076293945,1296460
2024-11-22 15:30:00,25.915000915527344,26.010000228881836,25.739999771118164,25.75,419896
2024-11-22 16:30:00,25.7549991607666,25.96500015258789,25.700000762939453,25.864999771118164,252391
2024-11-22 17:30:00,25.8700008392334,26.010000228881836,25.790000915527344,26.0049991607666,186550
2024-11-22 18:30:00,26.0049991607666,26.200000762939453,25.920000076293945,26.177499771118164,315437
2024-11-22 19:30:00,26.18000030517578,26.219999313354492,26.0,26.049999237060547,335298
2024-11-22 20:30:00,26.049999237060547,26.05500030517578,25.940000534057617,25.959999084472656,521189
2024-11-25 14:30:00,25.610000610351562,25.610000610351562,25.170000076293945,25.360000610351562,905342
2024-11-25 15:30:00,25.34000015258789,25.55500030517578,25.209999084472656,25.229999542236328,221226
2024-11-25 16:30:00,25.239999771118164,25.31999969482422,25.104999542236328,25.15999984741211,151245
2024-11-25 17:30:00,25.170000076293945,25.229999542236328,25.100000381469727,25.159900665283203,137625
2024-11-25 18:30:00,25.139999389648438,25.399999618530273,25.125,25.329999923706055,322112
2024-11-25 19:30:00,25.31999969482422,25.34000015258789,25.219999313354492,25.28499984741211,133484
2024-11-25 20:30:00,25.28499984741211,25.360000610351562,25.184999465942383,25.200000762939453,513010
2024-11-26 14:30:00,25.299999237060547,25.31999969482422,25.00469970703125,25.149999618530273,311615
2024-11-26 15:30:00,25.149999618530273,25.274999618530273,25.1200008392334,25.209999084472656,101434
2024-11-26 16:30:00,25.219999313354492,25.28860092163086,25.1299991607666,25.145000457763672,106418
2024-11-26 17:30:00,25.149999618530273,25.25,25.145000457763672,25.19499969482422,86072
2024-11-26 18:30:00,25.190000534057617,25.389999389648438,25.1299991607666,25.360000610351562,160112
2024-11-26 19:30:00,25.354999542236328,25.420000076293945,25.315000534057617,25.360000610351562,134177
2024-11-26 20:30:00,25.364999771118164,25.469999313354492,25.290000915527344,25.299999237060547,359869
2024-11-27 14:30:00,25.34000015258789,25.709999084472656,24.690000534057617,24.719999313354492,2006350
2024-11-27 15:30:00,24.709999084472656,24.7549991607666,24.360000610351562,24.489999771118164,545025
2024-11-27 16:30:00,24.5,24.809999465942383,24.475000381469727,24.729999542236328,793015
2024-11-27 17:30:00,24.729999542236328,24.7549991607666,24.530000686645508,24.530000686645508,619561
2024-11-27 18:30:00,24.524999618530273,24.700000762939453,24.510000228881836,24.684999465942383,1037809
2024-11-27 19:30:00,24.684999465942383,24.709999084472656,24.610000610351562,24.704999923706055,703584
2024-11-27 20:30:00,24.709999084472656,24.799999237060547,24.68000030517578,24.780000686645508,799354
2024-11-29 14:30:00,25.1299991607666,25.29159927368164,24.90999984741211,25.079999923706055,3912944
2024-11-29 15:30:00,25.040000915527344,25.139999389648438,24.915000915527344,24.93000030517578,340431
2024-11-29 16:30:00,24.93000030517578,25.020000457763672,24.915000915527344,24.96500015258789,277034
2024-12-02 14:30:00,24.75,24.860000610351562,24.510000228881836,24.68000030517578,375222
2024-12-02 15:30:00,24.670000076293945,24.68000030517578,24.56999969482422,24.56999969482422,139071
2024-12-02 16:30:00,24.559999465942383,24.735000610351562,24.530000686645508,24.719999313354492,154982
2024-12-02 17:30:00,24.725000381469727,24.725000381469727,24.610000610351562,24.610000610351562,156710
2024-12-02 18:30:00,24.614999771118164,24.665000915527344,24.530000686645508,24.6299991607666,194749
2024-12-02 19:30:00,24.6299991607666,24.649999618530273,24.549999237060547,24.635000228881836,249751
2024-12-02 20:30:00,24.6299991607666,24.704999923706055,24.600000381469727,24.610000610351562,344694
2024-12-03 14:30:00,25.5,25.81999969482422,25.389999389648438,25.774999618530273,691844
2024-12-03 15:30:00,25.774999618530273,26.19499969482422,25.731000900268555,26.149999618530273,326516
2024-12-03 16:30:00,26.15999984741211,26.16990089416504,25.93000030517578,26.010000228881836,300278
2024-12-03 17:30:00,26.020000457763672,26.139999389648438,25.860000610351562,25.899999618530273,243256
2024-12-03 18:30:00,25.924999237060547,26.0,25.729999542236328,25.770000457763672,151003
2024-12-03 19:30:00,25.770000457763672,25.829999923706055,25.729999542236328,25.78499984741211,172518
2024-12-03 20:30:00,25.780000686645508,25.780000686645508,25.670000076293945,25.690000534057617,504596
2024-12-04 14:30:00,26.15999984741211,26.15999984741211,25.44499969482422,25.579999923706055,789107
2024-12-04 15:30:00,25.579999923706055,25.81999969482422,25.540000915527344,25.770000457763672,426471
2024-12-04 16:30:00,25.770000457763672,25.81999969482422,25.635000228881836,25.799999237060547,203817
2024-12-04 17:30:00,25.774999618530273,25.829999923706055,25.7450008392334,25.795000076293945,191259
2024-12-04 18:30:00,25.795000076293945,25.829999923706055,25.649999618530273,25.735000610351562,213183
2024-12-04 19:30:00,25.739999771118164,25.780000686645508,25.684999465942383,25.739999771118164,238401
2024-12-04 20:30:00,25.739999771118164,25.920000076293945,25.725000381469727,25.860000610351562,537006
2024-12-05 14:30:00,25.739999771118164,25.760000228881836,25.530000686645508,25.54294776916504,1632911
2024-12-05 15:30:00,25.540000915527344,25.6299991607666,25.399999618530273,25.405000686645508,371478
2024-12-05 16:30:00,25.399999618530273,25.565000534057617,25.354999542236328,25.450000762939453,290540
2024-12-05 17:30:00,25.454999923706055,25.5049991607666,25.420000076293945,25.440000534057617,237142
2024-12-05 18:30:00,25.440000534057617,25.549999237060547,25.4325008392334,25.489999771118164,220604
2024-12-05 19:30:00,25.4950008392334,25.625,25.489999771118164,25.618999481201172,248644
2024-12-05 20:30:00,25.610000610351562,25.719999313354492,25.600000381469727,25.65999984741211,609405
2024-12-06 14:30:00,25.15999984741211,25.389999389648438,24.844999313354492,25.235000610351562,813514
2024-12-06 15:30:00,25.229999542236328,25.295000076293945,25.110000610351562,25.295000076293945,216808
2024-12-06 16:30:00,25.299999237060547,25.329999923706055,25.1200008392334,25.155000686645508,204852
2024-12-06 17:30:00,25.149999618530273,25.165000915527344,24.980499267578125,25.09000015258789,107095
2024-12-06 18:30:00,25.09000015258789,25.105499267578125,25.020000457763672,25.059999465942383,97709
2024-12-06 19:30:00,25.059999465942383,25.125,25.0049991607666,25.05500030517578,192649
2024-12-06 20:30:00,25.05500030517578,25.104999542236328,24.920000076293945,24.920000076293945,458883
2024-12-09 14:30:00,26.18000030517578,26.239999771118164,25.8700008392334,25.940000534057617,971913
2024-12-09 15:30:00,25.969999313354492,26.0,25.84000015258789,25.854999542236328,395595
2024-12-09 16:30:00,25.850000381469727,26.045000076293945,25.81999969482422,25.850000381469727,288662
2024-12-09 17:30:00,25.84000015258789,25.854999542236328,25.579999923706055,25.6299991607666,112668
2024-12-09 18:30:00,25.639999389648438,25.760000228881836,25.597900390625,25.68000030517578,131141
2024-12-09 19:30:00,25.69499969482422,25.69969940185547,25.56999969482422,25.56999969482422,180325
2024-12-09 20:30:00,25.575000762939453,25.600000381469727,25.479999542236328,25.510000228881836,408524
2024-12-10 14:30:00,25.770000457763672,25.940000534057617,25.559999465942383,25.770000457763672,634782
2024-12-10 15:30:00,25.780000686645508,25.84000015258789,25.610000610351562,25.610000610351562,150375
2024-12-10 16:30:00,25.610000610351562,25.809999465942383,25.594999313354492,25.7450008392334,155071
2024-12-10 17:30:00,25.770000457763672,25.829999923706055,25.709999084472656,25.770000457763672,119851
2024-12-10 18:30:00,25.764999389648438,25.829999923706055,25.690000534057617,25.780000686645508,125244
2024-12-10 19:30:00,25.770000457763672,25.829999923706055,25.704999923706055,25.709999084472656,202674
2024-12-10 20:30:00,25.704999923706055,25.790000915527344,25.704999923706055,25.764999389648438,332016
2024-12-11 14:30:00,26.219999313354492,27.139999389648438,26.190000534057617,26.920000076293945,945403
2024-12-11 15:30:00,26.90999984741211,27.084999084472656,26.889999389648438,26.96500015258789,383776
2024-12-11 16:30:00,26.96500015258789,27.05500030517578,26.940000534057617,27.0049991607666,222867
2024-12-11 17:30:00,27.0049991607666,27.065000534057617,26.975000381469727,27.03499984741211,192925
2024-12-11 18:30:00,27.03499984741211,27.094999313354492,26.969999313354492,27.03499984741211,293890
2024-12-11 19:30:00,27.030000686645508,27.21500015258789,27.014999389648438,27.155000686645508,306219
2024-12-11 20:30:00,27.155000686645508,27.200000762939453,27.084999084472656,27.149999618530273,623733
2024-12-12 14:30:00,26.34000015258789,26.75,26.149999618530273,26.209999084472656,617109
2024-12-12 15:30:00,26.219999313354492,26.229999542236328,26.084999084472656,26.190000534057617,250519
2024-12-12 16:30:00,26.18000030517578,26.34000015258789,26.15999984741211,26.165000915527344,412242
2024-12-12 17:30:00,26.165000915527344,26.190000534057617,26.065000534057617,26.11440086364746,204141
2024-12-12 18:30:00,26.119199752807617,26.145000457763672,25.860000610351562,25.860000610351562,422384
2024-12-12 19:30:00,25.860000610351562,25.899999618530273,25.69499969482422,25.7450008392334,514835
2024-12-12 20:30:00,25.7450008392334,25.895000457763672,25.729999542236328,25.75,732168
2024-12-13 14:30:00,25.399999618530273,25.399999618530273,24.690000534057617,24.690000534057617,585127
2024-12-13 15:30:00,24.700000762939453,24.979999542236328,24.69499969482422,24.829999923706055,220726
2024-12-13 16:30:00,24.829999923706055,25.139999389648438,24.829999923706055,25.134700775146484,239263
2024-12-13 17:30:00,25.139999389648438,25.15999984741211,25.030000686645508,25.135000228881836,175769
2024-12-13 18:30:00,25.139999389648438,25.18000030517578,25.0,25.020000457763672,194655
2024-12-13 19:30:00,25.020000457763672,25.18000030517578,24.985000610351562,25.155000686645508,187246
2024-12-13 20:30:00,25.149999618530273,25.170000076293945,24.844999313354492,24.950000762939453,726316
2024-12-16 14:30:00,24.780000686645508,24.81999969482422,24.489999771118164,24.56999969482422,504790
2024-12-16 15:30:00,24.56999969482422,24.649999618530273,24.450000762939453,24.450000762939453,281631
2024-12-16 16:30:00,24.450000762939453,24.530000686645508,24.43000030517578,24.510000228881836,217167
2024-12-16 17:30:00,24.510000228881836,24.56999969482422,24.440000534057617,24.524999618530273,270404
2024-12-16 18:30:00,24.524999618530273,24.610000610351562,24.5,24.575000762939453,210132
2024-12-16 19:30:00,24.575000762939453,24.6200008392334,24.4950008392334,24.53499984741211,243914
2024-12-16 20:30:00,24.530000686645508,24.565000534057617,24.46500015258789,24.549999237060547,539989
2024-12-17 14:30:00,23.969999313354492,24.030000686645508,23.469999313354492,23.850000381469727,767705
2024-12-17 15:30:00,23.854999542236328,23.940000534057617,23.690000534057617,23.81999969482422,556397
2024-12-17 16:30:00,23.809999465942383,23.93000030517578,23.770000457763672,23.924999237060547,239319
2024-12-17 17:30:00,23.93000030517578,24.040000915527344,23.915000915527344,23.985000610351562,251387
2024-12-17 18:30:00,23.985000610351562,24.1200008392334,23.940000534057617,24.06999969482422,390568
2024-12-17 19:30:00,24.06999969482422,24.110000610351562,23.979999542236328,24.065000534057617,211074
2024-12-17 20:30:00,24.065000534057617,24.139999389648438,24.049999237060547,24.139999389648438,482939
2024-12-18 14:30:00,24.100000381469727,24.100000381469727,23.8700008392334,23.895000457763672,491398
2024-12-18 15:30:00,23.889999389648438,24.0049991607666,23.850000381469727,23.895000457763672,192313
2024-12-18 16:30:00,23.895000457763672,23.959999084472656,23.760000228881836,23.94029998779297,168181
2024-12-18 17:30:00,23.940000534057617,24.045000076293945,23.924999237060547,23.9950008392334,157939
2024-12-18 18:30:00,23.9950008392334,24.040000915527344,23.651500701904297,23.760000228881836,210729
2024-12-18 19:30:00,23.7450008392334,23.899999618530273,23.309999465942383,23.325000762939453,401025
2024-12-18 20:30:00,23.309999465942383,23.350000381469727,23.075000762939453,23.149999618530273,683174
2024-12-19 14:30:00,23.280000686645508,23.610000610351562,23.25,23.28499984741211,324601
2024-12-19 15:30:00,23.299999237060547,23.399999618530273,23.229999542236328,23.360000610351562,131987
2024-12-19 16:30:00,23.3700008392334,23.3799991607666,23.06999969482422,23.209999084472656,198340
2024-12-19 17:30:00,23.209999084472656,23.299999237060547,23.1299991607666,23.209999084472656,131644
2024-12-19 18:30:00,23.200000762939453,23.299999237060547,23.190000534057617,23.299999237060547,109546
2024-12-19 19:30:00,23.299999237060547,23.299999237060547,23.19499969482422,23.264999389648438,123611
2024-12-19 20:30:00,23.270000457763672,23.30500030517578,23.174999237060547,23.270000457763672,562344
2024-12-20 14:30:00,23.549999237060547,23.75,23.469999313354492,23.690000534057617,308097
2024-12-20 15:30:00,23.68000030517578,23.81999969482422,23.670000076293945,23.739999771118164,264869
2024-12-20 16:30:00,23.735000610351562,23.829999923706055,23.65999984741211,23.829999923706055,261562
2024-12-20 17:30:00,23.81999969482422,23.889999389648438,23.700000762939453,23.850000381469727,155335
2024-12-20 18:30:00,23.829999923706055,23.979999542236328,23.780000686645508,23.860000610351562,261154
2024-12-20 19:30:00,23.860000610351562,23.950000762939453,23.799999237060547,23.834999084472656,194764
2024-12-20 20:30:00,23.829999923706055,23.90999984741211,23.780000686645508,23.895000457763672,683018
2024-12-23 14:30:00,23.34000015258789,23.469999313354492,23.201000213623047,23.34000015258789,373739
2024-12-23 15:30:00,23.34000015258789,23.462600708007812,23.219999313354492,23.462600708007812,225830
2024-12-23 16:30:00,23.469999313354492,23.549999237060547,23.440000534057617,23.524999618530273,101987
2024-12-23 17:30:00,23.5,23.739999771118164,23.496999740600586,23.729999542236328,118697
2024-12-23 18:30:00,23.719999313354492,23.739999771118164,23.614999771118164,23.649999618530273,93377
2024-12-23 19:30:00,23.649999618530273,23.700000762939453,23.575000762939453,23.69499969482422,147311
2024-12-23 20:30:00,23.690000534057617,23.709999084472656,23.645000457763672,23.68000030517578,338586
2024-12-24 14:30:00,23.84000015258789,23.899999618530273,23.3799991607666,23.489999771118164,195314
2024-12-24 15:30:00,23.489999771118164,23.56999969482422,23.469999313354492,23.5,136565
2024-12-24 16:30:00,23.500499725341797,23.584999084472656,23.479999542236328,23.559999465942383,93652
2024-12-26 14:30:00,23.75,23.809999465942383,23.610000610351562,23.770000457763672,113164
2024-12-26 15:30:00,23.760000228881836,23.864999771118164,23.75,23.84000015258789,108510
2024-12-26 16:30:00,23.84000015258789,23.84000015258789,23.735000610351562,23.770000457763672,69263
2024-12-26 17:30:00,23.770000457763672,23.850000381469727,23.770000457763672,23.844999313354492,64935
2024-12-26 18:30:00,23.84000015258789,23.84000015258789,23.739999771118164,23.760000228881836,39959
2024-12-26 19:30:00,23.770000457763672,23.770000457763672,23.639999389648438,23.690000534057617,98059
2024-12-26 20:30:00,23.68000030517578,23.68000030517578,23.579999923706055,23.6200008392334,222186
2024-12-27 14:30:00,22.969999313354492,23.309999465942383,22.895000457763672,23.079999923706055,533192
2024-12-27 15:30:00,23.06999969482422,23.264999389648438,23.030000686645508,23.239999771118164,155218
2024-12-27 16:30:00,23.229999542236328,23.26099967956543,23.110000610351562,23.139999389648438,140261
2024-12-27 17:30:00,23.145000457763672,23.200000762939453,23.100000381469727,23.15999984741211,87145
2024-12-27 18:30:00,23.174999237060547,23.270000457763672,23.170000076293945,23.209999084472656,130899
2024-12-27 19:30:00,23.209999084472656,23.329999923706055,23.200000762939453,23.25,102190
2024-12-27 20:30:00,23.25,23.299999237060547,23.225000381469727,23.290000915527344,263040
2024-12-30 14:30:00,22.81999969482422,22.81999969482422,22.450000762939453,22.579999923706055,313248
2024-12-30 15:30:00,22.559999465942383,22.739999771118164,22.559999465942383,22.69499969482422,168167
2024-12-30 16:30:00,22.69499969482422,22.899999618530273,22.68000030517578,22.8799991607666,124158
2024-12-30 17:30:00,22.889999389648438,23.020000457763672,22.8700008392334,23.0049991607666,92507
2024-12-30 18:30:00,23.0049991607666,23.079999923706055,22.950000762939453,22.950000762939453,78999
2024-12-30 19:30:00,22.940000534057617,23.05900001525879,22.93000030517578,23.014999389648438,116289
2024-12-30 20:30:00,23.020000457763672,23.020000457763672,22.889999389648438,22.889999389648438,269662
2024-12-31 14:30:00,22.770000457763672,23.06999969482422,22.770000457763672,22.989999771118164,229225
2024-12-31 15:30:00,22.9950008392334,23.059999465942383,22.959999084472656,23.0,80520
2024-12-31 16:30:00,23.0,23.0049991607666,22.829999923706055,22.829999923706055,89438
2024-12-31 17:30:00,22.81999969482422,22.93000030517578,22.810699462890625,22.895000457763672,63020
2024-12-31 18:30:00,22.899999618530273,22.985000610351562,22.889999389648438,22.959999084472656,71968
2024-12-31 19:30:00,22.950000762939453,23.020000457763672,22.93000030517578,23.014999389648438,101591
2024-12-31 20:30:00,23.014999389648438,23.100000381469727,22.969999313354492,23.09000015258789,462479
2025-01-02 14:30:00,23.719999313354492,24.225000381469727,23.719999313354492,24.18000030517578,465834
2025-01-02 15:30:00,24.18000030517578,24.309999465942383,24.079999923706055,24.139999389648438,233192
2025-01-02 16:30:00,24.1299991607666,24.389999389648438,24.110000610351562,24.334999084472656,210689
2025-01-02 17:30:00,24.334999084472656,24.334999084472656,24.219999313354492,24.290000915527344,142800
2025-01-02 18:30:00,24.290000915527344,24.334999084472656,24.190000534057617,24.28499984741211,184771
2025-01-02 19:30:00,24.280000686645508,24.28499984741211,24.184999465942383,24.25,169549
2025-01-02 20:30:00,24.25,24.3700008392334,24.190000534057617,24.3700008392334,399762
2025-01-03 14:30:00,24.139999389648438,24.19499969482422,23.940000534057617,24.030000686645508,516959
2025-01-03 15:30:00,24.030000686645508,24.170000076293945,23.969999313354492,24.06999969482422,205918
2025-01-03 16:30:00,24.079999923706055,24.139999389648438,23.950000762939453,23.959999084472656,155341
2025-01-03 17:30:00,23.950000762939453,24.02899932861328,23.920000076293945,24.0049991607666,98138
2025-01-03 18:30:00,24.0049991607666,24.049999237060547,23.959999084472656,24.040000915527344,120190
2025-01-03 19:30:00,24.040000915527344,24.049999237060547,23.940000534057617,23.975000381469727,87272
2025-01-03 20:30:00,23.969999313354492,23.979999542236328,23.809999465942383,23.81100082397461,324948
2025-01-06 14:30:00,24.110000610351562,24.15999984741211,23.639999389648438,23.799999237060547,382746
2025-01-06 15:30:00,23.790000915527344,23.809999465942383,23.65999984741211,23.700000762939453,123225
2025-01-06 16:30:00,23.704999923706055,23.780000686645508,23.600000381469727,23.690000534057617,119945
2025-01-06 17:30:00,23.69499969482422,23.75,23.6299991607666,23.653499603271484,60392
2025-01-06 18:30:00,23.649999618530273,23.68000030517578,23.575000762939453,23.594999313354492,64637
2025-01-06 19:30:00,23.579999923706055,23.600000381469727,23.540000915527344,23.56999969482422,79657
2025-01-06 20:30:00,23.565000534057617,23.625,23.524999618530273,23.530000686645508,192778
2025-01-07 14:30:00,24.25,24.860000610351562,24.239999771118164,24.770000457763672,546815
2025-01-07 15:30:00,24.774999618530273,24.799999237060547,24.510000228881836,24.7450008392334,226671
2025-01-07 16:30:00,24.7450008392334,24.895000457763672,24.690000534057617,24.864999771118164,174518
2025-01-07 17:30:00,24.860000610351562,24.8799991607666,24.760000228881836,24.774999618530273,104738
2025-01-07 18:30:00,24.770000457763672,24.780000686645508,24.6299991607666,24.65999984741211,224425
2025-01-07 19:30:00,24.65999984741211,24.709999084472656,24.40999984741211,24.40999984741211,193034
2025-01-07 20:30:00,24.405000686645508,24.450000762939453,24.299999237060547,24.440000534057617,469169
2025-01-08 14:30:00,24.81999969482422,24.899999618530273,24.610000610351562,24.783475875854492,575262
2025-01-08 15:30:00,24.780000686645508,25.079999923706055,24.780000686645508,25.045000076293945,254816
2025-01-08 16:30:00,25.049999237060547,25.190000534057617,25.049999237060547,25.059999465942383,193198
2025-01-08 17:30:00,25.059999465942383,25.059999465942383,24.8799991607666,25.0,188727
2025-01-08 18:30:00,25.0049991607666,25.104999542236328,24.889999389648438,25.100000381469727,190833
2025-01-08 19:30:00,25.104999542236328,25.15999984741211,25.0,25.094999313354492,186843
2025-01-08 20:30:00,25.09000015258789,25.216999053955078,25.049999237060547,25.18000030517578,558431
2025-01-10 14:30:00,26.1200008392334,26.239999771118164,25.85420036315918,25.979999542236328,722636
2025-01-10 15:30:00,25.989999771118164,26.110000610351562,25.809999465942383,25.950000762939453,403951
2025-01-10 16:30:00,25.940000534057617,26.125,25.905000686645508,25.969999313354492,189190
2025-01-10 17:30:00,25.979999542236328,26.010000228881836,25.8799991607666,25.8799991607666,161817
2025-01-10 18:30:00,25.8799991607666,26.06999969482422,25.844999313354492,26.03499984741211,307111
2025-01-10 19:30:00,26.030000686645508,26.045000076293945,25.940000534057617,25.950000762939453,354480
2025-01-10 20:30:00,25.954999923706055,26.06999969482422,25.8799991607666,25.979999542236328,739835
2025-01-13 14:30:00,25.530000686645508,25.764999389648438,25.261999130249023,25.610000610351562,435781
2025-01-13 15:30:00,25.600000381469727,25.799999237060547,25.575000762939453,25.75,220548
2025-01-13 16:30:00,25.760000228881836,25.760000228881836,25.510000228881836,25.549999237060547,122477
2025-01-13 17:30:00,25.545000076293945,25.639999389648438,25.469999313354492,25.489999771118164,121511
2025-01-13 18:30:00,25.479999542236328,25.520000457763672,25.3799991607666,25.420000076293945,120934
2025-01-13 19:30:00,25.415000915527344,25.565000534057617,25.389999389648438,25.475000381469727,185815
2025-01-13 20:30:00,25.47010040283203,25.600000381469727,25.43000030517578,25.450000762939453,428710
2025-01-14 14:30:00,25.844999313354492,26.540000915527344,25.739999771118164,26.510000228881836,1283765
2025-01-14 15:30:00,26.510000228881836,26.614999771118164,26.329999923706055,26.3799991607666,494210
2025-01-14 16:30:00,26.389999389648438,26.579999923706055,26.389999389648438,26.520000457763672,193502
2025-01-14 17:30:00,26.520000457763672,26.520000457763672,26.31999969482422,26.399999618530273,135942
2025-01-14 18:30:00,26.399999618530273,26.530000686645508,26.3700008392334,26.5,205867
2025-01-14 19:30:00,26.5,26.510000228881836,26.229999542236328,26.280000686645508,240521
2025-01-14 20:30:00,26.274999618530273,26.479999542236328,26.219999313354492,26.3799991607666,554963
2025-01-15 14:30:00,26.940000534057617,27.0,26.420000076293945,26.90999984741211,829427
2025-01-15 15:30:00,26.899999618530273,26.975000381469727,26.799999237060547,26.959999084472656,272228
2025-01-15 16:30:00,26.954999923706055,27.049999237060547,26.864999771118164,26.90999984741211,233823
2025-01-15 17:30:00,26.90999984741211,26.93000030517578,26.799999237060547,26.84000015258789,290856
2025-01-15 18:30:00,26.84000015258789,27.020000457763672,26.799999237060547,27.020000457763672,136330
2025-01-15 19:30:00,27.014999389648438,27.111000061035156,26.940000534057617,27.111000061035156,160690
2025-01-15 20:30:00,27.110000610351562,27.190000534057617,27.049999237060547,27.170000076293945,626893
2025-01-16 14:30:00,27.31999969482422,27.6200008392334,27.200000762939453,27.424999237060547,481032
2025-01-16 15:30:00,27.420000076293945,27.530000686645508,27.3799991607666,27.479999542236328,357420
2025-01-16 16:30:00,27.479999542236328,27.549999237060547,27.34000015258789,27.43000030517578,548591
2025-01-16 17:30:00,27.424999237060547,27.520000457763672,27.209999084472656,27.209999084472656,152752
2025-01-16 18:30:00,27.209999084472656,27.229999542236328,27.040000915527344,27.040000915527344,203948
2025-01-16 19:30:00,27.040000915527344,27.06999969482422,26.899999618530273,26.940000534057617,338403
2025-01-16 20:30:00,26.934999465942383,26.969999313354492,26.8700008392334,26.969999313354492,482054
2025-01-17 14:30:00,27.0,27.31999969482422,26.780000686645508,27.21500015258789,488659
2025-01-17 15:30:00,27.225000381469727,27.405000686645508,27.1200008392334,27.405000686645508,170654
2025-01-17 16:30:00,27.405000686645508,27.510000228881836,27.309999465942383,27.364999771118164,166152
2025-01-17 17:30:00,27.3700008392334,27.405000686645508,27.325000762939453,27.33180046081543,136629
2025-01-17 18:30:00,27.334999084472656,27.420000076293945,27.309999465942383,27.3700008392334,145981
2025-01-17 19:30:00,27.3799991607666,27.395000457763672,27.170000076293945,27.25,280714
2025-01-17 20:30:00,27.260000228881836,27.420000076293945,27.25,27.309999465942383,570087
2025-01-21 14:30:00,27.920000076293945,28.139999389648438,27.729999542236328,28.139999389648438,505068
2025-01-21 15:30:00,28.1299991607666,28.18000030517578,27.850000381469727,27.96500015258789,326721
2025-01-21 16:30:00,27.969999313354492,28.049999237060547,27.850000381469727,27.875,191894
2025-01-21 17:30:00,27.8700008392334,27.989999771118164,27.8700008392334,27.920000076293945,160533
2025-01-21 18:30:00,27.93000030517578,28.010000228881836,27.850000381469727,27.889999389648438,185709
2025-01-21 19:30:00,27.8799991607666,27.915000915527344,27.84000015258789,27.915000915527344,196063
2025-01-21 20:30:00,27.90999984741211,28.0,27.8700008392334,27.979999542236328,444746
2025-01-22 14:30:00,28.760000228881836,28.760000228881836,27.920000076293945,28.1200008392334,701895
2025-01-22 15:30:00,28.1299991607666,28.190000534057617,27.950000762939453,27.979900360107422,180241
2025-01-22 16:30:00,27.959999084472656,28.15999984741211,27.940000534057617,28.0310001373291,171492
2025-01-22 17:30:00,28.0310001373291,28.270000457763672,28.0,28.239999771118164,142463
2025-01-22 18:30:00,28.25,28.290000915527344,28.200000762939453,28.209999084472656,124961
2025-01-22 19:30:00,28.20949935913086,28.209999084472656,28.020000457763672,28.100000381469727,139663
2025-01-22 20:30:00,28.09000015258789,28.100000381469727,27.90999984741211,27.979999542236328,345547
2025-01-23 14:30:00,27.940000534057617,28.049999237060547,27.6299991607666,27.649999618530273,441570
2025-01-23 15:30:00,27.65999984741211,27.739999771118164,27.440000534057617,27.549999237060547,137184
2025-01-23 16:30:00,27.559999465942383,27.719999313354492,27.527999877929688,27.709999084472656,135539
2025-01-23 17:30:00,27.725000381469727,27.93000030517578,27.701000213623047,27.875,164080
2025-01-23 18:30:00,27.8799991607666,27.949899673461914,27.799999237060547,27.821699142456055,227787
2025-01-23 19:30:00,27.815000534057617,27.979999542236328,27.809999465942383,27.959999084472656,165783
2025-01-23 20:30:00,27.950000762939453,28.03499984741211,27.84000015258789,27.989999771118164,300775
2025-01-24 14:30:00,28.6299991607666,28.68000030517578,28.290000915527344,28.40999984741211,473436
2025-01-24 15:30:00,28.40999984741211,28.420000076293945,28.049999237060547,28.239999771118164,164146
2025-01-24 16:30:00,28.25,28.489999771118164,28.239999771118164,28.329999923706055,143709
2025-01-24 17:30:00,28.33009910583496,28.364999771118164,28.270000457763672,28.344999313354492,64804
2025-01-24 18:30:00,28.350000381469727,28.350000381469727,28.19099998474121,28.19099998474121,89078
2025-01-24 19:30:00,28.190000534057617,28.25,28.059999465942383,28.059999465942383,114593
2025-01-24 20:30:00,28.06100082397461,28.290000915527344,28.059999465942383,28.239999771118164,341459
2025-01-27 14:30:00,28.170000076293945,28.170000076293945,27.780000686645508,27.979999542236328,434952
2025-01-27 15:30:00,27.942800521850586,28.06999969482422,27.889999389648438,27.895000457763672,145735
2025-01-27 16:30:00,27.889999389648438,28.010000228881836,27.790000915527344,27.8700008392334,233261
2025-01-27 17:30:00,27.8700008392334,27.90999984741211,27.780000686645508,27.790000915527344,114032
2025-01-27 18:30:00,27.799999237060547,27.90999984741211,27.770000457763672,27.850000381469727,196553
2025-01-27 19:30:00,27.860000610351562,27.885000228881836,27.75,27.815000534057617,143228
2025-01-27 20:30:00,27.81999969482422,28.010000228881836,27.815000534057617,28.010000228881836,358831
2025-01-28 14:30:00,27.950000762939453,28.020000457763672,27.6299991607666,27.770000457763672,307999
2025-01-28 15:30:00,27.760000228881836,27.790000915527344,27.479999542236328,27.489999771118164,223870
2025-01-28 16:30:00,27.510000228881836,27.6299991607666,27.510000228881836,27.600000381469727,146038
2025-01-28 17:30:00,27.600000381469727,27.670000076293945,27.55500030517578,27.65999984741211,105267
2025-01-28 18:30:00,27.655000686645508,27.84000015258789,27.655000686645508,27.81999969482422,145644
2025-01-28 19:30:00,27.829999923706055,28.1200008392334,27.81999969482422,28.1200008392334,189091
2025-01-28 20:30:00,28.1200008392334,28.260000228881836,28.1200008392334,28.149999618530273,486480
2025-01-29 14:30:00,28.1200008392334,28.559999465942383,28.020000457763672,28.364500045776367,318280
2025-01-29 15:30:00,28.3700008392334,28.5,28.334999084472656,28.459999084472656,76157
2025-01-29 16:30:00,28.459999084472656,28.520000457763672,28.3700008392334,28.375,90824
2025-01-29 17:30:00,28.3799991607666,28.40999984741211,28.299999237060547,28.40999984741211,87996
2025-01-29 18:30:00,28.420000076293945,28.424999237060547,28.1200008392334,28.15999984741211,160873
2025-01-29 19:30:00,28.149999618530273,28.464000701904297,28.149999618530273,28.40999984741211,119417
2025-01-29 20:30:00,28.420000076293945,28.5049991607666,28.3700008392334,28.489999771118164,170589
2025-01-30 14:30:00,29.31999969482422,29.920000076293945,29.299999237060547,29.850000381469727,725104
2025-01-30 15:30:00,29.84000015258789,29.989999771118164,29.729999542236328,29.809999465942383,287106
2025-01-30 16:30:00,29.819900512695312,29.93000030517578,29.790000915527344,29.895000457763672,505165
2025-01-30 17:30:00,29.90999984741211,29.989999771118164,29.760000228881836,29.760000228881836,106797
2025-01-30 18:30:00,29.760000228881836,29.915000915527344,29.75,29.895000457763672,168473
2025-01-30 19:30:00,29.889999389648438,29.934999465942383,29.84000015258789,29.899999618530273,266690
2025-01-30 20:30:00,29.899999618530273,29.950000762939453,29.665000915527344,29.940000534057617,640805
2025-01-31 14:30:00,30.229999542236328,30.40999984741211,30.045000076293945,30.270000457763672,738220
2025-01-31 15:30:00,30.239999771118164,30.34000015258789,30.149999618530273,30.18000030517578,289057
2025-01-31 16:30:00,30.18000030517578,30.479999542236328,30.15999984741211,30.440000534057617,187023
2025-01-31 17:30:00,30.450000762939453,30.479999542236328,30.3700008392334,30.40999984741211,283263
2025-01-31 18:30:00,30.399999618530273,30.43000030517578,30.06999969482422,30.21500015258789,320758
2025-01-31 19:30:00,30.219999313354492,30.219999313354492,29.980100631713867,30.045000076293945,470996
2025-01-31 20:30:00,30.040000915527344,30.260000228881836,30.030000686645508,30.219999313354492,640659
2025-02-03 14:30:00,30.729999542236328,31.579999923706055,30.4950008392334,30.959999084472656,716696
2025-02-03 15:30:00,30.950000762939453,31.049999237060547,30.459999084472656,30.979999542236328,657727
2025-02-03 16:30:00,30.979999542236328,31.229999542236328,30.899999618530273,31.190000534057617,235607
2025-02-03 17:30:00,31.190000534057617,31.25,30.969999313354492,31.003999710083008,251604
2025-02-03 18:30:00,31.0,31.270000457763672,30.979999542236328,31.25,232059
2025-02-03 19:30:00,31.229999542236328,31.360000610351562,31.06329917907715,31.06329917907715,287494
2025-02-03 20:30:00,31.065000534057617,31.200000762939453,31.010000228881836,31.139999389648438,500793
2025-02-04 14:30:00,30.94499969482422,31.268400192260742,30.809999465942383,31.19499969482422,468001
2025-02-04 15:30:00,31.200000762939453,31.253400802612305,30.75,30.875,201926
2025-02-04 16:30:00,30.889999389648438,30.899999618530273,30.790000915527344,30.84000015258789,125744
2025-02-04 17:30:00,30.846500396728516,30.989999771118164,30.83099937438965,30.954999923706055,150611
2025-02-04 18:30:00,30.959999084472656,31.030000686645508,30.899999618530273,30.899999618530273,143140
2025-02-04 19:30:00,30.899999618530273,30.989999771118164,30.885000228881836,30.93000030517578,182956
2025-02-04 20:30:00,30.940000534057617,31.049999237060547,30.834999084472656,30.860000610351562,326252
2025-02-05 14:30:00,31.479999542236328,32.10900115966797,31.399999618530273,31.829999923706055,653964
2025-02-05 15:30:00,31.844999313354492,32.220001220703125,31.719999313354492,31.959999084472656,350313
2025-02-05 16:30:00,31.959999084472656,32.04999923706055,31.8799991607666,31.954999923706055,219475
2025-02-05 17:30:00,31.950000762939453,31.967300415039062,31.850000381469727,31.885000228881836,159619
2025-02-05 18:30:00,31.889999389648438,31.93000030517578,31.719999313354492,31.829999923706055,385386
2025-02-05 19:30:00,31.81999969482422,31.829999923706055,31.68000030517578,31.79010009765625,231217
2025-02-05 20:30:00,31.790000915527344,32.04999923706055,31.790000915527344,32.0099983215332,420661
2025-02-06 14:30:00,31.770000457763672,31.770000457763672,31.059999465942383,31.15999984741211,497457
2025-02-06 15:30:00,31.174999237060547,31.530000686645508,31.174999237060547,31.440000534057617,231818
2025-02-06 16:30:00,31.440000534057617,31.459999084472656,31.239999771118164,31.280000686645508,114876
2025-02-06 17:30:00,31.280000686645508,31.28499984741211,31.15999984741211,31.28499984741211,110823
2025-02-06 18:30:00,31.28499984741211,31.309999465942383,31.25,31.25,65404
2025-02-06 19:30:00,31.239999771118164,31.269899368286133,31.06999969482422,31.200000762939453,180252
2025-02-06 20:30:00,31.209999084472656,31.514999389648438,31.200000762939453,31.489999771118164,414720
2025-02-07 14:30:00,31.860000610351562,31.940000534057617,31.530000686645508,31.6200008392334,576844
2025-02-07 15:30:00,31.6200008392334,31.989999771118164,31.56999969482422,31.690000534057617,261770
2025-02-07 16:30:00,31.729999542236328,31.75,31.260000228881836,31.530000686645508,208748
2025-02-07 17:30:00,31.506000518798828,31.68000030517578,31.479999542236328,31.610000610351562,81436
2025-02-07 18:30:00,31.591999053955078,31.649999618530273,31.520999908447266,31.540000915527344,75764
2025-02-07 19:30:00,31.530000686645508,31.584999084472656,31.469999313354492,31.475000381469727,85971
2025-02-07 20:30:00,31.479999542236328,31.540000915527344,31.399999618530273,31.399999618530273,259287
2025-02-10 14:30:00,33.0,33.32809829711914,32.7599983215332,33.18000030517578,871555
2025-02-10 15:30:00,33.189998626708984,33.54990005493164,33.099998474121094,33.21500015258789,659037
2025-02-10 16:30:00,33.21500015258789,33.5,33.189998626708984,33.40999984741211,408439
2025-02-10 17:30:00,33.40999984741211,33.43000030517578,33.2599983215332,33.310001373291016,191982
2025-02-10 18:30:00,33.31999969482422,33.369998931884766,33.18000030517578,33.279998779296875,234613
2025-02-10 19:30:00,33.27000045776367,33.61000061035156,33.25,33.529998779296875,314858
2025-02-10 20:30:00,33.52000045776367,33.61000061035156,33.380001068115234,33.61000061035156,459316
2025-02-11 14:30:00,33.150001525878906,33.529998779296875,33.040000915527344,33.514801025390625,479888
2025-02-11 15:30:00,33.5099983215332,33.755001068115234,33.41999816894531,33.72999954223633,470229
2025-02-11 16:30:00,33.73500061035156,33.76530075073242,33.57500076293945,33.720001220703125,174426
2025-02-11 17:30:00,33.689998626708984,33.72999954223633,33.56999969482422,33.58000183105469,108152
2025-02-11 18:30:00,33.58000183105469,33.689998626708984,33.52000045776367,33.630001068115234,220524
2025-02-11 19:30:00,33.6349983215332,33.70000076293945,33.38999938964844,33.400001525878906,246021
2025-02-11 20:30:00,33.400001525878906,33.459999084472656,33.33000183105469,33.40999984741211,415650
2025-02-12 14:30:00,32.779998779296875,33.130001068115234,32.698001861572266,33.125,784226
2025-02-12 15:30:00,33.130001068115234,33.22999954223633,33.06999969482422,33.20000076293945,214813
2025-02-12 16:30:00,33.19499969482422,33.58000183105469,33.19499969482422,33.54999923706055,185480
2025-02-12 17:30:00,33.54999923706055,33.63999938964844,33.48659896850586,33.53499984741211,126083
2025-02-12 18:30:00,33.52000045776367,33.54999923706055,33.150001525878906,33.20500183105469,177076
2025-02-12 19:30:00,33.189998626708984,33.23870086669922,33.09000015258789,33.119998931884766,183210
2025-02-12 20:30:00,33.11000061035156,33.290000915527344,33.08000183105469,33.130001068115234,461462
2025-02-13 14:30:00,32.91999816894531,33.099998474121094,32.560001373291016,32.9900016784668,366311
2025-02-13 15:30:00,32.98500061035156,33.25,32.95500183105469,33.13999938964844,116200
2025-02-13 16:30:00,33.130001068115234,33.209999084472656,33.02000045776367,33.06999969482422,70509
2025-02-13 17:30:00,33.060001373291016,33.12730026245117,32.93000030517578,32.97999954223633,66546
2025-02-13 18:30:00,32.9900016784668,33.220001220703125,32.939998626708984,33.18000030517578,87482
2025-02-13 19:30:00,33.18000030517578,33.34000015258789,33.15999984741211,33.3109016418457,105151
2025-02-13 20:30:00,33.310001373291016,33.34000015258789,33.189998626708984,33.2400016784668,242202
2025-02-14 14:30:00,33.58000183105469,33.61000061035156,32.779998779296875,32.82500076293945,328033
2025-02-14 15:30:00,32.810001373291016,32.810001373291016,32.400001525878906,32.474998474121094,315593
2025-02-14 16:30:00,32.459999084472656,32.58000183105469,32.38999938964844,32.41999816894531,145192
2025-02-14 17:30:00,32.40999984741211,32.470001220703125,32.349998474121094,32.40999984741211,160708
2025-02-14 18:30:00,32.40999984741211,32.40999984741211,32.31999969482422,32.33100128173828,172408
2025-02-14 19:30:00,32.33000183105469,32.34000015258789,32.130001068115234,32.20000076293945,147012
2025-02-14 20:30:00,32.20000076293945,32.20000076293945,32.04999923706055,32.18000030517578,353018
2025-02-18 14:30:00,31.854999542236328,32.06999969482422,31.719999313354492,31.899999618530273,539046
2025-02-18 15:30:00,31.8799991607666,32.11000061035156,31.780000686645508,31.83099937438965,143344
2025-02-18 16:30:00,31.834999084472656,32.04499816894531,31.68000030517578,32.029998779296875,166746
2025-02-18 17:30:00,32.02000045776367,32.18000030517578,32.0099983215332,32.02000045776367,146157
2025-02-18 18:30:00,32.029998779296875,32.06999969482422,31.950000762939453,32.0,140692
2025-02-18 19:30:00,31.989999771118164,32.13999938964844,31.985000610351562,32.064998626708984,196823
2025-02-18 20:30:00,32.064998626708984,32.18000030517578,32.04999923706055,32.16999816894531,390835
2025-02-19 14:30:00,29.309999465942383,29.989900588989258,29.270000457763672,29.787500381469727,1481699
2025-02-19 15:30:00,29.790000915527344,30.31999969482422,29.68000030517578,30.280000686645508,400410
2025-02-19 16:30:00,30.280000686645508,30.479999542236328,30.190000534057617,30.420000076293945,459885
2025-02-19 17:30:00,30.420000076293945,30.655000686645508,30.3700008392334,30.639999389648438,364820
2025-02-19 18:30:00,30.639999389648438,30.850000381469727,30.6299991607666,30.84000015258789,423864
2025-02-19 19:30:00,30.829999923706055,30.860000610351562,30.600000381469727,30.80500030517578,524493
2025-02-19 20:30:00,30.80500030517578,31.110000610351562,30.799999237060547,31.079999923706055,1120655
2025-02-20 14:30:00,31.559999465942383,33.060001373291016,31.559999465942383,32.970001220703125,848640
2025-02-20 15:30:00,32.970001220703125,33.04999923706055,32.56999969482422,32.900001525878906,422379
2025-02-20 16:30:00,32.880001068115234,32.91999816894531,32.52000045776367,32.70000076293945,393234
2025-02-20 17:30:00,32.689998626708984,32.689998626708984,32.25,32.279998779296875,149800
2025-02-20 18:30:00,32.27000045776367,32.429901123046875,32.2599983215332,32.36000061035156,182630
2025-02-20 19:30:00,32.349998474121094,32.50979995727539,32.09000015258789,32.09000015258789,301977
2025-02-20 20:30:00,32.09000015258789,32.130001068115234,31.90999984741211,31.989999771118164,702298
2025-02-21 14:30:00,31.34000015258789,31.6299991607666,31.139999389648438,31.3700008392334,542347
2025-02-21 15:30:00,31.3799991607666,31.774999618530273,31.3799991607666,31.729999542236328,243889
2025-02-21 16:30:00,31.729999542236328,31.90999984741211,31.649999618530273,31.8700008392334,188168
2025-02-21 17:30:00,31.8700008392334,31.899999618530273,31.690000534057617,31.719999313354492,149481
2025-02-21 18:30:00,31.709999084472656,31.959999084472656,31.690000534057617,31.770000457763672,238755
2025-02-21 19:30:00,31.780000686645508,31.80500030517578,31.5,31.611600875854492,222195
2025-02-21 20:30:00,31.614999771118164,31.735000610351562,31.559999465942383,31.65999984741211,580843
2025-02-24 14:30:00,32.04999923706055,32.04999923706055,31.190000534057617,31.190000534057617,427244
2025-02-24 15:30:00,31.190000534057617,31.479999542236328,31.18000030517578,31.420000076293945,159217
2025-02-24 16:30:00,31.440000534057617,31.739999771118164,31.40999984741211,31.729999542236328,164487
2025-02-24 17:30:00,31.739999771118164,31.90999984741211,31.719999313354492,31.8700008392334,101539
2025-02-24 18:30:00,31.8799991607666,32.02000045776367,31.850000381469727,32.0,127075
2025-02-24 19:30:00,32.02000045776367,32.11000061035156,31.90999984741211,31.939899444580078,170152
2025-02-24 20:30:00,31.940000534057617,32.040000915527344,31.84000015258789,31.8799991607666,227591
2025-02-25 14:30:00,31.56999969482422,31.56999969482422,30.6200008392334,30.639999389648438,621642
2025-02-25 15:30:00,30.6200008392334,30.7450008392334,30.420000076293945,30.559999465942383,492136
2025-02-25 16:30:00,30.559999465942383,30.700000762939453,30.469999313354492,30.6299991607666,164722
2025-02-25 17:30:00,30.625,30.770000457763672,30.6200008392334,30.68000030517578,157133
2025-02-25 18:30:00,30.68000030517578,30.81999969482422,30.6200008392334,30.659900665283203,135817
2025-02-25 19:30:00,30.65999984741211,31.020000457763672,30.65999984741211,30.9950008392334,211525
2025-02-25 20:30:00,30.979999542236328,30.989999771118164,30.780000686645508,30.799999237060547,407255
2025-02-26 14:30:00,30.110000610351562,30.959999084472656,30.0487003326416,30.829999923706055,517504
2025-02-26 15:30:00,30.81999969482422,31.030000686645508,30.81999969482422,30.90999984741211,157890
2025-02-26 16:30:00,30.920000076293945,31.030000686645508,30.850000381469727,31.020000457763672,103637
2025-02-26 17:30:00,31.030000686645508,31.050800323486328,30.8799991607666,30.885000228881836,111255
2025-02-26 18:30:00,30.8700008392334,30.926799774169922,30.80500030517578,30.90999984741211,46896
2025-02-26 19:30:00,30.90999984741211,30.989999771118164,30.8700008392334,30.989999771118164,101534
2025-02-26 20:30:00,30.985000610351562,31.049999237060547,30.920000076293945,31.040000915527344,267206
2025-02-27 14:30:00,29.920000076293945,30.094999313354492,29.520000457763672,29.709999084472656,751684
2025-02-27 15:30:00,29.709999084472656,29.809999465942383,29.459999084472656,29.639999389648438,288164
2025-02-27 16:30:00,29.639999389648438,29.889999389648438,29.639999389648438,29.8799991607666,207578
2025-02-27 17:30:00,29.8799991607666,30.020000457763672,29.844999313354492,30.0,147494
2025-02-27 18:30:00,30.0,30.059999465942383,29.549999237060547,29.549999237060547,285519
2025-02-27 19:30:00,29.549999237060547,29.600000381469727,29.295000076293945,29.295000076293945,294218
2025-02-27 20:30:00,29.299999237060547,29.40999984741211,29.260000228881836,29.31999969482422,407933
2025-02-28 14:30:00,28.68000030517578,29.229999542236328,28.44499969482422,29.209999084472656,849041
2025-02-28 15:30:00,29.219999313354492,29.469999313354492,29.139999389648438,29.18000030517578,174906
2025-02-28 16:30:00,29.170000076293945,29.299999237060547,29.139999389648438,29.2549991607666,169524
2025-02-28 17:30:00,29.2549991607666,29.350000381469727,29.17490005493164,29.219999313354492,149707
2025-02-28 18:30:00,29.225000381469727,29.469999313354492,29.059999465942383,29.174999237060547,174559
2025-02-28 19:30:00,29.15999984741211,29.450000762939453,29.149999618530273,29.31999969482422,146910
2025-02-28 20:30:00,29.31999969482422,29.479999542236328,29.139999389648438,29.450000762939453,748971
2025-03-03 14:30:00,30.43000030517578,30.729999542236328,30.09000015258789,30.479999542236328,617823
2025-03-03 15:30:00,30.48979949951172,30.5,30.110000610351562,30.209999084472656,229974
2025-03-03 16:30:00,30.219999313354492,30.260000228881836,30.0,30.020000457763672,245986
2025-03-03 17:30:00,30.020000457763672,30.1299991607666,29.790000915527344,29.809999465942383,143770
2025-03-03 18:30:00,29.81999969482422,29.93000030517578,29.739999771118164,29.790000915527344,159361
2025-03-03 19:30:00,29.799999237060547,29.854999542236328,29.299999237060547,29.350000381469727,296678
2025-03-03 20:30:00,29.3700008392334,29.559999465942383,29.280000686645508,29.559999465942383,501337
2025-03-04 14:30:00,30.450000762939453,30.760000228881836,29.68000030517578,29.7450008392334,694749
2025-03-04 15:30:00,29.75,30.049999237060547,29.56999969482422,30.020000457763672,308906
2025-03-04 16:30:00,30.030000686645508,30.540000915527344,30.020000457763672,30.329999923706055,192805
2025-03-04 17:30:00,30.350000381469727,30.3799991607666,30.18000030517578,30.239999771118164,131944
2025-03-04 18:30:00,30.239999771118164,30.6299991607666,30.225000381469727,30.540000915527344,162110
2025-03-04 19:30:00,30.549999237060547,30.729999542236328,30.549999237060547,30.6299991607666,265247
2025-03-04 20:30:00,30.6299991607666,30.635000228881836,30.270000457763672,30.3799991607666,408807
2025-03-05 14:30:00,30.190000534057617,31.06999969482422,30.100000381469727,31.024999618530273,319994
2025-03-05 15:30:00,31.024999618530273,31.204999923706055,30.959999084472656,31.049999237060547,113622
2025-03-05 16:30:00,31.040000915527344,31.219999313354492,30.989999771118164,31.110000610351562,171222
2025-03-05 17:30:00,31.110000610351562,31.219999313354492,31.079999923706055,31.139999389648438,107284
2025-03-05 18:30:00,31.139999389648438,31.209999084472656,31.040000915527344,31.040000915527344,126656
2025-03-05 19:30:00,31.040000915527344,31.209999084472656,31.010000228881836,31.200000762939453,174347
2025-03-05 20:30:00,31.190000534057617,31.34000015258789,31.079999923706055,31.280000686645508,390955
2025-03-06 14:30:00,31.049999237060547,31.850000381469727,31.03059959411621,31.469999313354492,542986
2025-03-06 15:30:00,31.459999084472656,31.760000228881836,31.3700008392334,31.700000762939453,171291
2025-03-06 16:30:00,31.719999313354492,31.760000228881836,31.40999984741211,31.420000076293945,114014
2025-03-06 17:30:00,31.43000030517578,31.450000762939453,31.18000030517578,31.190000534057617,141597
2025-03-06 18:30:00,31.200000762939453,31.219999313354492,30.850000381469727,30.8799991607666,165321
2025-03-06 19:30:00,30.8799991607666,31.045000076293945,30.770000457763672,30.8700008392334,192529
2025-03-06 20:30:00,30.8700008392334,30.93000030517578,30.81999969482422,30.889999389648438,296097
2025-03-07 14:30:00,31.8799991607666,32.559898376464844,31.649999618530273,32.099998474121094,840828
2025-03-07 15:30:00,32.11000061035156,32.1349983215332,31.639999389648438,31.670000076293945,341758
2025-03-07 16:30:00,31.68000030517578,31.709999084472656,31.299999237060547,31.385000228881836,244953
2025-03-07 17:30:00,31.385000228881836,31.709999084472656,31.360000610351562,31.649999618530273,236240
2025-03-07 18:30:00,31.649999618530273,31.989999771118164,31.649999618530273,31.8700008392334,220052
2025-03-07 19:30:00,31.8700008392334,32.0099983215332,31.799999237060547,31.934999465942383,334062
2025-03-07 20:30:00,31.93000030517578,31.969999313354492,31.479999542236328,31.479999542236328,666028
2025-03-10 13:30:00,31.479999542236328,31.540000915527344,30.829999923706055,31.079999923706055,783912
2025-03-10 14:30:00,31.05500030517578,31.270000457763672,30.860000610351562,31.219999313354492,410708
2025-03-10 15:30:00,31.225000381469727,31.325000762939453,31.040000915527344,31.149999618530273,157483
2025-03-10 16:30:00,31.155000686645508,31.219999313354492,30.540000915527344,30.549999237060547,169404
2025-03-10 17:30:00,30.545000076293945,30.559999465942383,30.25,30.349000930786133,202177
2025-03-10 18:30:00,30.34000015258789,30.829999923706055,30.190000534057617,30.780000686645508,487842
2025-03-10 19:30:00,30.780000686645508,31.010000228881836,30.635000228881836,30.65999984741211,537199
2025-03-11 13:30:00,31.43000030517578,32.18000030517578,31.350000381469727,31.889999389648438,852563
2025-03-11 14:30:00,31.8799991607666,32.089698791503906,31.6299991607666,31.75,275607
2025-03-11 15:30:00,31.7450008392334,31.90999984741211,31.559999465942383,31.56100082397461,181166
2025-03-11 16:30:00,31.56999969482422,31.729999542236328,31.510000228881836,31.61400032043457,140445
2025-03-11 17:30:00,31.6200008392334,31.834999084472656,31.56999969482422,31.770000457763672,179555
2025-03-11 18:30:00,31.760000228881836,32.0,31.729999542236328,31.93000030517578,275334
2025-03-11 19:30:00,31.920000076293945,32.099998474121094,31.910999298095703,32.07500076293945,536293
2025-03-12 13:30:00,31.219999313354492,31.264999389648438,30.940000534057617,31.114999771118164,569199
2025-03-12 14:30:00,31.12619972229004,31.350000381469727,31.06999969482422,31.28499984741211,120904
2025-03-12 15:30:00,31.290000915527344,31.59000015258789,31.25,31.549999237060547,100922
2025-03-12 16:30:00,31.559999465942383,31.709999084472656,31.43000030517578,31.68000030517578,96199
2025-03-12 17:30:00,31.670000076293945,31.760000228881836,31.610000610351562,31.75,146033
2025-03-12 18:30:00,31.760000228881836,31.809999465942383,31.559999465942383,31.610000610351562,118884
2025-03-12 19:30:00,31.6200008392334,31.83810043334961,31.6200008392334,31.645000457763672,289481
2025-03-13 13:30:00,31.670000076293945,32.33610153198242,31.58099937438965,32.220001220703125,514197
2025-03-13 14:30:00,32.2400016784668,32.68000030517578,32.209999084472656,32.61000061035156,377257
2025-03-13 15:30:00,32.61000061035156,32.720001220703125,32.5099983215332,32.65999984741211,258339
2025-03-13 16:30:00,32.64500045776367,32.83000183105469,32.26300048828125,32.31999969482422,314777
2025-03-13 17:30:00,32.29999923706055,32.689998626708984,32.29999923706055,32.58000183105469,231034
2025-03-13 18:30:00,32.58000183105469,32.689998626708984,32.52000045776367,32.56999969482422,289681
2025-03-13 19:30:00,32.58000183105469,32.59960174560547,32.40999984741211,32.47999954223633,386194
2025-03-14 13:30:00,32.349998474121094,32.44499969482422,32.0,32.17499923706055,555142
2025-03-14 14:30:00,32.17499923706055,32.54499816894531,32.13010025024414,32.44499969482422,437347
2025-03-14 15:30:00,32.459999084472656,32.470001220703125,32.22999954223633,32.27000045776367,185214
2025-03-14 16:30:00,32.27000045776367,32.37990188598633,32.15999984741211,32.17499923706055,150273
2025-03-14 17:30:00,32.18000030517578,32.2599983215332,32.06999969482422,32.07500076293945,157873
2025-03-14 18:30:00,32.08000183105469,32.31999969482422,32.06999969482422,32.185001373291016,288630
2025-03-14 19:30:00,32.185001373291016,32.29999923706055,32.119998931884766,32.2400016784668,672967
2025-03-17 13:30:00,32.459999084472656,33.11000061035156,32.43000030517578,32.9900016784668,552529
2025-03-17 14:30:00,32.9900016784668,33.16999816894531,32.919898986816406,33.060001373291016,337878
2025-03-17 15:30:00,33.05500030517578,33.400001525878906,33.05500030517578,33.310001373291016,296945
2025-03-17 16:30:00,33.310001373291016,33.349998474121094,33.180999755859375,33.314998626708984,168863
2025-03-17 17:30:00,33.31919860839844,33.448299407958984,33.2599983215332,33.2599983215332,307286
2025-03-17 18:30:00,33.25,33.369998931884766,33.07500076293945,33.08000183105469,229383
2025-03-17 19:30:00,33.06999969482422,33.09000015258789,32.915000915527344,32.959999084472656,472417
2025-03-18 13:30:00,34.75,34.75,34.16999816894531,34.20000076293945,883674
2025-03-18 14:30:00,34.189998626708984,34.36000061035156,33.95000076293945,34.279998779296875,375158
2025-03-18 15:30:00,34.279998779296875,34.3650016784668,34.18000030517578,34.29499816894531,280911
2025-03-18 16:30:00,34.29499816894531,34.36000061035156,34.20000076293945,34.22999954223633,211309
2025-03-18 17:30:00,34.229801177978516,34.31999969482422,34.18000030517578,34.27000045776367,232521
2025-03-18 18:30:00,34.27000045776367,34.369998931884766,34.09000015258789,34.130001068115234,324471
2025-03-18 19:30:00,34.13999938964844,34.25,34.13999938964844,34.20000076293945,589382
2025-03-19 13:30:00,35.099998474121094,35.36000061035156,34.720001220703125,35.28499984741211,920499
2025-03-19 14:30:00,35.290000915527344,35.415000915527344,35.029998779296875,35.22999954223633,658350
2025-03-19 15:30:00,35.2599983215332,35.52000045776367,35.23210144042969,35.45000076293945,266436
2025-03-19 16:30:00,35.439998626708984,35.459999084472656,35.16999816894531,35.20500183105469,270639
2025-03-19 17:30:00,35.220001220703125,35.40999984741211,35.119998931884766,35.32500076293945,292453
2025-03-19 18:30:00,35.32500076293945,35.61000061035156,35.2400016784668,35.2599983215332,455185
2025-03-19 19:30:00,35.25,35.560001373291016,35.244998931884766,35.53499984741211,435657
2025-03-20 13:30:00,35.68000030517578,36.24810028076172,35.58000183105469,35.98500061035156,1479757
2025-03-20 14:30:00,35.98500061035156,36.45000076293945,35.98500061035156,36.18000030517578,867142
2025-03-20 15:30:00,36.18000030517578,36.369998931884766,36.150001525878906,36.185001373291016,372717
2025-03-20 16:30:00,36.189998626708984,36.42020034790039,36.130001068115234,36.345001220703125,573905
2025-03-20 17:30:00,36.349998474121094,36.470001220703125,36.209999084472656,36.34000015258789,458598
2025-03-20 18:30:00,36.34000015258789,36.54999923706055,36.27399826049805,36.53499984741211,418538
2025-03-20 19:30:00,36.540000915527344,36.689998626708984,36.459999084472656,36.47999954223633,817319
2025-03-21 13:30:00,35.79999923706055,36.20000076293945,35.36000061035156,35.584999084472656,494116
2025-03-21 14:30:00,35.56999969482422,35.609798431396484,35.30179977416992,35.56999969482422,324999
2025-03-21 15:30:00,35.560001373291016,35.650001525878906,35.45000076293945,35.54999923706055,268223
2025-03-21 16:30:00,35.559898376464844,35.599998474121094,35.38999938964844,35.400001525878906,138341
2025-03-21 17:30:00,35.38999938964844,35.5,35.25,35.290000915527344,149988
2025-03-21 18:30:00,35.290000915527344,35.36000061035156,35.13999938964844,35.290000915527344,255530
2025-03-21 19:30:00,35.290000915527344,35.52000045776367,35.290000915527344,35.439998626708984,318131
2025-03-24 13:30:00,35.44499969482422,35.560001373291016,35.150001525878906,35.2849006652832,507926
2025-03-24 14:30:00,35.290000915527344,35.33000183105469,35.000999450683594,35.095001220703125,207110
2025-03-24 15:30:00,35.08000183105469,35.345001220703125,35.06999969482422,35.25,170175
2025-03-24 16:30:00,35.25,35.31999969482422,35.060001373291016,35.08000183105469,132905
2025-03-24 17:30:00,35.06999969482422,35.099998474121094,34.900001525878906,34.9276008605957,115933
2025-03-24 18:30:00,34.939998626708984,35.064998626708984,34.720001220703125,34.7400016784668,212962
2025-03-24 19:30:00,34.7400016784668,34.90999984741211,34.689998626708984,34.845001220703125,476710
2025-03-25 13:30:00,35.67499923706055,36.15999984741211,35.56999969482422,35.8650016784668,555204
2025-03-25 14:30:00,35.849998474121094,35.979801177978516,35.689998626708984,35.72999954223633,156436
2025-03-25 15:30:00,35.72999954223633,35.790000915527344,35.59000015258789,35.7599983215332,132558
2025-03-25 16:30:00,35.75,35.85279846191406,35.70000076293945,35.709999084472656,83565
2025-03-25 17:30:00,35.70000076293945,35.86000061035156,35.65999984741211,35.689998626708984,126556
2025-03-25 18:30:00,35.689998626708984,35.72999954223633,35.58000183105469,35.630001068115234,158148
2025-03-25 19:30:00,35.619998931884766,35.73500061035156,35.540000915527344,35.599998474121094,358375
2025-03-26 13:30:00,35.435001373291016,35.619998931884766,35.36000061035156,35.400001525878906,274695
2025-03-26 14:30:00,35.3849983215332,35.7400016784668,35.3849983215332,35.54999923706055,93936
2025-03-26 15:30:00,35.560001373291016,35.56999969482422,35.420101165771484,35.52000045776367,52976
2025-03-26 16:30:00,35.540000915527344,35.579898834228516,35.47119903564453,35.474998474121094,68412
2025-03-26 17:30:00,35.459999084472656,35.599998474121094,35.43000030517578,35.540000915527344,80177
2025-03-26 18:30:00,35.54499816894531,35.56999969482422,35.45000076293945,35.5099983215332,130346
2025-03-26 19:30:00,35.5099983215332,35.599998474121094,35.48500061035156,35.56999969482422,187495
2025-03-27 13:30:00,35.84000015258789,36.130001068115234,35.61000061035156,36.04999923706055,253544
2025-03-27 14:30:00,36.025001525878906,36.29999923706055,36.0,36.26499938964844,133943
2025-03-27 15:30:00,36.2599983215332,36.364898681640625,36.06999969482422,36.080299377441406,113071
2025-03-27 16:30:00,36.10710144042969,36.150001525878906,35.93000030517578,35.93000030517578,121219
2025-03-27 17:30:00,35.93000030517578,36.04999923706055,35.90999984741211,35.959999084472656,146929
2025-03-27 18:30:00,35.970001220703125,36.14500045776367,35.91999816894531,36.119998931884766,103107
2025-03-27 19:30:00,36.11000061035156,36.20500183105469,36.060001373291016,36.18000030517578,285923
2025-03-28 13:30:00,37.75,38.15999984741211,37.125,37.189998626708984,1497799
2025-03-28 14:30:00,37.16999816894531,37.41899871826172,37.0099983215332,37.349998474121094,814294
2025-03-28 15:30:00,37.349998474121094,37.369998931884766,37.18000030517578,37.220001220703125,179491
2025-03-28 16:30:00,37.220001220703125,37.2400016784668,36.77000045776367,36.79999923706055,223127
2025-03-28 17:30:00,36.79999923706055,36.970001220703125,36.650001525878906,36.84000015258789,180530
2025-03-28 18:30:00,36.849998474121094,37.11000061035156,36.72999954223633,37.06999969482422,257458
2025-03-28 19:30:00,37.08000183105469,37.08000183105469,36.79999923706055,36.97999954223633,527867
2025-03-31 13:30:00,37.400001525878906,37.540000915527344,36.6338005065918,36.91999816894531,1111187
2025-03-31 14:30:00,36.91999816894531,37.43000030517578,36.85499954223633,37.279998779296875,476418
2025-03-31 15:30:00,37.28990173339844,37.28990173339844,37.0,37.130001068115234,246428
2025-03-31 16:30:00,37.10499954223633,37.38999938964844,37.040000915527344,37.064998626708984,175452
2025-03-31 17:30:00,37.06800079345703,37.290000915527344,37.0099983215332,37.269901275634766,171261
2025-03-31 18:30:00,37.255001068115234,37.349998474121094,37.13999938964844,37.20500183105469,293134
2025-03-31 19:30:00,37.18000030517578,37.38999938964844,37.11000061035156,37.119998931884766,562373
2025-04-01 13:30:00,38.0,38.630001068115234,37.79999923706055,37.88800048828125,1151912
2025-04-01 14:30:00,37.869998931884766,38.38999938964844,37.83000183105469,38.23500061035156,321061
2025-04-01 15:30:00,38.209999084472656,38.290000915527344,37.720001220703125,37.720001220703125,243622
2025-04-01 16:30:00,37.72999954223633,37.75,37.52000045776367,37.70000076293945,183387
2025-04-01 17:30:00,37.709999084472656,37.869998931884766,37.61000061035156,37.68000030517578,209757
2025-04-01 18:30:00,37.65999984741211,37.709999084472656,37.459999084472656,37.474998474121094,441748
2025-04-01 19:30:00,37.474998474121094,37.60749816894531,37.400001525878906,37.46500015258789,950921
2025-04-02 13:30:00,37.40999984741211,37.529998779296875,36.70000076293945,37.2599983215332,664845
2025-04-02 14:30:00,37.25199890136719,37.400001525878906,37.209999084472656,37.275001525878906,419406
2025-04-02 15:30:00,37.275001525878906,37.54999923706055,37.2599983215332,37.529998779296875,192138
2025-04-02 16:30:00,37.529998779296875,37.560001373291016,37.34000015258789,37.34000015258789,171448
2025-04-02 17:30:00,37.34000015258789,37.35499954223633,37.111000061035156,37.111000061035156,188613
2025-04-02 18:30:00,37.11000061035156,37.38999938964844,37.11000061035156,37.3849983215332,189060
2025-04-02 19:30:00,37.3849983215332,37.68000030517578,37.3849983215332,37.599998474121094,441098
2025-04-03 13:30:00,35.43000030517578,37.349998474121094,35.40999984741211,37.29999923706055,918730
2025-04-03 14:30:00,37.310001373291016,37.66999816894531,37.06999969482422,37.099998474121094,492267
2025-04-03 15:30:00,37.130001068115234,37.505001068115234,37.09000015258789,37.20000076293945,206035
2025-04-03 16:30:00,37.220001220703125,37.290000915527344,36.959999084472656,37.029998779296875,186266
2025-04-03 17:30:00,37.040000915527344,37.18000030517578,36.869998931884766,36.92499923706055,125133
2025-04-03 18:30:00,36.92499923706055,37.189998626708984,36.83000183105469,36.9900016784668,172711
2025-04-03 19:30:00,36.959999084472656,37.0099983215332,36.79999923706055,36.970001220703125,430679
2025-04-04 13:30:00,35.349998474121094,35.529998779296875,33.54999923706055,33.58000183105469,1204453
2025-04-04 14:30:00,33.56999969482422,34.400001525878906,33.09000015258789,33.81999969482422,915067
2025-04-04 15:30:00,33.79999923706055,33.95000076293945,33.529998779296875,33.95000076293945,258686
2025-04-04 16:30:00,33.94499969482422,34.095001220703125,33.36410140991211,33.599998474121094,240322
2025-04-04 17:30:00,33.59000015258789,33.88999938964844,33.42499923706055,33.470001220703125,261318
2025-04-04 18:30:00,33.45009994506836,33.619998931884766,33.15999984741211,33.43000030517578,575443
2025-04-04 19:30:00,33.40999984741211,33.77000045776367,33.40999984741211,33.54999923706055,517403
2025-04-07 13:30:00,32.72999954223633,34.93000030517578,31.90999984741211,33.38999938964844,920624
2025-04-07 14:30:00,33.31999969482422,33.900001525878906,32.70000076293945,32.724998474121094,483471
2025-04-07 15:30:00,32.76499938964844,33.48500061035156,32.709999084472656,33.43000030517578,225169
2025-04-07 16:30:00,33.400001525878906,33.625,32.97999954223633,33.470001220703125,213296
2025-04-07 17:30:00,33.470001220703125,33.752498626708984,33.28499984741211,33.349998474121094,265882
2025-04-07 18:30:00,33.369998931884766,33.619998931884766,32.959999084472656,33.095001220703125,335246
2025-04-07 19:30:00,33.099998474121094,33.439998626708984,33.09000015258789,33.349998474121094,465389
2025-04-08 13:30:00,34.34000015258789,34.49259948730469,33.87590026855469,34.38999938964844,590593
2025-04-08 14:30:00,34.380001068115234,34.46500015258789,34.10499954223633,34.27000045776367,374142
2025-04-08 15:30:00,34.25,34.623600006103516,34.220001220703125,34.4900016784668,206335
2025-04-08 16:30:00,34.5,34.529998779296875,33.56999969482422,33.60499954223633,252549
2025-04-08 17:30:00,33.60499954223633,33.97999954223633,33.540000915527344,33.540000915527344,227805
2025-04-08 18:30:00,33.55500030517578,34.029998779296875,33.150001525878906,33.31999969482422,255440
2025-04-08 19:30:00,33.290000915527344,33.29499816894531,32.869998931884766,33.150001525878906,401568
2025-04-09 13:30:00,36.290000915527344,36.9900016784668,36.0,36.189998626708984,2328540
2025-04-09 14:30:00,36.21500015258789,36.38999938964844,34.939998626708984,36.02000045776367,897835
2025-04-09 15:30:00,35.9900016784668,36.040000915527344,35.209999084472656,35.375,442255
2025-04-09 16:30:00,35.36000061035156,36.869998931884766,35.310001373291016,36.220001220703125,493083
2025-04-09 17:30:00,36.224998474121094,36.79999923706055,35.67100143432617,35.970001220703125,785133
2025-04-09 18:30:00,35.970001220703125,36.720001220703125,35.599998474121094,36.529998779296875,531984
2025-04-09 19:30:00,36.529998779296875,36.68000030517578,36.30459976196289,36.41999816894531,525721
2025-04-10 13:30:00,37.54999923706055,38.79999923706055,37.34000015258789,38.595001220703125,1095412
2025-04-10 14:30:00,38.599998474121094,39.06999969482422,38.43000030517578,38.625301361083984,668824
2025-04-10 15:30:00,38.625,38.81999969482422,37.95000076293945,38.150001525878906,394554
2025-04-10 16:30:00,38.119998931884766,38.970001220703125,38.11000061035156,38.720001220703125,390860
2025-04-10 17:30:00,38.71500015258789,39.25,38.66590118408203,39.18000030517578,279261
2025-04-10 18:30:00,39.18000030517578,39.314998626708984,38.70000076293945,38.75899887084961,366163
2025-04-10 19:30:00,38.720001220703125,39.0,38.43000030517578,38.849998474121094,613836
2025-04-11 13:30:00,41.7400016784668,42.4900016784668,41.369998931884766,41.91999816894531,2370778
2025-04-11 14:30:00,41.915000915527344,42.540000915527344,41.84000015258789,42.43000030517578,1111467
2025-04-11 15:30:00,42.415000915527344,43.22999954223633,42.369998931884766,42.77000045776367,794997
2025-04-11 16:30:00,42.79999923706055,43.029998779296875,42.47999954223633,42.560001373291016,855943
2025-04-11 17:30:00,42.529998779296875,42.959999084472656,42.477500915527344,42.959999084472656,392906
2025-04-11 18:30:00,42.93000030517578,43.0,42.709999084472656,42.79999923706055,344253
2025-04-11 19:30:00,42.79999923706055,42.900001525878906,42.68000030517578,42.790000915527344,747021
2025-04-14 13:30:00,41.650001525878906,42.95000076293945,41.470001220703125,42.380001068115234,1584147
2025-04-14 14:30:00,42.380001068115234,42.709999084472656,42.36000061035156,42.45500183105469,524371
2025-04-14 15:30:00,42.4474983215332,42.71500015258789,42.20000076293945,42.349998474121094,455914
2025-04-14 16:30:00,42.349998474121094,42.619998931884766,42.29999923706055,42.45500183105469,208320
2025-04-14 17:30:00,42.435001373291016,42.63570022583008,42.43000030517578,42.54999923706055,369833
2025-04-14 18:30:00,42.530399322509766,42.650001525878906,42.42499923706055,42.630001068115234,322474
2025-04-14 19:30:00,42.630001068115234,42.7599983215332,42.53499984741211,42.540000915527344,746791
2025-04-15 13:30:00,43.83000183105469,44.06999969482422,42.724998474121094,43.72999954223633,1243842
2025-04-15 14:30:00,43.72999954223633,44.04399871826172,43.39500045776367,43.41999816894531,436450
2025-04-15 15:30:00,43.41999816894531,43.709999084472656,43.36000061035156,43.56999969482422,228155
2025-04-15 16:30:00,43.560001373291016,43.59000015258789,43.41999816894531,43.5,213848
2025-04-15 17:30:00,43.5099983215332,43.72990036010742,43.46009826660156,43.654998779296875,288198
2025-04-15 18:30:00,43.66999816894531,44.0099983215332,43.66999816894531,43.93000030517578,200110
2025-04-15 19:30:00,43.93000030517578,43.959999084472656,43.709999084472656,43.849998474121094,477101
2025-04-16 13:30:00,46.619998931884766,46.900001525878906,46.04999923706055,46.31999969482422,1433761
2025-04-16 14:30:00,46.33000183105469,46.380001068115234,45.38100051879883,45.849998474121094,703598
2025-04-16 15:30:00,45.810001373291016,45.98680114746094,45.560001373291016,45.75419998168945,458408
2025-04-16 16:30:00,45.755001068115234,45.83399963378906,45.439998626708984,45.52000045776367,267302
2025-04-16 17:30:00,45.529998779296875,45.529998779296875,45.04999923706055,45.44499969482422,341041
2025-04-16 18:30:00,45.43000030517578,45.5099983215332,45.209999084472656,45.439998626708984,377834
2025-04-16 19:30:00,45.439998626708984,45.83000183105469,45.43000030517578,45.650001525878906,725879
2025-04-17 13:30:00,44.02000045776367,44.375,43.5,43.5,1240016
2025-04-17 14:30:00,43.540000915527344,43.94409942626953,43.41999816894531,43.540000915527344,699149
2025-04-17 15:30:00,43.52009963989258,43.61000061035156,43.209999084472656,43.474998474121094,441342
2025-04-17 16:30:00,43.47999954223633,43.58000183105469,43.13999938964844,43.150001525878906,454320
2025-04-17 17:30:00,43.15999984741211,43.41999816894531,43.15999984741211,43.25,489589
2025-04-17 18:30:00,43.25,43.34000015258789,42.95000076293945,42.959999084472656,614266
2025-04-17 19:30:00,42.970001220703125,43.279998779296875,42.96500015258789,43.2400016784668,965217
2025-04-21 13:30:00,44.91999816894531,45.250301361083984,44.0,44.31999969482422,1127470
2025-04-21 14:30:00,44.311500549316406,44.400001525878906,44.01179885864258,44.2400016784668,473602
2025-04-21 15:30:00,44.255001068115234,44.290000915527344,43.84000015258789,43.89500045776367,527986
2025-04-21 16:30:00,43.880001068115234,43.959999084472656,43.599998474121094,43.81999969482422,337492
2025-04-21 17:30:00,43.83000183105469,43.90999984741211,43.65999984741211,43.900001525878906,240033
2025-04-21 18:30:00,43.900001525878906,44.25,43.89500045776367,44.0099983215332,289358
2025-04-21 19:30:00,44.0099983215332,44.22999954223633,44.0,44.18000030517578,564365
2025-04-22 13:30:00,44.369998931884766,44.369998931884766,43.30099868774414,43.84000015258789,1164061
2025-04-22 14:30:00,43.76089859008789,43.91999816894531,43.641998291015625,43.70000076293945,464173
2025-04-22 15:30:00,43.70000076293945,43.9900016784668,43.209999084472656,43.244998931884766,533843
2025-04-22 16:30:00,43.244998931884766,43.30500030517578,42.7599983215332,43.03499984741211,897346
2025-04-22 17:30:00,43.029998779296875,43.130001068115234,42.619998931884766,42.756500244140625,487907
2025-04-22 18:30:00,42.790000915527344,43.13999938964844,42.779998779296875,42.94499969482422,667129
2025-04-22 19:30:00,42.94499969482422,43.2400016784668,42.775001525878906,43.15999984741211,1172366
2025-04-23 13:30:00,39.98500061035156,40.400001525878906,39.4900016784668,40.310001373291016,2402511
2025-04-23 14:30:00,40.31999969482422,40.63999938964844,39.980201721191406,40.04520034790039,1208890
2025-04-23 15:30:00,40.060001373291016,40.52000045776367,39.9900016784668,40.45000076293945,410671
2025-04-23 16:30:00,40.45000076293945,40.68949890136719,40.2599983215332,40.33000183105469,997368
2025-04-23 17:30:00,40.33000183105469,40.59000015258789,40.33000183105469,40.40999984741211,527630
2025-04-23 18:30:00,40.40999984741211,40.665000915527344,40.40999984741211,40.584999084472656,661941
2025-04-23 19:30:00,40.58000183105469,40.650001525878906,40.459999084472656,40.560001373291016,900009
2025-04-24 13:30:00,40.630001068115234,40.7400016784668,39.95000076293945,40.119998931884766,567858
2025-04-24 14:30:00,40.09000015258789,40.416900634765625,40.03010177612305,40.08000183105469,346340
2025-04-24 15:30:00,40.029998779296875,40.349998474121094,39.9900016784668,40.25749969482422,255055
2025-04-24 16:30:00,40.24700164794922,40.47999954223633,40.15999984741211,40.314998626708984,226063
2025-04-24 17:30:00,40.34000015258789,40.540000915527344,40.2400016784668,40.43000030517578,203375
2025-04-24 18:30:00,40.40999984741211,40.4900016784668,40.33000183105469,40.34000015258789,250501
2025-04-24 19:30:00,40.349998474121094,40.58000183105469,40.34000015258789,40.54999923706055,490203
2025-04-25 13:30:00,39.060001373291016,39.689998626708984,39.060001373291016,39.59400177001953,482015
2025-04-25 14:30:00,39.5703010559082,39.63999938964844,39.31999969482422,39.400001525878906,281691
2025-04-25 15:30:00,39.400001525878906,39.589900970458984,39.380001068115234,39.5,204104
2025-04-25 16:30:00,39.5099983215332,39.58000183105469,39.459999084472656,39.474998474121094,179257
2025-04-25 17:30:00,39.46500015258789,39.599998474121094,39.41999816894531,39.439998626708984,259912
2025-04-25 18:30:00,39.439998626708984,39.529998779296875,39.34000015258789,39.45500183105469,257851
2025-04-25 19:30:00,39.45000076293945,39.599998474121094,39.40999984741211,39.599998474121094,559796
2025-04-28 13:30:00,39.790000915527344,40.119998931884766,39.43000030517578,40.0099983215332,429579
2025-04-28 14:30:00,40.0099983215332,40.27000045776367,39.974998474121094,40.060001373291016,189669
2025-04-28 15:30:00,40.05500030517578,40.380001068115234,39.97999954223633,40.369998931884766,178323
2025-04-28 16:30:00,40.380001068115234,40.63990020751953,40.34000015258789,40.564998626708984,164046
2025-04-28 17:30:00,40.54999923706055,40.89250183105469,40.54999923706055,40.87009811401367,202533
2025-04-28 18:30:00,40.872798919677734,41.060001373291016,40.83000183105469,41.05500030517578,334330
2025-04-28 19:30:00,41.06999969482422,41.25,41.0,41.22999954223633,635611
2025-04-29 13:30:00,40.880001068115234,41.189998626708984,40.27199935913086,40.7400016784668,360880
2025-04-29 14:30:00,40.72999954223633,40.779998779296875,40.45000076293945,40.54999923706055,152582
2025-04-29 15:30:00,40.52000045776367,40.69279861450195,40.49100112915039,40.65999984741211,120864
2025-04-29 16:30:00,40.63999938964844,40.880001068115234,40.630001068115234,40.84000015258789,146847
2025-04-29 17:30:00,40.83000183105469,40.91999816894531,40.720001220703125,40.7400016784668,109396
2025-04-29 18:30:00,40.7400016784668,40.900001525878906,40.7400016784668,40.779998779296875,102831
2025-04-29 19:30:00,40.79990005493164,40.83000183105469,40.61000061035156,40.68000030517578,372892
2025-04-30 13:30:00,40.959999084472656,41.58000183105469,40.80500030517578,41.435001373291016,496616
2025-04-30 14:30:00,41.435001373291016,42.16999816894531,41.25,42.06999969482422,602825
2025-04-30 15:30:00,42.07500076293945,42.27000045776367,41.95000076293945,42.11000061035156,247073
2025-04-30 16:30:00,42.11000061035156,42.290000915527344,42.08000183105469,42.2599983215332,202379
2025-04-30 17:30:00,42.26499938964844,42.31999969482422,41.970001220703125,42.0,235802
2025-04-30 18:30:00,42.0,42.13999938964844,41.91999816894531,41.93000030517578,268649
2025-04-30 19:30:00,41.93000030517578,42.16999816894531,41.84000015258789,42.14500045776367,515051
2025-05-01 13:30:00,40.16999816894531,40.75,39.619998931884766,39.70000076293945,455311
2025-05-01 14:30:00,39.71500015258789,40.26539993286133,39.68000030517578,40.02299880981445,163601
2025-05-01 15:30:00,39.95000076293945,40.029998779296875,39.59000015258789,39.61000061035156,191305
2025-05-01 16:30:00,39.61000061035156,39.76499938964844,39.54999923706055,39.59000015258789,161086
2025-05-01 17:30:00,39.59000015258789,39.70000076293945,39.369998931884766,39.656898498535156,210508
2025-05-01 18:30:00,39.64500045776367,39.84000015258789,39.61000061035156,39.650001525878906,211464
2025-05-01 19:30:00,39.65999984741211,39.900001525878906,39.650001525878906,39.83000183105469,431074
2025-05-02 13:30:00,40.685001373291016,40.849998474121094,40.0,40.04999923706055,409878
2025-05-02 14:30:00,40.03499984741211,40.25,39.861000061035156,39.935001373291016,374357
2025-05-02 15:30:00,39.93000030517578,39.93000030517578,39.619998931884766,39.79999923706055,207416
2025-05-02 16:30:00,39.790000915527344,39.935001373291016,39.58000183105469,39.93000030517578,172570
2025-05-02 17:30:00,39.93000030517578,40.130001068115234,39.790000915527344,40.07500076293945,167288
2025-05-02 18:30:00,40.07500076293945,40.290000915527344,40.060001373291016,40.16999816894531,194629
2025-05-02 19:30:00,40.165000915527344,40.26499938964844,40.084999084472656,40.18000030517578,420429
2025-05-05 13:30:00,42.63999938964844,42.650001525878906,41.689998626708984,42.06999969482422,745874
2025-05-05 14:30:00,42.06999969482422,42.247398376464844,41.79999923706055,41.974998474121094,179930
2025-05-05 15:30:00,41.974998474121094,42.18000030517578,41.869998931884766,41.90999984741211,90003
2025-05-05 16:30:00,41.915000915527344,42.099998474121094,41.900001525878906,42.040000915527344,106790
2025-05-05 17:30:00,42.057899475097656,42.119998931884766,41.970001220703125,42.119998931884766,79836
2025-05-05 18:30:00,42.119998931884766,42.2599983215332,42.040000915527344,42.209999084472656,157958
2025-05-05 19:30:00,42.209999084472656,42.334999084472656,42.05500030517578,42.119998931884766,404167
2025-05-06 13:30:00,43.619998931884766,43.86000061035156,43.20000076293945,43.310001373291016,910949
2025-05-06 14:30:00,43.310001373291016,43.560001373291016,42.970001220703125,43.29750061035156,325186
2025-05-06 15:30:00,43.30500030517578,43.5099983215332,43.2400016784668,43.470001220703125,155713
2025-05-06 16:30:00,43.470001220703125,43.720001220703125,43.41999816894531,43.71820068359375,159240
2025-05-06 17:30:00,43.70000076293945,43.72999954223633,43.525001525878906,43.720001220703125,151265
2025-05-06 18:30:00,43.72999954223633,43.81999969482422,43.66999816894531,43.790000915527344,179809
2025-05-06 19:30:00,43.79999923706055,44.13999938964844,43.779998779296875,44.06999969482422,475064
2025-05-07 13:30:00,42.90999984741211,43.779998779296875,42.79999923706055,43.2400016784668,506815
2025-05-07 14:30:00,43.2400016784668,43.630001068115234,43.16999816894531,43.470001220703125,187915
2025-05-07 15:30:00,43.459999084472656,43.685001373291016,43.43000030517578,43.52000045776367,118618
2025-05-07 16:30:00,43.52000045776367,43.65999984741211,43.47999954223633,43.494998931884766,135838
2025-05-07 17:30:00,43.494998931884766,43.57099914550781,43.33000183105469,43.38999938964844,166464
2025-05-07 18:30:00,43.380001068115234,43.529998779296875,43.060001373291016,43.13999938964844,278442
2025-05-07 19:30:00,43.125,43.70000076293945,43.095001220703125,43.650001525878906,523253
2025-05-08 13:30:00,43.084999084472656,43.27000045776367,42.83000183105469,42.86000061035156,376768
2025-05-08 14:30:00,42.86000061035156,42.95000076293945,42.57500076293945,42.70000076293945,421893
2025-05-08 15:30:00,42.70000076293945,42.79999923706055,42.185001373291016,42.2400016784668,358892
2025-05-08 16:30:00,42.25,42.70000076293945,42.22999954223633,42.435001373291016,320377
2025-05-08 17:30:00,42.45000076293945,42.51499938964844,42.13999938964844,42.22359848022461,322699
2025-05-08 18:30:00,42.220001220703125,42.2599983215332,41.869998931884766,41.90999984741211,626445
2025-05-08 19:30:00,41.90999984741211,42.029998779296875,41.810001373291016,41.84000015258789,978914
2025-05-09 13:30:00,44.33000183105469,44.619998931884766,43.630001068115234,44.5099983215332,1264976
2025-05-09 14:30:00,44.5,44.75,44.33000183105469,44.619998931884766,484422
2025-05-09 15:30:00,44.619998931884766,45.130001068115234,44.40999984741211,44.880001068115234,435877
2025-05-09 16:30:00,44.88999938964844,45.20000076293945,44.7400016784668,45.10499954223633,271628
2025-05-09 17:30:00,45.099998474121094,45.29999923706055,45.0,45.08000183105469,192485
2025-05-09 18:30:00,45.11000061035156,45.220001220703125,45.03099822998047,45.07500076293945,230612
2025-05-09 19:30:00,45.060001373291016,45.13999938964844,44.70000076293945,44.75,581018
2025-05-12 13:30:00,40.540000915527344,40.650001525878906,39.75199890136719,40.400001525878906,1910333
2025-05-12 14:30:00,40.38999938964844,40.65999984741211,39.93000030517578,40.14500045776367,771639
2025-05-12 15:30:00,40.154998779296875,40.349998474121094,39.91999816894531,40.119998931884766,510191
2025-05-12 16:30:00,40.130001068115234,40.189998626708984,39.79999923706055,39.79999923706055,391429
2025-05-12 17:30:00,39.810001373291016,39.939998626708984,39.61000061035156,39.630001068115234,498842
2025-05-12 18:30:00,39.630001068115234,40.369998931884766,39.61000061035156,40.275001525878906,670915
2025-05-12 19:30:00,40.275001525878906,40.290000915527344,39.88999938964844,40.13999938964844,875717
2025-05-13 13:30:00,40.349998474121094,40.66999816894531,40.04999923706055,40.65999984741211,488725
2025-05-13 14:30:00,40.650001525878906,41.029998779296875,40.630001068115234,41.02000045776367,416870
2025-05-13 15:30:00,41.02000045776367,41.11000061035156,40.79999923706055,40.959999084472656,410604
2025-05-13 16:30:00,40.939998626708984,41.02000045776367,40.7400016784668,40.779998779296875,195137
2025-05-13 17:30:00,40.779998779296875,40.869998931884766,40.70800018310547,40.72999954223633,161317
2025-05-13 18:30:00,40.72999954223633,41.15999984741211,40.72999954223633,41.060001373291016,272510
2025-05-13 19:30:00,41.060001373291016,41.25,41.0099983215332,41.20000076293945,528147
2025-05-14 13:30:00,38.77000045776367,39.189998626708984,38.61069869995117,38.86000061035156,1112658
2025-05-14 14:30:00,38.86000061035156,39.61000061035156,38.83000183105469,39.61000061035156,460734
2025-05-14 15:30:00,39.599998474121094,39.68000030517578,39.349998474121094,39.59000015258789,303471
2025-05-14 16:30:00,39.59000015258789,39.880001068115234,39.505001068115234,39.849998474121094,268237
2025-05-14 17:30:00,39.849998474121094,39.880001068115234,39.70000076293945,39.779998779296875,308934
2025-05-14 18:30:00,39.76499938964844,39.83000183105469,39.65999984741211,39.77000045776367,274771
2025-05-14 19:30:00,39.77000045776367,39.904998779296875,39.65999984741211,39.86000061035156,732025
2025-05-15 13:30:00,40.040000915527344,40.540000915527344,39.6150016784668,40.404998779296875,875893
2025-05-15 14:30:00,40.40999984741211,40.56999969482422,40.22999954223633,40.52000045776367,500748
2025-05-15 15:30:00,40.53499984741211,40.70000076293945,40.31999969482422,40.65999984741211,253196
2025-05-15 16:30:00,40.65999984741211,40.93000030517578,40.650001525878906,40.810001373291016,255912
2025-05-15 17:30:00,40.81999969482422,40.86000061035156,40.599998474121094,40.68000030517578,278948
2025-05-15 18:30:00,40.689998626708984,40.81999969482422,40.380001068115234,40.45500183105469,460404
2025-05-15 19:30:00,40.45500183105469,40.4900016784668,40.31999969482422,40.439998626708984,882379
2025-05-16 13:30:00,39.63999938964844,40.1150016784668,39.510101318359375,39.98500061035156,447273
2025-05-16 14:30:00,40.0099983215332,40.150001525878906,39.86000061035156,40.13999938964844,344344
2025-05-16 15:30:00,40.130001068115234,40.380001068115234,40.119998931884766,40.33000183105469,209931
2025-05-16 16:30:00,40.31999969482422,40.560001373291016,40.31999969482422,40.45000076293945,208743
2025-05-16 17:30:00,40.439998626708984,40.47999954223633,40.21500015258789,40.279998779296875,199085
2025-05-16 18:30:00,40.28499984741211,40.4900016784668,40.279998779296875,40.45000076293945,257824
2025-05-16 19:30:00,40.45000076293945,40.7400016784668,40.43000030517578,40.72999954223633,573332
2025-05-19 13:30:00,41.540000915527344,41.77000045776367,41.0099983215332,41.54999923706055,882797
2025-05-19 14:30:00,41.560001373291016,41.93000030517578,41.400001525878906,41.89500045776367,463689
2025-05-19 15:30:00,41.88999938964844,41.95000076293945,41.8202018737793,41.84000015258789,152349
2025-05-19 16:30:00,41.849998474121094,41.92499923706055,41.790000915527344,41.91999816894531,244793
2025-05-19 17:30:00,41.91999816894531,41.95000076293945,41.79999923706055,41.900001525878906,213400
2025-05-19 18:30:00,41.900001525878906,42.08000183105469,41.86000061035156,42.029998779296875,283317
2025-05-19 19:30:00,42.02000045776367,42.22999954223633,42.0,42.18000030517578,498905
2025-05-20 13:30:00,42.43000030517578,43.025001525878906,42.310001373291016,42.880001068115234,425885
2025-05-20 14:30:00,42.875,43.040000915527344,42.65999984741211,42.88999938964844,373859
2025-05-20 15:30:00,42.880001068115234,43.060001373291016,42.83000183105469,43.0099983215332,205029
2025-05-20 16:30:00,43.0099983215332,43.15999984741211,43.0,43.13999938964844,172301
2025-05-20 17:30:00,43.130001068115234,43.165000915527344,43.040000915527344,43.040000915527344,129725
2025-05-20 18:30:00,43.04999923706055,43.20000076293945,43.0099983215332,43.154998779296875,228987
2025-05-20 19:30:00,43.15999984741211,43.404998779296875,43.130001068115234,43.400001525878906,431228
2025-05-21 13:30:00,43.59000015258789,44.279998779296875,43.369998931884766,43.43000030517578,596001
2025-05-21 14:30:00,43.369998931884766,43.59000015258789,43.29999923706055,43.42499923706055,247773
2025-05-21 15:30:00,43.439998626708984,43.60969924926758,43.404998779296875,43.45000076293945,174605
2025-05-21 16:30:00,43.449501037597656,43.56999969482422,43.189998626708984,43.20000076293945,192374
2025-05-21 17:30:00,43.20000076293945,43.27980041503906,43.0099983215332,43.025001525878906,226670
2025-05-21 18:30:00,43.02000045776367,43.22990036010742,43.0099983215332,43.209999084472656,243144
2025-05-21 19:30:00,43.220001220703125,43.42900085449219,43.220001220703125,43.22999954223633,422631
2025-05-22 13:30:00,42.83000183105469,42.97999954223633,42.16999816894531,42.81999969482422,459810
2025-05-22 14:30:00,42.81439971923828,43.27000045776367,42.75,43.189998626708984,231712
2025-05-22 15:30:00,43.18000030517578,43.290000915527344,43.049415588378906,43.189998626708984,114471
2025-05-22 16:30:00,43.189998626708984,43.25,42.90999984741211,43.09000015258789,155678
2025-05-22 17:30:00,43.0880012512207,43.16999816894531,42.9900016784668,43.09000015258789,107787
2025-05-22 18:30:00,43.09000015258789,43.099998474121094,42.939998626708984,42.970001220703125,166068
2025-05-22 19:30:00,42.97999954223633,43.040000915527344,42.849998474121094,42.880001068115234,329624
2025-05-23 13:30:00,44.459999084472656,44.52000045776367,43.880001068115234,44.282501220703125,695669
2025-05-23 14:30:00,44.25,44.310001373291016,43.93000030517578,44.06999969482422,331043
2025-05-23 15:30:00,44.099998474121094,44.349998474121094,44.095001220703125,44.22999954223633,221159
2025-05-23 16:30:00,44.23500061035156,44.36000061035156,44.189998626708984,44.34000015258789,144267
2025-05-23 17:30:00,44.34000015258789,44.34000015258789,44.119998931884766,44.16999816894531,151331
2025-05-23 18:30:00,44.178199768066406,44.25,43.970001220703125,44.060001373291016,243415
2025-05-23 19:30:00,44.08000183105469,44.15999984741211,43.97999954223633,44.02000045776367,423190
2025-05-27 13:30:00,42.86000061035156,43.84000015258789,42.7400016784668,43.599998474121094,699738
2025-05-27 14:30:00,43.599998474121094,43.70000076293945,43.02000045776367,43.099998474121094,342465
2025-05-27 15:30:00,43.119998931884766,43.18000030517578,42.95000076293945,43.16999816894531,266827
2025-05-27 16:30:00,43.15999984741211,43.189998626708984,42.970001220703125,43.08000183105469,192228
2025-05-27 17:30:00,43.08000183105469,43.18000030517578,43.040000915527344,43.130001068115234,229052
2025-05-27 18:30:00,43.130001068115234,43.33000183105469,43.06999969482422,43.2400016784668,297776
2025-05-27 19:30:00,43.25,43.34000015258789,43.09000015258789,43.11000061035156,555486
2025-05-28 13:30:00,44.0,44.27000045776367,43.650001525878906,44.040000915527344,556870
2025-05-28 14:30:00,44.040000915527344,44.099998474121094,43.7400016784668,43.880001068115234,265742
2025-05-28 15:30:00,43.86000061035156,43.900001525878906,43.689998626708984,43.880001068115234,136543
2025-05-28 16:30:00,43.86000061035156,43.95000076293945,43.720001220703125,43.93000030517578,99666
2025-05-28 17:30:00,43.900001525878906,43.939998626708984,43.689998626708984,43.91999816894531,192089
2025-05-28 18:30:00,43.91999816894531,43.959999084472656,43.775001525878906,43.84000015258789,214654
2025-05-28 19:30:00,43.83000183105469,44.02000045776367,43.79999923706055,44.02000045776367,397891
2025-05-29 13:30:00,44.439998626708984,44.63999938964844,43.70000076293945,43.70000076293945,471848
2025-05-29 14:30:00,43.71500015258789,44.095001220703125,43.529998779296875,43.98500061035156,400918
2025-05-29 15:30:00,43.970001220703125,44.09000015258789,43.790000915527344,43.95000076293945,230233
2025-05-29 16:30:00,43.959999084472656,44.060001373291016,43.900001525878906,43.915000915527344,145446
2025-05-29 17:30:00,43.915000915527344,43.9900016784668,43.720001220703125,43.78499984741211,218447
2025-05-29 18:30:00,43.7599983215332,44.04999923706055,43.7400016784668,44.040000915527344,256427
2025-05-29 19:30:00,44.040000915527344,44.119998931884766,43.9900016784668,44.06999969482422,420901
2025-05-30 13:30:00,42.68000030517578,43.1349983215332,42.61520004272461,42.779998779296875,1334173
2025-05-30 14:30:00,42.77000045776367,43.17250061035156,42.650001525878906,43.05500030517578,557301
2025-05-30 15:30:00,43.040000915527344,43.270301818847656,43.029998779296875,43.05500030517578,243225
2025-05-30 16:30:00,43.029998779296875,43.380001068115234,42.93000030517578,43.380001068115234,232996
2025-05-30 17:30:00,43.380001068115234,43.61000061035156,43.25,43.525001525878906,345761
2025-05-30 18:30:00,43.5099983215332,43.619998931884766,43.34000015258789,43.45500183105469,372599
2025-05-30 19:30:00,43.459999084472656,43.849998474121094,43.45000076293945,43.810001373291016,834916
2025-06-02 13:30:00,45.53499984741211,47.630001068115234,45.36000061035156,47.279998779296875,1496616
2025-06-02 14:30:00,47.310001373291016,47.45000076293945,46.810001373291016,46.9900016784668,434911
2025-06-02 15:30:00,46.9900016784668,47.54999923706055,46.900001525878906,47.52000045776367,404223
2025-06-02 16:30:00,47.560001373291016,47.77000045776367,47.52000045776367,47.54999923706055,305299
2025-06-02 17:30:00,47.56999969482422,47.70000076293945,47.459999084472656,47.560001373291016,209033
2025-06-02 18:30:00,47.56999969482422,47.7400016784668,47.529998779296875,47.59000015258789,295328
2025-06-02 19:30:00,47.59000015258789,47.68000030517578,47.41999816894531,47.41999816894531,702868
2025-06-03 13:30:00,46.25,46.54999923706055,45.97999954223633,46.09000015258789,643482
2025-06-03 14:30:00,46.09000015258789,46.21500015258789,45.849998474121094,46.029998779296875,427932
2025-06-03 15:30:00,46.029998779296875,46.479698181152344,46.029998779296875,46.4109992980957,230600
2025-06-03 16:30:00,46.41999816894531,46.529998779296875,46.27000045776367,46.494998931884766,137729
2025-06-03 17:30:00,46.494998931884766,46.54999923706055,46.38999938964844,46.46500015258789,192781
2025-06-03 18:30:00,46.470001220703125,46.6150016784668,46.43000030517578,46.56999969482422,195698
2025-06-03 19:30:00,46.56999969482422,46.689998626708984,46.380001068115234,46.439998626708984,503491
2025-06-04 13:30:00,47.0099983215332,47.150001525878906,46.119998931884766,46.400001525878906,365304
2025-06-04 14:30:00,46.41999816894531,46.66999816894531,46.20000076293945,46.349998474121094,227856
2025-06-04 15:30:00,46.34000015258789,46.404998779296875,46.11000061035156,46.349998474121094,170145
2025-06-04 16:30:00,46.36000061035156,46.369998931884766,46.04999923706055,46.060001373291016,164102
2025-06-04 17:30:00,46.04999923706055,46.345001220703125,46.04999923706055,46.310001373291016,87898
2025-06-04 18:30:00,46.31010055541992,46.34000015258789,46.15999984741211,46.20500183105469,139424
2025-06-04 19:30:00,46.19499969482422,46.21500015258789,46.02000045776367,46.11000061035156,329202
2025-06-05 13:30:00,47.724998474121094,48.099998474121094,46.900001525878906,47.08000183105469,725466
2025-06-05 14:30:00,47.06999969482422,47.279998779296875,46.400001525878906,46.45000076293945,464768
2025-06-05 15:30:00,46.43000030517578,46.52000045776367,46.11000061035156,46.41999816894531,250806
2025-06-05 16:30:00,46.44900131225586,46.959999084472656,46.334999084472656,46.900001525878906,292075
2025-06-05 17:30:00,46.93000030517578,47.0,46.810001373291016,46.91999816894531,279012
2025-06-05 18:30:00,46.91999816894531,46.9900016784668,46.790000915527344,46.88999938964844,202455
2025-06-05 19:30:00,46.900001525878906,47.16999816894531,46.76499938964844,47.099998474121094,919147
2025-06-06 13:30:00,46.720001220703125,46.84000015258789,45.65999984741211,45.84000015258789,420298
2025-06-06 14:30:00,45.810001373291016,46.2400016784668,45.56999969482422,46.09000015258789,616967
2025-06-06 15:30:00,46.099998474121094,46.36000061035156,45.800899505615234,45.84000015258789,319056
2025-06-06 16:30:00,45.86000061035156,45.9900016784668,45.75,45.98500061035156,148425
2025-06-06 17:30:00,45.97999954223633,46.22999954223633,45.959999084472656,46.11000061035156,142118
2025-06-06 18:30:00,46.119998931884766,46.23500061035156,45.869998931884766,45.89500045776367,166047
2025-06-06 19:30:00,45.90999984741211,46.060001373291016,45.75,45.970001220703125,751448
2025-06-09 13:30:00,45.83000183105469,46.279998779296875,45.720001220703125,46.1150016784668,448786
2025-06-09 14:30:00,46.1083984375,46.27000045776367,45.970001220703125,46.220001220703125,181990
2025-06-09 15:30:00,46.22999954223633,46.400001525878906,46.15999984741211,46.290000915527344,138394
2025-06-09 16:30:00,46.290000915527344,46.400001525878906,46.150001525878906,46.15999984741211,107734
2025-06-09 17:30:00,46.16999816894531,46.255001068115234,46.119998931884766,46.21500015258789,129518
2025-06-09 18:30:00,46.209999084472656,46.43000030517578,46.20000076293945,46.242000579833984,176836
2025-06-09 19:30:00,46.279998779296875,46.43000030517578,46.209999084472656,46.380001068115234,510674
2025-06-10 13:30:00,46.779998779296875,46.8317985534668,45.47589874267578,45.51499938964844,385407
2025-06-10 14:30:00,45.51499938964844,45.68000030517578,45.138301849365234,45.29999923706055,396300
2025-06-10 15:30:00,45.310001373291016,45.439998626708984,45.100101470947266,45.18000030517578,234209
2025-06-10 16:30:00,45.18000030517578,45.2400016784668,44.939998626708984,45.189998626708984,167737
2025-06-10 17:30:00,45.209999084472656,45.29999923706055,45.06999969482422,45.296199798583984,195693
2025-06-10 18:30:00,45.279998779296875,45.43000030517578,45.11000061035156,45.349998474121094,279566
2025-06-10 19:30:00,45.36000061035156,45.380001068115234,45.0099983215332,45.119998931884766,596925
2025-06-11 13:30:00,45.130001068115234,45.380001068115234,44.900001525878906,45.28499984741211,276899
2025-06-11 14:30:00,45.290000915527344,45.63999938964844,45.290000915527344,45.56999969482422,196724
2025-06-11 15:30:00,45.56999969482422,45.650001525878906,45.439998626708984,45.5890007019043,162190
2025-06-11 16:30:00,45.58000183105469,45.7495002746582,45.34000015258789,45.404998779296875,210791
2025-06-11 17:30:00,45.41999816894531,45.849998474121094,45.369998931884766,45.75,216534
2025-06-11 18:30:00,45.7599983215332,45.849998474121094,45.57500076293945,45.68000030517578,241909
2025-06-11 19:30:00,45.689998626708984,45.900001525878906,45.67499923706055,45.880001068115234,377475
2025-06-12 13:30:00,48.42499923706055,49.150001525878906,47.86000061035156,48.06999969482422,1489550
2025-06-12 14:30:00,48.08000183105469,48.46500015258789,48.08000183105469,48.290000915527344,792637
2025-06-12 15:30:00,48.290000915527344,49.040000915527344,48.25,48.95000076293945,402154
2025-06-12 16:30:00,48.930599212646484,48.95000076293945,48.470001220703125,48.619998931884766,311639
2025-06-12 17:30:00,48.6349983215332,48.93000030517578,48.56999969482422,48.81999969482422,276223
2025-06-12 18:30:00,48.84000015258789,49.04999923706055,48.78499984741211,48.93000030517578,402403
2025-06-12 19:30:00,48.939998626708984,48.939998626708984,48.755001068115234,48.83000183105469,668264
2025-06-13 13:30:00,49.45000076293945,50.07500076293945,49.130001068115234,49.98500061035156,1191184
2025-06-13 14:30:00,50.0,50.380001068115234,49.880001068115234,50.29999923706055,888984
2025-06-13 15:30:00,50.27000045776367,50.779998779296875,50.26499938964844,50.65999984741211,610115
2025-06-13 16:30:00,50.685001373291016,50.810001373291016,50.54999923706055,50.584999084472656,364606
2025-06-13 17:30:00,50.584999084472656,50.77000045776367,50.380001068115234,50.7400016784668,407495
2025-06-13 18:30:00,50.709999084472656,50.93980026245117,50.630001068115234,50.849998474121094,371357
2025-06-13 19:30:00,50.85599899291992,51.11000061035156,50.790000915527344,50.86000061035156,1000737
2025-06-16 13:30:00,49.7599983215332,50.36000061035156,49.31999969482422,49.69499969482422,854401
2025-06-16 14:30:00,49.66999816894531,49.93000030517578,49.320098876953125,49.80970001220703,461303
2025-06-16 15:30:00,49.81999969482422,50.0,49.66999816894531,49.709999084472656,301252
2025-06-16 16:30:00,49.720001220703125,49.900001525878906,49.470001220703125,49.67499923706055,315988
2025-06-16 17:30:00,49.67499923706055,49.709999084472656,49.380001068115234,49.459999084472656,264597
2025-06-16 18:30:00,49.470001220703125,49.70000076293945,49.459999084472656,49.54999923706055,307232
2025-06-16 19:30:00,49.560001373291016,49.68000030517578,49.470001220703125,49.68000030517578,594922
2025-06-17 13:30:00,49.099998474121094,49.26499938964844,48.52000045776367,48.560001373291016,519660
2025-06-17 14:30:00,48.55500030517578,48.619998931884766,48.16999816894531,48.40999984741211,486551
2025-06-17 15:30:00,48.43000030517578,48.54990005493164,48.15999984741211,48.20000076293945,157387
2025-06-17 16:30:00,48.209999084472656,48.244998931884766,48.029998779296875,48.04010009765625,230376
2025-06-17 17:30:00,48.05500030517578,48.21580123901367,48.04999923706055,48.130001068115234,208301
2025-06-17 18:30:00,48.13999938964844,48.31999969482422,48.130001068115234,48.209999084472656,250952
2025-06-17 19:30:00,48.220001220703125,48.36000061035156,48.11000061035156,48.33000183105469,610399
2025-06-18 13:30:00,47.959999084472656,48.029998779296875,47.33000183105469,47.68000030517578,431225
2025-06-18 14:30:00,47.689998626708984,48.150001525878906,47.67499923706055,47.970001220703125,592894
2025-06-18 15:30:00,48.09000015258789,48.540000915527344,47.970001220703125,48.525001525878906,121587
2025-06-18 16:30:00,48.54999923706055,48.569000244140625,48.130001068115234,48.23500061035156,248469
2025-06-18 17:30:00,48.23899841308594,48.47999954223633,48.06740188598633,48.29999923706055,267646
2025-06-18 18:30:00,48.31999969482422,48.40999984741211,47.83000183105469,47.849998474121094,256950
2025-06-18 19:30:00,47.84199905395508,48.11000061035156,47.7400016784668,48.11000061035156,605629
2025-06-20 13:30:00,47.7599983215332,48.6239013671875,47.630001068115234,47.9114990234375,440058
2025-06-20 14:30:00,47.88999938964844,48.20000076293945,47.7400016784668,48.03499984741211,569892
2025-06-20 15:30:00,47.98500061035156,48.040000915527344,47.810001373291016,47.845001220703125,142300
2025-06-20 16:30:00,47.845001220703125,48.029998779296875,47.81999969482422,47.974998474121094,136682
2025-06-20 17:30:00,47.9650993347168,48.029998779296875,47.689998626708984,47.77000045776367,114255
2025-06-20 18:30:00,47.7599983215332,47.869998931884766,47.720001220703125,47.79999923706055,145433
2025-06-20 19:30:00,47.779998779296875,48.02000045776367,47.59000015258789,47.94499969482422,489532
2025-06-23 13:30:00,47.7400016784668,48.86000061035156,47.54100036621094,48.6349983215332,428621
2025-06-23 14:30:00,48.650001525878906,49.29999923706055,48.61000061035156,49.08000183105469,416491
2025-06-23 15:30:00,49.099998474121094,49.11000061035156,48.77000045776367,48.810001373291016,182074
2025-06-23 16:30:00,48.83000183105469,48.8390007019043,48.41999816894531,48.45000076293945,222661
2025-06-23 17:30:00,48.41999816894531,48.70029830932617,48.41999816894531,48.6150016784668,131382
2025-06-23 18:30:00,48.599998474121094,48.61000061035156,48.27000045776367,48.38010025024414,223808
2025-06-23 19:30:00,48.380001068115234,48.46500015258789,48.279998779296875,48.279998779296875,536912
2025-06-24 13:30:00,45.93000030517578,46.599998474121094,45.099998474121094,46.5349006652832,968125
2025-06-24 14:30:00,46.560001373291016,46.619998931884766,46.36000061035156,46.54999923706055,443921
2025-06-24 15:30:00,46.55500030517578,46.650001525878906,46.220001220703125,46.42499923706055,240294
2025-06-24 16:30:00,46.42499923706055,46.720001220703125,46.380001068115234,46.67499923706055,204149
2025-06-24 17:30:00,46.67499923706055,46.84000015258789,46.5099983215332,46.63999938964844,179590
2025-06-24 18:30:00,46.630001068115234,46.630001068115234,46.220001220703125,46.375,246699
2025-06-24 19:30:00,46.380001068115234,46.47999954223633,46.29999923706055,46.40999984741211,502887
2025-06-25 13:30:00,46.29999923706055,46.66999816894531,46.20000076293945,46.470001220703125,524971
2025-06-25 14:30:00,46.540000915527344,46.73500061035156,46.5099983215332,46.54999923706055,196605
2025-06-25 15:30:00,46.47999954223633,46.7400016784668,46.45000076293945,46.709999084472656,127544
2025-06-25 16:30:00,46.720001220703125,46.790000915527344,46.625,46.630001068115234,114738
2025-06-25 17:30:00,46.6349983215332,46.70000076293945,46.529998779296875,46.540000915527344,146947
2025-06-25 18:30:00,46.540000915527344,46.560001373291016,46.383201599121094,46.47999954223633,234138
2025-06-25 19:30:00,46.470001220703125,46.57500076293945,46.349998474121094,46.439998626708984,477456
2025-06-26 13:30:00,46.08000183105469,46.68000030517578,45.755001068115234,46.40999984741211,755845
2025-06-26 14:30:00,46.439998626708984,46.755001068115234,46.25,46.6349983215332,284293
2025-06-26 15:30:00,46.62099838256836,46.65999984741211,46.36000061035156,46.38999938964844,251355
2025-06-26 16:30:00,46.39500045776367,46.52000045776367,46.380001068115234,46.430999755859375,219541
2025-06-26 17:30:00,46.435001373291016,46.4900016784668,46.18000030517578,46.18000030517578,195235
2025-06-26 18:30:00,46.16999816894531,46.20000076293945,45.88999938964844,46.0,462724
2025-06-26 19:30:00,45.9900016784668,46.380001068115234,45.970001220703125,46.36000061035156,545434
2025-06-27 13:30:00,44.44499969482422,44.470001220703125,43.65999984741211,43.95009994506836,1428153
2025-06-27 14:30:00,43.970001220703125,44.09000015258789,43.529998779296875,43.720001220703125,674111
2025-06-27 15:30:00,43.70000076293945,43.91999816894531,43.63999938964844,43.84000015258789,287604
2025-06-27 16:30:00,43.849998474121094,44.040000915527344,43.529998779296875,43.59000015258789,344693
2025-06-27 17:30:00,43.599998474121094,43.939998626708984,43.540000915527344,43.6150016784668,403838
2025-06-27 18:30:00,43.599998474121094,43.939998626708984,43.540000915527344,43.56999969482422,642375
2025-06-27 19:30:00,43.58000183105469,43.959999084472656,43.439998626708984,43.86000061035156,2279204
2025-06-30 13:30:00,44.77000045776367,44.900001525878906,44.34000015258789,44.81999969482422,613468
2025-06-30 14:30:00,44.79999923706055,45.220001220703125,44.79999923706055,45.11000061035156,478411
2025-06-30 15:30:00,45.13999938964844,45.26599884033203,45.02000045776367,45.224998474121094,140972
2025-06-30 16:30:00,45.2400016784668,45.33000183105469,45.084999084472656,45.150001525878906,178737
2025-06-30 17:30:00,45.15999984741211,45.36000061035156,45.09000015258789,45.33000183105469,162903
2025-06-30 18:30:00,45.34000015258789,45.560001373291016,45.29999923706055,45.54499816894531,252986
2025-06-30 19:30:00,45.54499816894531,45.689998626708984,45.41999816894531,45.54999923706055,744261
2025-07-01 13:30:00,47.18000030517578,47.38990020751953,46.0,46.09000015258789,857036
2025-07-01 14:30:00,46.09000015258789,46.310001373291016,45.61000061035156,45.67499923706055,448216
2025-07-01 15:30:00,45.70000076293945,45.86000061035156,45.529998779296875,45.560001373291016,246641
2025-07-01 16:30:00,45.560001373291016,45.97159957885742,45.560001373291016,45.900001525878906,267703
2025-07-01 17:30:00,45.88999938964844,45.98820114135742,45.8213996887207,45.974998474121094,197709
2025-07-01 18:30:00,45.970001220703125,46.04499816894531,45.76499938964844,45.915000915527344,273084
2025-07-01 19:30:00,45.90999984741211,45.974998474121094,45.779998779296875,45.790000915527344,614836
2025-07-02 13:30:00,45.90999984741211,46.150001525878906,45.720001220703125,45.85499954223633,434226
2025-07-02 14:30:00,45.869998931884766,45.95000076293945,45.58000183105469,45.810001373291016,485495
2025-07-02 15:30:00,45.810001373291016,45.900001525878906,45.58000183105469,45.900001525878906,295126
2025-07-02 16:30:00,45.89500045776367,46.52000045776367,45.89500045776367,46.439998626708984,260703
2025-07-02 17:30:00,46.45000076293945,46.45500183105469,46.2599983215332,46.29999923706055,210462
2025-07-02 18:30:00,46.29999923706055,46.58000183105469,46.27000045776367,46.58000183105469,317343
2025-07-02 19:30:00,46.59000015258789,46.689998626708984,46.54499816894531,46.650001525878906,604367
2025-07-03 13:30:00,46.29999923706055,46.80500030517578,46.13999938964844,46.279998779296875,476805
2025-07-03 14:30:00,46.275001525878906,46.625,46.15999984741211,46.540000915527344,295073
2025-07-03 15:30:00,46.540000915527344,46.599998474121094,46.290000915527344,46.415000915527344,346595
2025-07-07 13:30:00,46.75,47.04999923706055,46.099998474121094,47.029998779296875,460673
2025-07-07 14:30:00,47.0099983215332,47.41999816894531,47.0099983215332,47.29999923706055,250892
2025-07-07 15:30:00,47.310001373291016,47.529998779296875,47.27000045776367,47.5099983215332,199567
2025-07-07 16:30:00,47.52989959716797,47.709999084472656,47.47999954223633,47.584999084472656,242286
2025-07-07 17:30:00,47.59000015258789,47.66999816894531,47.34000015258789,47.34000015258789,337232
2025-07-07 18:30:00,47.345001220703125,47.650001525878906,47.25,47.595001220703125,447709
2025-07-07 19:30:00,47.595001220703125,48.04999923706055,47.59000015258789,47.97999954223633,775761
2025-07-08 13:30:00,47.95000076293945,48.005001068115234,45.630001068115234,45.959999084472656,609593
2025-07-08 14:30:00,45.959999084472656,45.959999084472656,44.68109893798828,44.990501403808594,499811
2025-07-08 15:30:00,44.9900016784668,45.08000183105469,44.79999923706055,44.929500579833984,195350
2025-07-08 16:30:00,44.91999816894531,45.40999984741211,44.66999816894531,45.3849983215332,295647
2025-07-08 17:30:00,45.380001068115234,45.56999969482422,45.18000030517578,45.23500061035156,362925
2025-07-08 18:30:00,45.22999954223633,45.529998779296875,45.130001068115234,45.35200119018555,274844
2025-07-08 19:30:00,45.36000061035156,45.46799850463867,45.21500015258789,45.220001220703125,519412
2025-07-09 13:30:00,45.619998931884766,46.06999969482422,45.279998779296875,45.84000015258789,373729
2025-07-09 14:30:00,45.83000183105469,46.209999084472656,45.79999923706055,46.09000015258789,233666
2025-07-09 15:30:00,46.1150016784668,46.29999923706055,45.93000030517578,46.29899978637695,115850
2025-07-09 16:30:00,46.28499984741211,46.38999938964844,46.220001220703125,46.290000915527344,85671
2025-07-09 17:30:00,46.290000915527344,46.41999816894531,46.16999816894531,46.3849983215332,64238
2025-07-09 18:30:00,46.39500045776367,46.630001068115234,46.349998474121094,46.55500030517578,102628
2025-07-09 19:30:00,46.56999969482422,46.63999938964844,46.3849983215332,46.52000045776367,299910
2025-07-10 13:30:00,46.619998931884766,46.70000076293945,45.68000030517578,45.709999084472656,226099
2025-07-10 14:30:00,45.689998626708984,45.95000076293945,45.619998931884766,45.91999816894531,287886
2025-07-10 15:30:00,45.900001525878906,46.16999816894531,45.88999938964844,45.97999954223633,138303
2025-07-10 16:30:00,46.0,46.11000061035156,45.779998779296875,46.01499938964844,85649
2025-07-10 17:30:00,46.01499938964844,46.15999984741211,45.970001220703125,46.029998779296875,118147
2025-07-10 18:30:00,46.025001525878906,46.5,46.0,46.33000183105469,242298
2025-07-10 19:30:00,46.334999084472656,46.540000915527344,46.26499938964844,46.52000045776367,511312
2025-07-11 13:30:00,46.72999954223633,47.189998626708984,46.2400016784668,46.53150177001953,425441
2025-07-11 14:30:00,46.52000045776367,47.0,46.52000045776367,47.0,296201
2025-07-11 15:30:00,47.0,47.04999923706055,46.640499114990234,46.900001525878906,249194
2025-07-11 16:30:00,46.900001525878906,46.959999084472656,46.7400016784668,46.79999923706055,150591
2025-07-11 17:30:00,46.80500030517578,47.13999938964844,46.78340148925781,47.08000183105469,137509
2025-07-11 18:30:00,47.084999084472656,47.2599983215332,47.08000183105469,47.099998474121094,236434
2025-07-11 19:30:00,47.099998474121094,47.15999984741211,47.0,47.11000061035156,486685
2025-07-14 13:30:00,47.31999969482422,48.130001068115234,47.16999816894531,48.03499984741211,423283
2025-07-14 14:30:00,48.0099983215332,48.03969955444336,47.57500076293945,47.80500030517578,262338
2025-07-14 15:30:00,47.79999923706055,47.939998626708984,47.560001373291016,47.77090072631836,143891
2025-07-14 16:30:00,47.77000045776367,47.9900016784668,47.77000045776367,47.95000076293945,113559
2025-07-14 17:30:00,47.93000030517578,48.13999938964844,47.900001525878906,48.11000061035156,165612
2025-07-14 18:30:00,48.119998931884766,48.165000915527344,47.97999954223633,48.01100158691406,174530
2025-07-14 19:30:00,48.02000045776367,48.08340072631836,47.810001373291016,47.959999084472656,495413
2025-07-15 13:30:00,48.810001373291016,48.86000061035156,47.64500045776367,48.0,1039743
2025-07-15 14:30:00,48.0,48.36000061035156,47.0099983215332,47.11000061035156,394410
2025-07-15 15:30:00,47.08000183105469,47.099998474121094,46.540000915527344,47.02000045776367,323228
2025-07-15 16:30:00,47.005001068115234,47.38999938964844,46.86000061035156,47.22999954223633,208894
2025-07-15 17:30:00,47.2400016784668,47.47999954223633,47.150001525878906,47.46500015258789,222733
2025-07-15 18:30:00,47.47999954223633,47.599998474121094,47.26499938964844,47.34000015258789,266434
2025-07-15 19:30:00,47.34000015258789,47.56999969482422,47.310001373291016,47.45500183105469,511362
2025-07-16 13:30:00,47.20000076293945,47.275001525878906,46.25,46.529998779296875,458792
2025-07-16 14:30:00,46.52000045776367,47.790000915527344,46.08000183105469,47.52000045776367,509929
2025-07-16 15:30:00,47.529998779296875,47.72999954223633,46.95000076293945,47.26499938964844,287853
2025-07-16 16:30:00,47.27000045776367,47.400001525878906,47.08000183105469,47.13999938964844,106956
2025-07-16 17:30:00,47.13999938964844,47.40999984741211,47.060001373291016,47.369998931884766,121677
2025-07-16 18:30:00,47.36000061035156,47.369998931884766,46.9900016784668,47.11000061035156,228588
2025-07-16 19:30:00,47.11000061035156,47.22999954223633,47.000301361083984,47.119998931884766,395651
2025-07-17 13:30:00,46.2599983215332,46.572601318359375,45.97999954223633,46.52000045776367,397171
2025-07-17 14:30:00,46.52000045776367,46.869998931884766,46.459999084472656,46.720001220703125,312398
2025-07-17 15:30:00,46.709999084472656,46.93000030517578,46.65999984741211,46.82279968261719,110811
2025-07-17 16:30:00,46.81999969482422,47.0,46.65010070800781,46.88999938964844,109019
2025-07-17 17:30:00,46.880001068115234,47.16189956665039,46.84000015258789,47.095001220703125,126860
2025-07-17 18:30:00,47.095001220703125,47.2599983215332,47.09000015258789,47.130001068115234,150987
2025-07-17 19:30:00,47.119998931884766,47.22999954223633,47.060001373291016,47.06999969482422,306636
2025-07-18 13:30:00,48.380001068115234,48.380001068115234,47.5,48.1619987487793,494157
2025-07-18 14:30:00,48.16999816894531,48.189998626708984,47.650001525878906,47.935001373291016,327406
2025-07-18 15:30:00,47.91999816894531,48.040000915527344,47.79999923706055,47.959999084472656,141622
2025-07-18 16:30:00,47.95500183105469,48.08000183105469,47.67499923706055,47.724998474121094,124612
2025-07-18 17:30:00,47.7400016784668,48.0,47.72999954223633,47.970001220703125,101129
2025-07-18 18:30:00,47.974998474121094,48.02000045776367,47.65999984741211,47.65999984741211,149153
2025-07-18 19:30:00,47.66999816894531,47.684600830078125,47.47999954223633,47.650001525878906,502292
2025-07-21 13:30:00,49.02000045776367,50.650001525878906,49.02000045776367,50.5099983215332,749673
2025-07-21 14:30:00,50.525001525878906,50.84000015258789,50.5,50.665000915527344,338677
2025-07-21 15:30:00,50.65999984741211,50.665000915527344,50.369998931884766,50.5099983215332,170346
2025-07-21 16:30:00,50.529998779296875,50.72999954223633,50.4900016784668,50.5,150345
2025-07-21 17:30:00,50.5099983215332,50.58000183105469,50.29999923706055,50.41999816894531,142143
2025-07-21 18:30:00,50.43000030517578,50.650001525878906,50.380001068115234,50.52000045776367,220422
2025-07-21 19:30:00,50.52000045776367,50.65999984741211,50.39500045776367,50.58000183105469,431539
2025-07-22 13:30:00,50.76499938964844,51.290000915527344,50.54999923706055,51.209999084472656,392774
2025-07-22 14:30:00,51.18000030517578,51.61000061035156,51.119998931884766,51.46500015258789,266935
2025-07-22 15:30:00,51.43000030517578,51.689998626708984,51.400001525878906,51.400001525878906,162801
2025-07-22 16:30:00,51.40999984741211,51.599700927734375,51.24789810180664,51.440399169921875,92086
2025-07-22 17:30:00,51.47999954223633,51.79999923706055,51.392601013183594,51.77000045776367,280985
2025-07-22 18:30:00,51.75,51.88999938964844,51.650001525878906,51.81999969482422,661069
2025-07-22 19:30:00,51.83000183105469,51.93000030517578,51.7400016784668,51.91999816894531,459788
2025-07-23 13:30:00,51.00659942626953,51.347999572753906,50.68000030517578,50.709999084472656,516283
2025-07-23 14:30:00,50.720001220703125,51.41999816894531,50.70000076293945,51.0099983215332,270480
2025-07-23 15:30:00,51.02000045776367,51.185001373291016,50.470001220703125,50.54999923706055,201233
2025-07-23 16:30:00,50.540000915527344,50.810001373291016,50.43000030517578,50.64500045776367,146544
2025-07-23 17:30:00,50.625,50.88999938964844,50.564998626708984,50.7400016784668,118082
2025-07-23 18:30:00,50.749900817871094,51.04499816894531,50.709999084472656,50.959999084472656,201494
2025-07-23 19:30:00,50.959999084472656,51.130001068115234,50.88999938964844,51.095001220703125,519824
2025-07-24 13:30:00,49.630001068115234,50.560001373291016,49.040000915527344,50.439998626708984,569039
2025-07-24 14:30:00,50.43000030517578,50.90999984741211,50.369998931884766,50.54499816894531,503501
2025-07-24 15:30:00,50.56999969482422,50.68000030517578,50.34000015258789,50.58000183105469,238590
2025-07-24 16:30:00,50.58000183105469,50.619998931884766,50.40999984741211,50.52000045776367,98783
2025-07-24 17:30:00,50.51499938964844,50.58000183105469,50.290000915527344,50.56999969482422,82401
2025-07-24 18:30:00,50.55500030517578,50.790000915527344,50.55500030517578,50.709999084472656,196059
2025-07-24 19:30:00,50.72999954223633,50.810001373291016,50.5099983215332,50.52000045776367,285019
2025-07-25 13:30:00,48.88999938964844,50.29999923706055,48.880001068115234,49.86249923706055,749501
2025-07-25 14:30:00,49.86000061035156,50.31999969482422,49.86000061035156,50.165000915527344,552774
2025-07-25 15:30:00,50.18000030517578,50.18000030517578,49.29999923706055,49.47999954223633,175040
2025-07-25 16:30:00,49.5,49.810001373291016,49.40800094604492,49.790000915527344,173473
2025-07-25 17:30:00,49.810001373291016,50.220001220703125,49.7400016784668,50.11000061035156,221195
2025-07-25 18:30:00,50.1150016784668,50.28499984741211,50.029998779296875,50.185001373291016,280401
2025-07-25 19:30:00,50.20000076293945,50.349998474121094,50.15039825439453,50.18000030517578,452085
2025-07-28 13:30:00,49.529998779296875,49.739898681640625,48.63999938964844,48.95000076293945,598267
2025-07-28 14:30:00,48.970001220703125,49.470001220703125,48.79999923706055,49.3849983215332,235666
2025-07-28 15:30:00,49.3849983215332,49.560001373291016,49.24470138549805,49.28350067138672,139719
2025-07-28 16:30:00,49.279998779296875,49.3650016784668,49.16999816894531,49.18000030517578,138473
2025-07-28 17:30:00,49.18000030517578,49.29499816894531,49.150001525878906,49.2599983215332,141929
2025-07-28 18:30:00,49.27000045776367,49.4900016784668,49.191200256347656,49.415000915527344,202880
2025-07-28 19:30:00,49.43000030517578,49.63999938964844,49.40999984741211,49.52000045776367,459575
2025-07-29 13:30:00,49.279998779296875,49.540000915527344,49.0099983215332,49.49879837036133,384537
2025-07-29 14:30:00,49.45000076293945,49.959999084472656,49.45000076293945,49.61000061035156,204596
2025-07-29 15:30:00,49.599998474121094,49.68000030517578,49.43000030517578,49.61759948730469,115147
2025-07-29 16:30:00,49.619998931884766,49.808101654052734,49.58000183105469,49.72999954223633,64251
2025-07-29 17:30:00,49.72999954223633,49.91999816894531,49.720001220703125,49.919898986816406,80717
2025-07-29 18:30:00,49.91999816894531,50.119998931884766,49.849998474121094,50.02000045776367,125013
2025-07-29 19:30:00,50.0099983215332,50.060001373291016,49.849998474121094,50.0099983215332,279491
2025-07-30 13:30:00,48.099998474121094,48.91899871826172,48.06999969482422,48.46500015258789,735323
2025-07-30 14:30:00,48.494998931884766,48.875,48.38999938964844,48.43000030517578,293139
2025-07-30 15:30:00,48.435001373291016,48.459999084472656,48.220001220703125,48.29999923706055,128588
2025-07-30 16:30:00,48.29999923706055,48.5,48.16999816894531,48.47999954223633,104063
2025-07-30 17:30:00,48.509300231933594,48.724998474121094,48.18069839477539,48.20500183105469,196182
2025-07-30 18:30:00,48.220001220703125,48.470001220703125,47.5,47.540000915527344,345214
2025-07-30 19:30:00,47.52000045776367,47.560001373291016,47.279998779296875,47.43000030517578,870404
2025-07-31 13:30:00,45.52000045776367,46.84000015258789,45.36000061035156,46.125,1635065
2025-07-31 14:30:00,46.13999938964844,46.13999938964844,45.689998626708984,46.10499954223633,1236008
2025-07-31 15:30:00,46.10499954223633,46.5099983215332,46.084999084472656,46.400001525878906,343090
2025-07-31 16:30:00,46.40010070800781,46.5099983215332,46.25,46.275001525878906,273024
2025-07-31 17:30:00,46.27399826049805,46.439998626708984,46.18000030517578,46.349998474121094,292642
2025-07-31 18:30:00,46.349998474121094,46.380001068115234,46.040000915527344,46.31999969482422,299320
2025-07-31 19:30:00,46.310001373291016,46.5099983215332,46.2599983215332,46.27000045776367,514905
2025-08-01 13:30:00,47.5,48.61000061035156,46.70000076293945,48.220001220703125,1412218
2025-08-01 14:30:00,48.21900177001953,49.2400016784668,48.099998474121094,49.119998931884766,859582
2025-08-01 15:30:00,49.130001068115234,49.224998474121094,48.57780075073242,48.810001373291016,304144
2025-08-01 16:30:00,48.790000915527344,49.060001373291016,48.560001373291016,48.61000061035156,306081
2025-08-01 17:30:00,48.61000061035156,48.75,48.279998779296875,48.52000045776367,224912
2025-08-01 18:30:00,48.52000045776367,48.939998626708984,48.5,48.84000015258789,308606
2025-08-01 19:30:00,48.83000183105469,48.97999954223633,48.709999084472656,48.75,555539
2025-08-04 13:30:00,50.34000015258789,51.86000061035156,50.20000076293945,51.4900016784668,1043596
2025-08-04 14:30:00,51.52000045776367,52.279998779296875,51.5,52.1349983215332,642219
2025-08-04 15:30:00,52.119998931884766,52.36989974975586,51.849998474121094,52.23500061035156,211980
2025-08-04 16:30:00,52.25,52.560001373291016,52.189998626708984,52.560001373291016,184597
2025-08-04 17:30:00,52.55500030517578,52.77000045776367,52.5099983215332,52.63999938964844,257099
2025-08-04 18:30:00,52.65999984741211,52.814998626708984,52.47999954223633,52.814998626708984,277577
2025-08-04 19:30:00,52.83000183105469,53.18000030517578,52.79999923706055,53.15999984741211,557554
2025-08-05 13:30:00,53.959999084472656,55.27000045776367,53.25,54.970001220703125,878286
2025-08-05 14:30:00,54.939998626708984,55.779300689697266,54.869998931884766,55.61000061035156,632355
2025-08-05 15:30:00,55.630001068115234,56.40999984741211,55.5099983215332,56.22999954223633,431524
2025-08-05 16:30:00,56.224998474121094,56.689998626708984,55.93000030517578,56.61000061035156,335026
2025-08-05 17:30:00,56.63999938964844,56.790000915527344,56.41999816894531,56.70000076293945,368276
2025-08-05 18:30:00,56.720001220703125,56.9900016784668,56.560001373291016,56.869998931884766,375625
2025-08-05 19:30:00,56.869998931884766,56.90999984741211,56.45000076293945,56.4900016784668,686786
2025-08-06 13:30:00,56.45000076293945,57.81999969482422,56.45000076293945,57.560001373291016,856113
2025-08-06 14:30:00,57.59000015258789,57.95000076293945,57.369998931884766,57.650001525878906,523838
2025-08-06 15:30:00,57.627601623535156,58.0,57.45000076293945,58.0,240962
2025-08-06 16:30:00,58.0,58.079898834228516,57.839599609375,58.029998779296875,184294
2025-08-06 17:30:00,58.04999923706055,58.189998626708984,57.7400016784668,57.81999969482422,221915
2025-08-06 18:30:00,57.81999969482422,58.029998779296875,57.65999984741211,57.98500061035156,244930
2025-08-06 19:30:00,58.0,58.31999969482422,57.9900016784668,58.279998779296875,605678
2025-08-07 13:30:00,58.720001220703125,59.189998626708984,57.665000915527344,57.94499969482422,891518
2025-08-07 14:30:00,57.970001220703125,58.33150100708008,57.869998931884766,58.20000076293945,448855
2025-08-07 15:30:00,58.19499969482422,58.7400016784668,58.19499969482422,58.66999816894531,172393
2025-08-07 16:30:00,58.66999816894531,58.66999816894531,58.099998474121094,58.25,134674
2025-08-07 17:30:00,58.27000045776367,58.41999816894531,57.84000015258789,57.88999938964844,137282
2025-08-07 18:30:00,57.88999938964844,58.05500030517578,57.720001220703125,58.0,215612
2025-08-07 19:30:00,57.994998931884766,58.25,57.994998931884766,58.02000045776367,386844
2025-08-08 13:30:00,58.0099983215332,58.2599983215332,57.38999938964844,57.400001525878906,632658
2025-08-08 14:30:00,57.369998931884766,58.0,57.369998931884766,57.599998474121094,227427
2025-08-08 15:30:00,57.595001220703125,57.595001220703125,57.27000045776367,57.46500015258789,207915
2025-08-08 16:30:00,57.4900016784668,57.689998626708984,57.34000015258789,57.535301208496094,228317
2025-08-08 17:30:00,57.529998779296875,57.70000076293945,56.709999084472656,57.310001373291016,332431
2025-08-08 18:30:00,57.31999969482422,57.599998474121094,57.15999984741211,57.46009826660156,245605
2025-08-08 19:30:00,57.470001220703125,57.470001220703125,57.2400016784668,57.40999984741211,331142
2025-08-11 13:30:00,55.93000030517578,57.400001525878906,55.7599983215332,56.92499923706055,604304
2025-08-11 14:30:00,56.9286003112793,56.970001220703125,56.4900016784668,56.849998474121094,215038
2025-08-11 15:30:00,56.880001068115234,57.02000045776367,56.65999984741211,56.80500030517578,104205
2025-08-11 16:30:00,56.80270004272461,56.86000061035156,56.709999084472656,56.755001068115234,88996
2025-08-11 17:30:00,56.720001220703125,57.060001373291016,56.43000030517578,56.775001525878906,129945
2025-08-11 18:30:00,56.750099182128906,56.79999923706055,56.56999969482422,56.599998474121094,148236
2025-08-11 19:30:00,56.59000015258789,56.88999938964844,56.525001525878906,56.810001373291016,310931
2025-08-12 13:30:00,56.81999969482422,57.040000915527344,56.25,56.61000061035156,422729
2025-08-12 14:30:00,56.58000183105469,57.11000061035156,56.470001220703125,57.06999969482422,296339
2025-08-12 15:30:00,57.08000183105469,57.290000915527344,56.900001525878906,57.209999084472656,147950
2025-08-12 16:30:00,57.209999084472656,57.310001373291016,57.060001373291016,57.23080062866211,71441
2025-08-12 17:30:00,57.22999954223633,57.290000915527344,57.02000045776367,57.02000045776367,79066
2025-08-12 18:30:00,57.02000045776367,57.040000915527344,56.810001373291016,57.0099983215332,127538
2025-08-12 19:30:00,57.02000045776367,57.279998779296875,56.88999938964844,57.27000045776367,405866
2025-08-13 13:30:00,57.08000183105469,57.189998626708984,56.59000015258789,56.959999084472656,625237
2025-08-13 14:30:00,56.880001068115234,56.880001068115234,56.0099983215332,56.20000076293945,394305
2025-08-13 15:30:00,56.25,56.58000183105469,56.22999954223633,56.38999938964844,147669
2025-08-13 16:30:00,56.3849983215332,56.400001525878906,55.973201751708984,56.02000045776367,136712
2025-08-13 17:30:00,56.029998779296875,56.150001525878906,55.79999923706055,55.80179977416992,161317
2025-08-13 18:30:00,55.810001373291016,55.97999954223633,55.79999923706055,55.93000030517578,224898
2025-08-13 19:30:00,55.959999084472656,55.970001220703125,55.65999984741211,55.810001373291016,512924
2025-08-14 13:30:00,54.869998931884766,55.619998931884766,54.439998626708984,55.29999923706055,659787
2025-08-14 14:30:00,55.310001373291016,55.479801177978516,55.06999969482422,55.06999969482422,416632
2025-08-14 15:30:00,55.09000015258789,55.29999923706055,54.72999954223633,54.755001068115234,183105
2025-08-14 16:30:00,54.72999954223633,54.95500183105469,54.70000076293945,54.80500030517578,66806
2025-08-14 17:30:00,54.83000183105469,54.849998474121094,54.540000915527344,54.59000015258789,105536
2025-08-14 18:30:00,54.584999084472656,54.880001068115234,54.584999084472656,54.72999954223633,126474
2025-08-14 19:30:00,54.75,54.7599983215332,54.58000183105469,54.720001220703125,306459
2025-08-15 13:30:00,53.755001068115234,54.45000076293945,53.63999938964844,54.290000915527344,801249
2025-08-15 14:30:00,54.279998779296875,54.959999084472656,54.220001220703125,54.83000183105469,300455
2025-08-15 15:30:00,54.834999084472656,55.099998474121094,54.70000076293945,54.709999084472656,138820
2025-08-15 16:30:00,54.72999954223633,54.77000045776367,54.54999923706055,54.70000076293945,126914
2025-08-15 17:30:00,54.70000076293945,54.790000915527344,54.61000061035156,54.709999084472656,188163
2025-08-15 18:30:00,54.70000076293945,54.720001220703125,54.26499938964844,54.375,163666
2025-08-15 19:30:00,54.38999938964844,54.41999816894531,54.2599983215332,54.29999923706055,400216
2025-08-18 13:30:00,54.654998779296875,54.70479965209961,53.790000915527344,54.04499816894531,284435
2025-08-18 14:30:00,54.04999923706055,54.25,53.650001525878906,53.65999984741211,270703
2025-08-18 15:30:00,53.68000030517578,53.86000061035156,53.650001525878906,53.72999954223633,101464
2025-08-18 16:30:00,53.77000045776367,53.90999984741211,53.61000061035156,53.68000030517578,77081
2025-08-18 17:30:00,53.66999816894531,53.90999984741211,53.65999984741211,53.68000030517578,126453
2025-08-18 18:30:00,53.68000030517578,53.779998779296875,53.560001373291016,53.7599983215332,145120
2025-08-18 19:30:00,53.755001068115234,53.78300094604492,53.599998474121094,53.70000076293945,350449
2025-08-19 13:30:00,53.31999969482422,53.56999969482422,52.720001220703125,52.75,420835
2025-08-19 14:30:00,52.720001220703125,52.810001373291016,52.279998779296875,52.64500045776367,362491
2025-08-19 15:30:00,52.630001068115234,52.77000045776367,52.44499969482422,52.5099983215332,197899
2025-08-19 16:30:00,52.5,52.529998779296875,52.25,52.27000045776367,203926
2025-08-19 17:30:00,52.279998779296875,52.43000030517578,52.22999954223633,52.349998474121094,133373
2025-08-19 18:30:00,52.35499954223633,52.54999923706055,52.09000015258789,52.18000030517578,318198
2025-08-19 19:30:00,52.18000030517578,52.220001220703125,52.06999969482422,52.13999938964844,361917
2025-08-20 13:30:00,52.119998931884766,53.08000183105469,52.04999923706055,53.040000915527344,667520
2025-08-20 14:30:00,53.02000045776367,53.15999984741211,52.810001373291016,52.849998474121094,255021
2025-08-20 15:30:00,52.845001220703125,53.13999938964844,52.72999954223633,53.119998931884766,127316
2025-08-20 16:30:00,53.117000579833984,53.249900817871094,53.099998474121094,53.22999954223633,95404
2025-08-20 17:30:00,53.25,53.43000030517578,53.25,53.33000183105469,154045
2025-08-20 18:30:00,53.314998626708984,53.619998931884766,53.314998626708984,53.58000183105469,147492
2025-08-20 19:30:00,53.57500076293945,53.84000015258789,53.57500076293945,53.73500061035156,377936
2025-08-21 13:30:00,53.84000015258789,55.25,53.84000015258789,55.25,673054
2025-08-21 14:30:00,55.25,55.470001220703125,54.88999938964844,55.05500030517578,568675
2025-08-21 15:30:00,55.060001373291016,55.10499954223633,54.41999816894531,54.479801177978516,255429
2025-08-21 16:30:00,54.470001220703125,54.630001068115234,54.369998931884766,54.41999816894531,152214
2025-08-21 17:30:00,54.43000030517578,54.619998931884766,54.380001068115234,54.61980056762695,159877
2025-08-21 18:30:00,54.619998931884766,54.7400016784668,54.58000183105469,54.70000076293945,161904
2025-08-21 19:30:00,54.70000076293945,54.970001220703125,54.70000076293945,54.81999969482422,472607
2025-08-22 13:30:00,52.77000045776367,53.79999923706055,52.2599983215332,53.79999923706055,950893
2025-08-22 14:30:00,53.81990051269531,55.060001373291016,53.59320068359375,55.0,675374
2025-08-22 15:30:00,55.005001068115234,55.16849899291992,54.580101013183594,54.939998626708984,421376
2025-08-22 16:30:00,54.97999954223633,55.18000030517578,54.970001220703125,55.08000183105469,194030
2025-08-22 17:30:00,55.09000015258789,55.11000061035156,54.880001068115234,54.98899841308594,159330
2025-08-22 18:30:00,54.97999954223633,55.029998779296875,54.7599983215332,54.83319854736328,202370
2025-08-22 19:30:00,54.83000183105469,54.880001068115234,54.41999816894531,54.619998931884766,337323
2025-08-25 13:30:00,54.7599983215332,55.18000030517578,54.470001220703125,54.54499816894531,847069
2025-08-25 14:30:00,54.540000915527344,54.560001373291016,53.939998626708984,54.27000045776367,459424
2025-08-25 15:30:00,54.310001373291016,54.459999084472656,54.11000061035156,54.29999923706055,220173
2025-08-25 16:30:00,54.278099060058594,54.5,54.209999084472656,54.329898834228516,170291
2025-08-25 17:30:00,54.31999969482422,54.43000030517578,54.20199966430664,54.41999816894531,137715
2025-08-25 18:30:00,54.43000030517578,54.48500061035156,54.27000045776367,54.279998779296875,209622
2025-08-25 19:30:00,54.279998779296875,54.459999084472656,54.22999954223633,54.439998626708984,516096
2025-08-26 13:30:00,54.33000183105469,55.37889862060547,54.31999969482422,55.15999984741211,438872
2025-08-26 14:30:00,55.16999816894531,55.20000076293945,54.93009948730469,54.998600006103516,328955
2025-08-26 15:30:00,54.994998931884766,55.439998626708984,54.970001220703125,55.32500076293945,219651
2025-08-26 16:30:00,55.31999969482422,55.5,55.209999084472656,55.34000015258789,124199
2025-08-26 17:30:00,55.34000015258789,55.4900016784668,55.252201080322266,55.34000015258789,122469
2025-08-26 18:30:00,55.349998474121094,55.45000076293945,55.27000045776367,55.369998931884766,114155
2025-08-26 19:30:00,55.36000061035156,55.470001220703125,55.220001220703125,55.369998931884766,324597
2025-08-27 13:30:00,54.52000045776367,55.21500015258789,54.40999984741211,55.11000061035156,722179
2025-08-27 14:30:00,55.119998931884766,55.349998474121094,55.01499938964844,55.16999816894531,261492
2025-08-27 15:30:00,55.16999816894531,55.22999954223633,55.02000045776367,55.04999923706055,165785
2025-08-27 16:30:00,55.04999923706055,55.279998779296875,55.029998779296875,55.14929962158203,133815
2025-08-27 17:30:00,55.150001525878906,55.45000076293945,55.119998931884766,55.42499923706055,115826
2025-08-27 18:30:00,55.439998626708984,55.45000076293945,55.275001525878906,55.41699981689453,200824
2025-08-27 19:30:00,55.43000030517578,55.5,55.36000061035156,55.36000061035156,378515
2025-08-28 13:30:00,54.72999954223633,55.29999923706055,54.41400146484375,55.290000915527344,848059
2025-08-28 14:30:00,55.279998779296875,55.380001068115234,54.56999969482422,54.65999984741211,441371
2025-08-28 15:30:00,54.6349983215332,55.09000015258789,54.4109992980957,55.02009963989258,418561
2025-08-28 16:30:00,55.040000915527344,55.61000061035156,55.029998779296875,55.5,246668
2025-08-28 17:30:00,55.52000045776367,55.58000183105469,55.2599983215332,55.29999923706055,216275
2025-08-28 18:30:00,55.290000915527344,55.43000030517578,55.13999938964844,55.16999816894531,249336
2025-08-28 19:30:00,55.16999816894531,55.279998779296875,55.04999923706055,55.209999084472656,521335
2025-08-29 13:30:00,55.43000030517578,55.935001373291016,55.128501892089844,55.90999984741211,763689
2025-08-29 14:30:00,55.95000076293945,56.65999984741211,55.90999984741211,56.56999969482422,599722
2025-08-29 15:30:00,56.56999969482422,56.82640075683594,56.56999969482422,56.70000076293945,271216
2025-08-29 16:30:00,56.70000076293945,56.849998474121094,56.53499984741211,56.68000030517578,258383
2025-08-29 17:30:00,56.689998626708984,56.81999969482422,56.435001373291016,56.72999954223633,352676
2025-08-29 18:30:00,56.72999954223633,56.80500030517578,56.58000183105469,56.709999084472656,238317
2025-08-29 19:30:00,56.71500015258789,56.89500045776367,56.665000915527344,56.68000030517578,516289
2025-09-02 13:30:00,57.779998779296875,58.20000076293945,56.619998931884766,58.06999969482422,1853645
2025-09-02 14:30:00,58.08000183105469,58.540000915527344,57.810001373291016,58.380001068115234,1010525
2025-09-02 15:30:00,58.369998931884766,58.95000076293945,58.27000045776367,58.849998474121094,549759
2025-09-02 16:30:00,58.86000061035156,58.880001068115234,57.83000183105469,57.880001068115234,433450
2025-09-02 17:30:00,57.88999938964844,57.939998626708984,57.66999816894531,57.814998626708984,429821
2025-09-02 18:30:00,57.79999923706055,58.150001525878906,57.34000015258789,57.84000015258789,501472
2025-09-02 19:30:00,57.8385009765625,58.27000045776367,57.83000183105469,58.150001525878906,533985
2025-09-03 13:30:00,60.0,60.36000061035156,59.45000076293945,59.95000076293945,1180349
2025-09-03 14:30:00,59.9900016784668,60.275001525878906,59.40999984741211,60.189998626708984,584332
2025-09-03 15:30:00,60.182701110839844,60.25,59.689998626708984,59.7599983215332,240226
2025-09-03 16:30:00,59.76499938964844,59.77000045776367,59.2599983215332,59.47999954223633,192521
2025-09-03 17:30:00,59.47999954223633,59.65999984741211,59.38999938964844,59.40999984741211,186903
2025-09-03 18:30:00,59.404998779296875,59.40999984741211,58.83000183105469,59.064998626708984,251548
2025-09-03 19:30:00,59.064998626708984,59.415000915527344,59.0099983215332,59.36000061035156,433943
2025-09-04 13:30:00,56.93000030517578,58.5989990234375,56.68000030517578,58.150001525878906,1690824
2025-09-04 14:30:00,58.119998931884766,58.20000076293945,57.54999923706055,57.90999984741211,989712
2025-09-04 15:30:00,57.90999984741211,58.45500183105469,57.90999984741211,58.34000015258789,553285
2025-09-04 16:30:00,58.369998931884766,58.755001068115234,58.34000015258789,58.650001525878906,195185
2025-09-04 17:30:00,58.630001068115234,58.68000030517578,58.2599983215332,58.310001373291016,166129
2025-09-04 18:30:00,58.33000183105469,58.41999816894531,58.099998474121094,58.099998474121094,186400
2025-09-04 19:30:00,58.099998474121094,58.25,57.900001525878906,57.96500015258789,423230
2025-09-05 13:30:00,59.6161003112793,59.959999084472656,58.83000183105469,59.2599983215332,904445
2025-09-05 14:30:00,59.2400016784668,59.61000061035156,58.88999938964844,59.61000061035156,394753
2025-09-05 15:30:00,59.60169982910156,60.29999923706055,59.60169982910156,60.27000045776367,297664
2025-09-05 16:30:00,60.27000045776367,60.375,60.029998779296875,60.2400016784668,264653
2025-09-05 17:30:00,60.220001220703125,60.2400016784668,59.49089813232422,59.54999923706055,143470
2025-09-05 18:30:00,59.5,59.599998474121094,59.369998931884766,59.54999923706055,160636
2025-09-05 19:30:00,59.54999923706055,59.790000915527344,59.404998779296875,59.7599983215332,410270
2025-09-08 13:30:00,61.36000061035156,61.41999816894531,60.459999084472656,60.790000915527344,954097
2025-09-08 14:30:00,60.810001373291016,61.880001068115234,60.529998779296875,61.41999816894531,522448
2025-09-08 15:30:00,61.43000030517578,61.834999084472656,61.334999084472656,61.779998779296875,298824
2025-09-08 16:30:00,61.779998779296875,62.220001220703125,61.709999084472656,62.13999938964844,435187
2025-09-08 17:30:00,62.13999938964844,62.2400016784668,62.0099983215332,62.09000015258789,396639
2025-09-08 18:30:00,62.09000015258789,62.43000030517578,61.87540054321289,62.349998474121094,653905
2025-09-08 19:30:00,62.36000061035156,62.650001525878906,62.20000076293945,62.209999084472656,770877
2025-09-09 13:30:00,62.709999084472656,62.94200134277344,61.505001068115234,61.775001525878906,928273
2025-09-09 14:30:00,61.779998779296875,61.95000076293945,61.310001373291016,61.591800689697266,371965
2025-09-09 15:30:00,61.54999923706055,61.624698638916016,61.310001373291016,61.32500076293945,180559
2025-09-09 16:30:00,61.32500076293945,61.54999923706055,61.32500076293945,61.41999816894531,149202
2025-09-09 17:30:00,61.42499923706055,61.9900016784668,61.42499923706055,61.849998474121094,168271
2025-09-09 18:30:00,61.86000061035156,61.96500015258789,61.709999084472656,61.72999954223633,223993
2025-09-09 19:30:00,61.7400016784668,61.9900016784668,61.630001068115234,61.91999816894531,517312
2025-09-10 13:30:00,62.70000076293945,64.87999725341797,62.65999984741211,64.69999694824219,892694
2025-09-10 14:30:00,64.69000244140625,64.98999786376953,63.83000183105469,64.02999877929688,577777
2025-09-10 15:30:00,64.0199966430664,64.18499755859375,63.95000076293945,64.06500244140625,230994
2025-09-10 16:30:00,64.08999633789062,64.43000030517578,64.05000305175781,64.33499908447266,179280
2025-09-10 17:30:00,64.33000183105469,64.87000274658203,64.33000183105469,64.7699966430664,288202
2025-09-10 18:30:00,64.76000213623047,65.11000061035156,64.73999786376953,65.11000061035156,296108
2025-09-10 19:30:00,65.02999877929688,65.05000305175781,64.5999984741211,64.5999984741211,722750
2025-09-11 13:30:00,63.529998779296875,64.75,63.38999938964844,64.55999755859375,753839
2025-09-11 14:30:00,64.54499816894531,64.81999969482422,64.4729995727539,64.58999633789062,388456
2025-09-11 15:30:00,64.58999633789062,64.80999755859375,64.37000274658203,64.69000244140625,149012
2025-09-11 16:30:00,64.68499755859375,64.98999786376953,64.61000061035156,64.93499755859375,144346
2025-09-11 17:30:00,64.94999694824219,65.2300033569336,64.86000061035156,65.13500213623047,297142
2025-09-11 18:30:00,65.12999725341797,65.30500030517578,64.875,65.23999786376953,220106
2025-09-11 19:30:00,65.2300033569336,65.68000030517578,65.2249984741211,65.55000305175781,833206
2025-09-12 13:30:00,65.51000213623047,66.44999694824219,65.38999938964844,66.2699966430664,568234
2025-09-12 14:30:00,66.29000091552734,66.30000305175781,65.28279876708984,65.61000061035156,319733
2025-09-12 15:30:00,65.56999969482422,65.86000061035156,65.55999755859375,65.75,145950
2025-09-12 16:30:00,65.75,65.91000366210938,65.58370208740234,65.5999984741211,125470
2025-09-12 17:30:00,65.61070251464844,65.93499755859375,65.61070251464844,65.70999908447266,138362
2025-09-12 18:30:00,65.70999908447266,66.25,65.68499755859375,66.06999969482422,301972
2025-09-12 19:30:00,66.08999633789062,66.38999938964844,65.98999786376953,66.31999969482422,563394
2025-09-15 13:30:00,66.06999969482422,66.6500015258789,65.69499969482422,65.94999694824219,464567
2025-09-15 14:30:00,65.94999694824219,67.02580261230469,65.93499755859375,66.95999908447266,386550
2025-09-15 15:30:00,66.94000244140625,67.19999694824219,66.71499633789062,67.17900085449219,213741
2025-09-15 16:30:00,67.1500015258789,67.26000213623047,66.55999755859375,66.67500305175781,163466
2025-09-15 17:30:00,66.6859130859375,66.99400329589844,66.56999969482422,66.8550033569336,164687
2025-09-15 18:30:00,66.8550033569336,67.25,66.70500183105469,67.2300033569336,229150
2025-09-15 19:30:00,67.22000122070312,67.33000183105469,67.06999969482422,67.11499786376953,517938
2025-09-16 13:30:00,67.31999969482422,67.66999816894531,65.98999786376953,66.04000091552734,1423462
2025-09-16 14:30:00,66.04499816894531,66.08999633789062,65.19999694824219,65.4000015258789,968172
2025-09-16 15:30:00,65.3949966430664,65.94499969482422,65.2699966430664,65.91000366210938,275647
2025-09-16 16:30:00,65.92500305175781,66.44999694824219,65.80000305175781,65.87999725341797,250497
2025-09-16 17:30:00,65.88999938964844,66.13400268554688,65.88999938964844,66.01000213623047,199336
2025-09-16 18:30:00,66.0,66.08999633789062,65.84500122070312,65.90499877929688,337706
2025-09-16 19:30:00,65.91000366210938,66.08999633789062,65.56999969482422,65.6050033569336,691277
2025-09-17 13:30:00,64.95999908447266,66.16719818115234,64.94000244140625,65.65499877929688,680424
2025-09-17 14:30:00,65.625,65.93000030517578,65.5,65.52999877929688,255526
2025-09-17 15:30:00,65.53099822998047,65.63999938964844,65.13999938964844,65.19499969482422,260171
2025-09-17 16:30:00,65.16999816894531,65.16999816894531,64.66999816894531,64.91000366210938,303173
2025-09-17 17:30:00,64.94000244140625,65.6500015258789,64.62000274658203,65.23999786376953,467319
2025-09-17 18:30:00,65.19000244140625,65.2699966430664,63.86000061035156,64.78500366210938,557297
2025-09-17 19:30:00,64.7699966430664,64.80999755859375,64.4749984741211,64.5199966430664,583974
2025-09-18 13:30:00,64.20999908447266,64.20999908447266,63.13999938964844,63.709999084472656,526331
2025-09-18 14:30:00,63.7400016784668,64.23999786376953,63.70000076293945,64.052001953125,278046
2025-09-18 15:30:00,64.12000274658203,64.66000366210938,64.08000183105469,64.58000183105469,173461
2025-09-18 16:30:00,64.58000183105469,65.04000091552734,64.37000274658203,64.9800033569336,158531
2025-09-18 17:30:00,65.0,65.0,64.5199966430664,64.73500061035156,133953
2025-09-18 18:30:00,64.73999786376953,64.91999816894531,64.62000274658203,64.87000274658203,136916
2025-09-18 19:30:00,64.88999938964844,64.90799713134766,64.5999984741211,64.62999725341797,340213
2025-09-19 13:30:00,64.44999694824219,66.41999816894531,64.36000061035156,66.41000366210938,638396
2025-09-19 14:30:00,66.42030334472656,67.0999984741211,66.02999877929688,66.94499969482422,436562
2025-09-19 15:30:00,66.94499969482422,67.02999877929688,66.69000244140625,66.94999694824219,220305
2025-09-19 16:30:00,66.93000030517578,67.26000213623047,66.80000305175781,67.12000274658203,203915
2025-09-19 17:30:00,67.12000274658203,67.77999877929688,67.04499816894531,67.68000030517578,258988
2025-09-19 18:30:00,67.68800354003906,67.76000213623047,67.45999908447266,67.66999816894531,277457
2025-09-19 19:30:00,67.66000366210938,68.01000213623047,67.61499786376953,67.80000305175781,721560
2025-09-22 13:30:00,69.25,69.55999755859375,67.66999816894531,67.83999633789062,750118
2025-09-22 14:30:00,67.8499984741211,68.33000183105469,67.63749694824219,68.30999755859375,407328
2025-09-22 15:30:00,68.30500030517578,68.66500091552734,68.13999938964844,68.62999725341797,289802
2025-09-22 16:30:00,68.62999725341797,69.25499725341797,68.5999984741211,69.16000366210938,397868
2025-09-22 17:30:00,69.16999816894531,69.43000030517578,69.08000183105469,69.40989685058594,285828
2025-09-22 18:30:00,69.3833999633789,69.5999984741211,69.19999694824219,69.2300033569336,293082
2025-09-22 19:30:00,69.23999786376953,69.43000030517578,69.19999694824219,69.375,496500
2025-09-23 13:30:00,69.44000244140625,69.9800033569336,69.1500015258789,69.16999816894531,930554
2025-09-23 14:30:00,69.18000030517578,69.66500091552734,68.86000061035156,69.44960021972656,462500
2025-09-23 15:30:00,69.44999694824219,69.91999816894531,69.41000366210938,69.55999755859375,216909
2025-09-23 16:30:00,69.55999755859375,69.8499984741211,69.04000091552734,69.7699966430664,282922
2025-09-23 17:30:00,69.79000091552734,69.80500030517578,69.1500015258789,69.44650268554688,255658
2025-09-23 18:30:00,69.44499969482422,69.80999755859375,68.97000122070312,69.33000183105469,473628
2025-09-23 19:30:00,69.33000183105469,69.54000091552734,69.18000030517578,69.41999816894531,594169
2025-09-24 13:30:00,69.44999694824219,69.9198989868164,68.06999969482422,68.51000213623047,356310
2025-09-24 14:30:00,68.48999786376953,68.63990020751953,67.7500991821289,67.79499816894531,349061
2025-09-24 15:30:00,67.79499816894531,67.91500091552734,67.2300033569336,67.30000305175781,190877
2025-09-24 16:30:00,67.30899810791016,67.6698989868164,67.02559661865234,67.46499633789062,170300
2025-09-24 17:30:00,67.46499633789062,67.47000122070312,66.94999694824219,66.98999786376953,181663
2025-09-24 18:30:00,67.01499938964844,67.1886978149414,66.66000366210938,66.80979919433594,290362
2025-09-24 19:30:00,66.77999877929688,66.9000015258789,66.5999984741211,66.5999984741211,471406
2025-09-25 13:30:00,66.6500015258789,66.8499984741211,65.69999694824219,66.01000213623047,1174570
2025-09-25 14:30:00,66.0,66.18000030517578,65.25,65.58000183105469,654153
2025-09-25 15:30:00,65.55999755859375,66.01000213623047,65.43000030517578,65.7300033569336,322959
2025-09-25 16:30:00,65.7300033569336,65.83999633789062,65.5999984741211,65.75,284382
2025-09-25 17:30:00,65.76000213623047,66.12000274658203,65.54499816894531,66.05000305175781,500580
2025-09-25 18:30:00,66.05059814453125,66.41000366210938,65.91999816894531,65.94999694824219,663870
2025-09-25 19:30:00,65.94999694824219,66.04000091552734,65.62999725341797,65.79000091552734,802390
2025-09-26 13:30:00,66.55999755859375,68.53990173339844,66.30000305175781,68.0,730003
2025-09-26 14:30:00,67.9800033569336,68.62000274658203,67.7699966430664,68.46820068359375,484773
2025-09-26 15:30:00,68.47000122070312,68.62999725341797,68.0999984741211,68.18499755859375,255090
2025-09-26 16:30:00,68.19100189208984,68.47000122070312,67.74009704589844,68.47000122070312,385643
2025-09-26 17:30:00,68.47000122070312,68.61000061035156,67.8499984741211,68.0999984741211,179957
2025-09-26 18:30:00,68.12000274658203,68.5199966430664,67.76000213623047,67.86000061035156,275541
2025-09-26 19:30:00,67.86000061035156,68.30999755859375,67.52999877929688,68.30999755859375,748950
2025-09-29 13:30:00,70.37000274658203,70.37000274658203,68.31999969482422,68.61499786376953,694223
2025-09-29 14:30:00,68.62000274658203,69.43000030517578,68.44999694824219,69.37650299072266,284669
2025-09-29 15:30:00,69.31999969482422,69.9000015258789,68.87999725341797,69.8499984741211,211634
2025-09-29 16:30:00,69.83000183105469,69.88999938964844,68.80999755859375,68.86499786376953,153132
2025-09-29 17:30:00,68.86499786376953,69.375,68.86499786376953,69.1500015258789,153679
2025-09-29 18:30:00,69.0999984741211,69.12999725341797,68.7300033569336,68.97000122070312,239266
2025-09-29 19:30:00,68.95999908447266,69.33000183105469,68.83999633789062,69.33000183105469,540966
2025-09-30 13:30:00,68.9000015258789,71.41000366210938,68.7699966430664,70.93319702148438,764225
2025-09-30 14:30:00,70.95999908447266,71.13999938964844,69.74009704589844,70.04000091552734,347433
2025-09-30 15:30:00,70.08000183105469,70.11000061035156,69.30999755859375,69.87000274658203,269630
2025-09-30 16:30:00,69.875,69.9000015258789,69.4800033569336,69.51000213623047,119128
2025-09-30 17:30:00,69.53500366210938,69.77999877929688,69.22000122070312,69.44999694824219,202246
2025-09-30 18:30:00,69.47000122070312,70.01000213623047,69.31999969482422,69.90799713134766,235650
2025-09-30 19:30:00,69.91999816894531,70.62000274658203,69.91000366210938,70.37000274658203,558545
2025-10-01 13:30:00,71.7300033569336,73.22000122070312,71.7300033569336,72.3499984741211,886543
2025-10-01 14:30:00,72.36499786376953,72.51000213623047,71.33999633789062,71.62999725341797,383729
2025-10-01 15:30:00,71.62000274658203,72.0,71.58499908447266,72.0,177308
2025-10-01 16:30:00,71.9800033569336,72.17500305175781,71.80999755859375,71.91000366210938,165529
2025-10-01 17:30:00,71.93000030517578,72.01000213623047,71.2300033569336,71.73999786376953,203982
2025-10-01 18:30:00,71.7699966430664,72.06999969482422,71.48999786376953,71.87000274658203,250297
2025-10-01 19:30:00,71.88999938964844,72.22000122070312,71.66999816894531,71.68499755859375,404395
2025-10-02 13:30:00,72.98999786376953,73.38999938964844,71.2300033569336,71.48999786376953,663465
2025-10-02 14:30:00,71.50499725341797,71.50499725341797,70.05999755859375,70.4000015258789,473766
2025-10-02 15:30:00,70.4000015258789,71.08000183105469,69.73500061035156,71.04000091552734,369771
2025-10-02 16:30:00,71.0,71.91999816894531,70.86000061035156,71.79000091552734,223444
2025-10-02 17:30:00,71.8499984741211,72.30000305175781,71.68209838867188,72.23999786376953,196522
2025-10-02 18:30:00,72.2300033569336,72.76000213623047,72.16999816894531,72.68499755859375,322045
2025-10-02 19:30:00,72.69999694824219,72.72000122070312,72.36499786376953,72.51000213623047,477865
2025-10-03 13:30:00,72.62000274658203,73.81880187988281,72.11000061035156,72.58999633789062,547676
2025-10-03 14:30:00,72.62000274658203,73.30000305175781,72.16999816894531,73.24500274658203,257232
2025-10-03 15:30:00,73.2511978149414,73.55999755859375,73.01000213623047,73.08999633789062,175793
2025-10-03 16:30:00,73.08000183105469,73.27999877929688,73.0199966430664,73.08999633789062,118460
2025-10-03 17:30:00,73.08999633789062,73.26499938964844,72.62149810791016,73.21089935302734,163817
2025-10-03 18:30:00,73.2249984741211,73.42900085449219,73.02999877929688,73.40499877929688,231971
2025-10-03 19:30:00,73.4000015258789,73.54000091552734,73.23999786376953,73.3499984741211,432913
2025-10-06 13:30:00,74.7699966430664,75.95999908447266,74.62999725341797,74.88500213623047,599331
2025-10-06 14:30:00,74.94000244140625,75.82969665527344,74.86000061035156,75.30000305175781,349877
2025-10-06 15:30:00,75.30000305175781,75.80000305175781,75.0,75.36000061035156,197023
2025-10-06 16:30:00,75.33000183105469,75.71890258789062,75.08999633789062,75.3499984741211,226765
2025-10-06 17:30:00,75.38999938964844,75.4749984741211,75.08999633789062,75.38999938964844,163222
2025-10-06 18:30:00,75.37999725341797,75.4489974975586,75.1500015258789,75.36000061035156,222503
2025-10-06 19:30:00,75.33999633789062,75.4397964477539,74.66999816894531,74.69000244140625,443391
2025-10-07 13:30:00,74.66999816894531,74.93000030517578,73.87999725341797,74.52749633789062,655762
2025-10-07 14:30:00,74.56999969482422,74.84500122070312,73.63999938964844,74.41999816894531,457307
2025-10-07 15:30:00,74.37000274658203,74.37000274658203,73.52999877929688,73.9800033569336,176758
2025-10-07 16:30:00,73.97000122070312,74.5199966430664,73.94000244140625,74.20999908447266,179560
2025-10-07 17:30:00,74.20500183105469,74.38999938964844,73.76000213623047,74.29000091552734,154073
2025-10-07 18:30:00,74.30000305175781,74.70999908447266,74.26000213623047,74.58499908447266,163822
2025-10-07 19:30:00,74.58499908447266,74.6500015258789,74.37999725341797,74.55000305175781,330185
2025-10-08 13:30:00,77.38999938964844,77.70999908447266,75.62010192871094,76.20500183105469,808014
2025-10-08 14:30:00,76.15499877929688,77.13999938964844,76.05000305175781,77.08499908447266,274522
2025-10-08 15:30:00,77.08999633789062,77.41000366210938,77.05000305175781,77.25499725341797,132797
2025-10-08 16:30:00,77.22360229492188,77.34919738769531,77.06999969482422,77.07499694824219,87351
2025-10-08 17:30:00,77.07499694824219,77.07499694824219,76.5896987915039,76.72000122070312,211827
2025-10-08 18:30:00,76.69000244140625,76.9990005493164,76.40499877929688,76.81999969482422,300528
2025-10-08 19:30:00,76.79000091552734,77.5999984741211,76.7699966430664,77.5199966430664,397560
2025-10-09 13:30:00,77.54000091552734,77.80000305175781,74.56999969482422,74.56999969482422,636452
2025-10-09 14:30:00,74.5,74.67070007324219,73.13999938964844,73.48999786376953,811486
2025-10-09 15:30:00,73.45999908447266,73.81500244140625,73.05999755859375,73.18499755859375,340193
2025-10-09 16:30:00,73.11499786376953,73.12999725341797,71.7300033569336,71.81999969482422,531097
2025-10-09 17:30:00,71.82890319824219,72.0,70.91000366210938,71.47000122070312,421040
2025-10-09 18:30:00,71.46499633789062,71.79000091552734,71.20999908447266,71.71499633789062,383911
2025-10-09 19:30:00,71.71499633789062,72.27999877929688,71.69000244140625,72.2699966430664,620687
2025-10-10 13:30:00,71.3499984741211,72.0199966430664,70.7699966430664,71.48999786376953,1107806
2025-10-10 14:30:00,71.5,72.87999725341797,71.1500015258789,72.31999969482422,474503
2025-10-10 15:30:00,72.24009704589844,73.05000305175781,71.8511962890625,72.91000366210938,297482
2025-10-10 16:30:00,72.91000366210938,73.08000183105469,71.9000015258789,72.22000122070312,267186
2025-10-10 17:30:00,72.2300033569336,72.45999908447266,71.72000122070312,72.20870208740234,184438
2025-10-10 18:30:00,72.20500183105469,72.31999969482422,71.69499969482422,71.76000213623047,200253
2025-10-10 19:30:00,71.77999877929688,72.12999725341797,71.70099639892578,71.93000030517578,386786
2025-10-13 13:30:00,74.66000366210938,75.38999938964844,73.8499984741211,74.05999755859375,486831
2025-10-13 14:30:00,74.05500030517578,74.58000183105469,73.7300033569336,74.3499984741211,235231
2025-10-13 15:30:00,74.33999633789062,74.87999725341797,74.30999755859375,74.83999633789062,147959
2025-10-13 16:30:00,74.83999633789062,74.91999816894531,74.41000366210938,74.58110046386719,172288
2025-10-13 17:30:00,74.5199966430664,74.7300033569336,74.30999755859375,74.6500015258789,125839
2025-10-13 18:30:00,74.6449966430664,74.70999908447266,74.2020034790039,74.29000091552734,151591
2025-10-13 19:30:00,74.27999877929688,74.58999633789062,74.16000366210938,74.52999877929688,319358
2025-10-14 13:30:00,72.56999969482422,74.19000244140625,72.42500305175781,74.08999633789062,530156
2025-10-14 14:30:00,74.06999969482422,74.87999725341797,73.69000244140625,74.69499969482422,363600
2025-10-14 15:30:00,74.69499969482422,74.98999786376953,74.36000061035156,74.70999908447266,309071
2025-10-14 16:30:00,74.7699966430664,75.04000091552734,74.56999969482422,74.87999725341797,253568
2025-10-14 17:30:00,74.88999938964844,75.20999908447266,74.79000091552734,74.8949966430664,229494
2025-10-14 18:30:00,74.91000366210938,75.02999877929688,73.91999816894531,74.1500015258789,211677
2025-10-14 19:30:00,74.1500015258789,74.2300033569336,73.44999694824219,73.44999694824219,387060
2025-10-15 13:30:00,72.9800033569336,74.48999786376953,72.43000030517578,74.41000366210938,1012206
2025-10-15 14:30:00,74.41000366210938,75.20999908447266,74.18000030517578,75.1449966430664,530879
2025-10-15 15:30:00,75.12999725341797,75.16999816894531,73.83999633789062,74.99500274658203,349553
2025-10-15 16:30:00,74.97000122070312,75.11000061035156,74.11499786376953,74.44000244140625,190845
2025-10-15 17:30:00,74.38999938964844,75.29000091552734,74.38500213623047,75.08999633789062,223670
2025-10-15 18:30:00,75.0999984741211,75.54000091552734,75.05000305175781,75.45999908447266,189153
2025-10-15 19:30:00,75.4800033569336,75.55000305175781,75.19999694824219,75.20999908447266,421772
2025-10-16 13:30:00,76.88500213623047,78.25,76.3499984741211,78.2249984741211,624747
2025-10-16 14:30:00,78.26920318603516,79.05000305175781,78.19000244140625,79.01000213623047,716624
2025-10-16 15:30:00,78.9800033569336,79.5199966430664,78.69889831542969,79.3550033569336,379177
2025-10-16 16:30:00,79.36499786376953,79.94000244140625,78.60009765625,79.47000122070312,1301987
2025-10-16 17:30:00,79.4800033569336,79.5999984741211,78.38999938964844,78.58000183105469,342006
2025-10-16 18:30:00,78.58000183105469,79.08000183105469,78.43000030517578,78.70999908447266,407006
2025-10-16 19:30:00,78.72000122070312,78.81999969482422,78.37999725341797,78.55000305175781,764688
2025-10-17 13:30:00,76.26000213623047,76.58999633789062,73.8499984741211,74.36499786376953,850467
2025-10-17 14:30:00,74.41999816894531,74.97000122070312,73.79000091552734,74.05999755859375,420253
2025-10-17 15:30:00,74.04000091552734,74.19000244140625,73.41999816894531,73.62999725341797,262243
2025-10-17 16:30:00,73.51000213623047,73.70999908447266,72.55999755859375,72.8949966430664,273833
2025-10-17 17:30:00,72.93000030517578,74.19000244140625,72.69999694824219,74.18499755859375,254172
2025-10-17 18:30:00,74.20999908447266,74.22000122070312,73.45999908447266,73.52999877929688,233734
2025-10-17 19:30:00,73.58999633789062,73.86000061035156,73.4800033569336,73.86000061035156,481112
2025-10-20 13:30:00,74.37999725341797,75.25789642333984,73.43000030517578,75.0999984741211,879639
2025-10-20 14:30:00,75.05999755859375,75.44000244140625,74.66999816894531,74.77320098876953,511899
2025-10-20 15:30:00,74.78150177001953,74.93990325927734,74.4000015258789,74.61000061035156,202326
2025-10-20 16:30:00,74.55999755859375,74.72000122070312,74.1500015258789,74.17469787597656,182038
2025-10-20 17:30:00,74.18000030517578,74.69999694824219,74.05000305175781,74.69999694824219,241379
2025-10-20 18:30:00,74.7499008178711,75.30999755859375,74.66999816894531,75.30000305175781,327315
2025-10-20 19:30:00,75.2699966430664,75.32080078125,75.02999877929688,75.26000213623047,364970
2025-10-21 13:30:00,69.30999755859375,69.51000213623047,67.69999694824219,68.3499984741211,2016961
2025-10-21 14:30:00,68.33999633789062,68.63999938964844,67.37999725341797,67.69000244140625,1003712
2025-10-21 15:30:00,67.7300033569336,68.07649993896484,67.11039733886719,67.16000366210938,582321
2025-10-21 16:30:00,67.16010284423828,67.63999938964844,66.94999694824219,67.08000183105469,327844
2025-10-21 17:30:00,67.11000061035156,67.76000213623047,67.05999755859375,67.464599609375,292594
2025-10-21 18:30:00,67.46499633789062,67.61000061035156,66.73999786376953,67.16999816894531,359771
2025-10-21 19:30:00,67.16000366210938,67.37999725341797,66.5999984741211,66.72000122070312,870383
2025-10-22 13:30:00,63.91999816894531,66.22000122070312,63.7599983215332,65.69999694824219,2306776
2025-10-22 14:30:00,65.66999816894531,65.70500183105469,64.44000244140625,64.83000183105469,802670
2025-10-22 15:30:00,64.85009765625,65.33000183105469,64.5999984741211,65.04000091552734,300111
2025-10-22 16:30:00,65.01000213623047,66.0199966430664,64.76000213623047,65.9000015258789,331147
2025-10-22 17:30:00,65.94000244140625,66.01000213623047,65.41000366210938,65.47000122070312,439400
2025-10-22 18:30:00,65.4800033569336,66.37999725341797,65.41999816894531,66.19999694824219,731952
2025-10-22 19:30:00,66.19999694824219,66.94000244140625,66.16999816894531,66.6500015258789,1070666
2025-10-23 13:30:00,68.41999816894531,68.41999816894531,66.93000030517578,67.72000122070312,1051053
2025-10-23 14:30:00,67.72000122070312,68.02989959716797,67.58000183105469,67.9000015258789,307756
2025-10-23 15:30:00,67.9000015258789,67.97000122070312,67.52999877929688,67.7699966430664,309421
2025-10-23 16:30:00,67.75499725341797,68.0999984741211,67.58000183105469,68.0,229629
2025-10-23 17:30:00,67.98999786376953,68.63999938964844,67.98999786376953,68.48999786376953,171265
2025-10-23 18:30:00,68.51000213623047,68.68000030517578,68.29000091552734,68.36000061035156,276040
2025-10-23 19:30:00,68.3499984741211,68.61000061035156,67.97000122070312,68.61000061035156,665319
2025-10-24 13:30:00,67.65499877929688,69.20999908447266,67.51000213623047,69.01000213623047,596393
2025-10-24 14:30:00,69.01000213623047,69.44000244140625,68.88009643554688,69.3499984741211,228011
2025-10-24 15:30:00,69.36000061035156,70.0199966430664,69.33999633789062,69.68499755859375,163662
2025-10-24 16:30:00,69.70999908447266,69.76000213623047,69.21499633789062,69.21499633789062,121275
2025-10-24 17:30:00,69.19000244140625,69.25,68.77999877929688,69.19000244140625,184700
2025-10-24 18:30:00,69.16999816894531,69.45649719238281,68.9000015258789,68.98500061035156,175295
2025-10-24 19:30:00,69.01000213623047,69.05999755859375,68.31999969482422,68.55000305175781,347135
2025-10-27 13:30:00,65.51000213623047,66.4800033569336,63.2599983215332,63.529998779296875,1493456
2025-10-27 14:30:00,63.564998626708984,63.70000076293945,62.54999923706055,63.55500030517578,986240
2025-10-27 15:30:00,63.5,64.86000061035156,63.310001373291016,64.66999816894531,340153
2025-10-27 16:30:00,64.69000244140625,65.2699966430664,64.5999984741211,65.2300033569336,222729
2025-10-27 17:30:00,65.24500274658203,65.24500274658203,64.8499984741211,64.91999816894531,256654
2025-10-27 18:30:00,64.91000366210938,65.12999725341797,64.66999816894531,64.8499984741211,317261
2025-10-27 19:30:00,64.82499694824219,65.0,64.51000213623047,64.9800033569336,548574
2025-10-28 13:30:00,63.39500045776367,65.25,63.39500045776367,65.23999786376953,929137
2025-10-28 14:30:00,65.29000091552734,65.41000366210938,64.93000030517578,65.16000366210938,409926
2025-10-28 15:30:00,65.19999694824219,65.55999755859375,65.0199966430664,65.27469635009766,232948
2025-10-28 16:30:00,65.29000091552734,66.03990173339844,65.12999725341797,66.0199966430664,190084
2025-10-28 17:30:00,65.9749984741211,66.19000244140625,65.88999938964844,65.98059844970703,141417
2025-10-28 18:30:00,65.94000244140625,66.55999755859375,65.83000183105469,66.45500183105469,255663
2025-10-28 19:30:00,66.41999816894531,66.4800033569336,65.86139678955078,65.95999908447266,458268
2025-10-29 13:30:00,68.72000122070312,68.72000122070312,67.02999877929688,67.8499984741211,640984
2025-10-29 14:30:00,67.84500122070312,68.20999908447266,67.5199966430664,68.08000183105469,390129
2025-10-29 15:30:00,68.11000061035156,68.19999694824219,67.80000305175781,68.11499786376953,289379
2025-10-29 16:30:00,68.11000061035156,68.22000122070312,67.75,67.78990173339844,224328
2025-10-29 17:30:00,67.76000213623047,68.2699966430664,67.63999938964844,67.79499816894531,196643
2025-10-29 18:30:00,67.86000061035156,68.12999725341797,66.46170043945312,67.2249984741211,494740
2025-10-29 19:30:00,67.20999908447266,67.51000213623047,66.80000305175781,67.30999755859375,853107
2025-10-30 13:30:00,67.18000030517578,68.5009994506836,66.69999694824219,68.22750091552734,608915
2025-10-30 14:30:00,68.23999786376953,68.63999938964844,68.08999633789062,68.63999938964844,335459
2025-10-30 15:30:00,68.59500122070312,68.59500122070312,68.1500015258789,68.45999908447266,197641
2025-10-30 16:30:00,68.45500183105469,68.7300033569336,68.33000183105469,68.55999755859375,141735
2025-10-30 17:30:00,68.52999877929688,68.77999877929688,68.0199966430664,68.68000030517578,220562
2025-10-30 18:30:00,68.69000244140625,69.08999633789062,68.58000183105469,68.78500366210938,273215
2025-10-30 19:30:00,68.80000305175781,69.05000305175781,68.68000030517578,69.01000213623047,562228
2025-10-31 13:30:00,69.0199966430664,69.91000366210938,68.6449966430664,69.5999984741211,550036
2025-10-31 14:30:00,69.56999969482422,69.94000244140625,69.12999725341797,69.55500030517578,354869
2025-10-31 15:30:00,69.55500030517578,69.7750015258789,68.3499984741211,68.83499908447266,315029
2025-10-31 16:30:00,68.77999877929688,69.04499816894531,68.56120300292969,68.58499908447266,219662
2025-10-31 17:30:00,68.55000305175781,68.83000183105469,68.19000244140625,68.79000091552734,230866
2025-10-31 18:30:00,68.81999969482422,68.88490295410156,68.62100219726562,68.72000122070312,284765
2025-10-31 19:30:00,68.72000122070312,68.72000122070312,68.01000213623047,68.04000091552734,559695
2025-11-03 14:30:00,67.80999755859375,68.06999969482422,66.94000244140625,67.03009796142578,442336
2025-11-03 15:30:00,67.02999877929688,67.77999877929688,66.80000305175781,66.87899780273438,220986
2025-11-03 16:30:00,66.8499984741211,67.32499694824219,66.62000274658203,67.12000274658203,195228
2025-11-03 17:30:00,67.1449966430664,67.3499984741211,67.0,67.125,112784
2025-11-03 18:30:00,67.125,67.33999633789062,66.94000244140625,67.31500244140625,163057
2025-11-03 19:30:00,67.31500244140625,67.51000213623047,67.11000061035156,67.19499969482422,182903
2025-11-03 20:30:00,67.19249725341797,67.29570007324219,66.98500061035156,67.05999755859375,851426
2025-11-04 14:30:00,64.55000305175781,64.87999725341797,63.290000915527344,64.00540161132812,837298
2025-11-04 15:30:00,63.970001220703125,64.36000061035156,63.599998474121094,64.2300033569336,308749
2025-11-04 16:30:00,64.2750015258789,64.33999633789062,63.880001068115234,64.0,217080
2025-11-04 17:30:00,64.0,64.31999969482422,63.77000045776367,63.84000015258789,188635
2025-11-04 18:30:00,63.869998931884766,64.0,63.56999969482422,63.650001525878906,219568
2025-11-04 19:30:00,63.70000076293945,63.709999084472656,63.33000183105469,63.685001373291016,373667
2025-11-04 20:30:00,63.68000030517578,63.915000915527344,63.40999984741211,63.60900115966797,666631
2025-11-05 14:30:00,65.81999969482422,66.53299713134766,65.4800033569336,66.23999786376953,508562
2025-11-05 15:30:00,66.25,66.4800033569336,65.91000366210938,65.97000122070312,216262
2025-11-05 16:30:00,66.01000213623047,66.44999694824219,65.98999786376953,66.2300033569336,173209
2025-11-05 17:30:00,66.22000122070312,66.41999816894531,66.0999984741211,66.19000244140625,125880
2025-11-05 18:30:00,66.21499633789062,66.75499725341797,66.15499877929688,66.75499725341797,124345
2025-11-05 19:30:00,66.7300033569336,67.05999755859375,66.70999908447266,67.05500030517578,176203
2025-11-05 20:30:00,67.04499816894531,67.16999816894531,66.76000213623047,67.04000091552734,468397
2025-11-06 14:30:00,68.22000122070312,69.63999938964844,68.04000091552734,68.8499984741211,623723
2025-11-06 15:30:00,68.8499984741211,68.9000015258789,68.13999938964844,68.62000274658203,260807
2025-11-06 16:30:00,68.6050033569336,68.81999969482422,68.12999725341797,68.12999725341797,234936
2025-11-06 17:30:00,68.08000183105469,68.55000305175781,67.77100372314453,68.23999786376953,161586
2025-11-06 18:30:00,68.24500274658203,68.66999816894531,68.19999694824219,68.51000213623047,200478
2025-11-06 19:30:00,68.5199966430664,68.62000274658203,68.09100341796875,68.13999938964844,232123
2025-11-06 20:30:00,68.0999984741211,68.13999938964844,67.70999908447266,67.81999969482422,490893
2025-11-07 14:30:00,68.38999938964844,68.80000305175781,67.83000183105469,68.33999633789062,400413
2025-11-07 15:30:00,68.36000061035156,68.79930114746094,67.81999969482422,68.7699966430664,175764
2025-11-07 16:30:00,68.80999755859375,69.4000015258789,68.26129913330078,68.51000213623047,229845
2025-11-07 17:30:00,68.55999755859375,68.8499984741211,68.31500244140625,68.69999694824219,141110
2025-11-07 18:30:00,68.72000122070312,69.39610290527344,68.72000122070312,69.33999633789062,165683
2025-11-07 19:30:00,69.38999938964844,69.55000305175781,68.81500244140625,68.91999816894531,219266
2025-11-07 20:30:00,68.94960021972656,69.41999816894531,68.91000366210938,69.37000274658203,391787
2025-11-10 14:30:00,72.91999816894531,73.81999969482422,72.33999633789062,73.61000061035156,720046
2025-11-10 15:30:00,73.55500030517578,73.80000305175781,73.18000030517578,73.56999969482422,267850
2025-11-10 16:30:00,73.56999969482422,73.94999694824219,73.24030303955078,73.34120178222656,283401
2025-11-10 17:30:00,73.37999725341797,73.77999877929688,73.3499984741211,73.73999786376953,166772
2025-11-10 18:30:00,73.7699966430664,74.45999908447266,73.75779724121094,74.45999908447266,195967
2025-11-10 19:30:00,74.41999816894531,74.5,73.96099853515625,74.2509994506836,300370
2025-11-10 20:30:00,74.25,74.58999633789062,74.11499786376953,74.16000366210938,590025
2025-11-11 14:30:00,75.68000030517578,78.3499984741211,74.7249984741211,76.83000183105469,1256033
2025-11-11 15:30:00,76.7300033569336,78.06990051269531,76.08999633789062,77.58999633789062,515803
2025-11-11 16:30:00,77.55000305175781,78.8499984741211,77.30999755859375,78.6050033569336,332956
2025-11-11 17:30:00,78.61000061035156,78.87000274658203,78.25,78.48999786376953,273942
2025-11-11 18:30:00,78.52999877929688,78.53500366210938,77.7750015258789,78.27349853515625,307954
2025-11-11 19:30:00,78.29000091552734,78.98999786376953,78.25,78.73999786376953,242754
2025-11-11 20:30:00,78.73999786376953,79.38999938964844,78.55999755859375,79.33999633789062,762812
2025-11-12 14:30:00,80.40499877929688,83.41999816894531,80.20999908447266,83.01000213623047,1205297
2025-11-12 15:30:00,83.01000213623047,83.98999786376953,82.73999786376953,83.80059814453125,476281
2025-11-12 16:30:00,83.80000305175781,84.7300033569336,83.75,84.48999786376953,370755
2025-11-12 17:30:00,84.49500274658203,84.83000183105469,84.08000183105469,84.76000213623047,246423
2025-11-12 18:30:00,84.7300033569336,85.33999633789062,84.56999969482422,84.73999786376953,460074
2025-11-12 19:30:00,84.79499816894531,85.31999969482422,84.73999786376953,85.1500015258789,455395
2025-11-12 20:30:00,85.1500015258789,85.8499984741211,84.9800033569336,85.13999938964844,1061214
2025-11-13 14:30:00,84.94000244140625,85.01000213623047,83.4000015258789,84.08000183105469,1120674
2025-11-13 15:30:00,84.09500122070312,84.12999725341797,82.5,83.00499725341797,457493
2025-11-13 16:30:00,83.02690124511719,83.16000366210938,82.08000183105469,82.4000015258789,333161
2025-11-13 17:30:00,82.44999694824219,82.59500122070312,81.47000122070312,81.65879821777344,361715
2025-11-13 18:30:00,81.62000274658203,81.62000274658203,79.8499984741211,80.3499984741211,414322
2025-11-13 19:30:00,80.3550033569336,80.73999786376953,80.07099914550781,80.3499984741211,426346
2025-11-13 20:30:00,80.34549713134766,81.06549835205078,80.2699966430664,80.66999816894531,598985
2025-11-14 14:30:00,77.69999694824219,80.44999694824219,76.5,79.26100158691406,756393
2025-11-14 15:30:00,79.2750015258789,80.36000061035156,79.18000030517578,80.19499969482422,247407
2025-11-14 16:30:00,80.19499969482422,80.47000122070312,80.04000091552734,80.21379852294922,193657
2025-11-14 17:30:00,80.20999908447266,80.41999816894531,79.6509017944336,80.08000183105469,235543
2025-11-14 18:30:00,80.11000061035156,80.3499984741211,79.6500015258789,79.94000244140625,152260
2025-11-14 19:30:00,79.91999816894531,80.18000030517578,79.5999984741211,79.79000091552734,231821
2025-11-14 20:30:00,79.80999755859375,79.86000061035156,79.36000061035156,79.38800048828125,399469
2025-11-17 14:30:00,78.87000274658203,80.52010345458984,78.69999694824219,79.37000274658203,343181
2025-11-17 15:30:00,79.37999725341797,79.5,78.56999969482422,79.2300033569336,200242
2025-11-17 16:30:00,79.22000122070312,79.81999969482422,79.13999938964844,79.6449966430664,131147
2025-11-17 17:30:00,79.68000030517578,79.7699966430664,79.16999816894531,79.2750015258789,135708
2025-11-17 18:30:00,79.22000122070312,79.29000091552734,78.5199966430664,78.62999725341797,186991
2025-11-17 19:30:00,78.61499786376953,78.72000122070312,77.3499984741211,77.82499694824219,291628
2025-11-17 20:30:00,77.9000015258789,77.94999694824219,77.56999969482422,77.76000213623047,435982
2025-11-18 14:30:00,78.87999725341797,79.77999877929688,77.86000061035156,78.58999633789062,508972
2025-11-18 15:30:00,78.59500122070312,79.55500030517578,78.02999877929688,79.47200012207031,260477
2025-11-18 16:30:00,79.4749984741211,79.5999984741211,79.08000183105469,79.2249984741211,189906
2025-11-18 17:30:00,79.25309753417969,80.7240982055664,79.19860076904297,80.68000030517578,289046
2025-11-18 18:30:00,80.68000030517578,80.81999969482422,80.34200286865234,80.51499938964844,218427
2025-11-18 19:30:00,80.5199966430664,81.05000305175781,80.45999908447266,80.55999755859375,370273
2025-11-18 20:30:00,80.58000183105469,80.72380065917969,80.02999877929688,80.13999938964844,711235
2025-11-19 14:30:00,82.20999908447266,84.13999938964844,81.87999725341797,83.04499816894531,534488
2025-11-19 15:30:00,82.98500061035156,83.2699966430664,81.69000244140625,81.8949966430664,268711
2025-11-19 16:30:00,81.8949966430664,82.44999694824219,81.56999969482422,82.0,226895
2025-11-19 17:30:00,81.97000122070312,83.00379943847656,81.78379821777344,82.88999938964844,184877
2025-11-19 18:30:00,82.83000183105469,82.9000015258789,82.12000274658203,82.25,155810
2025-11-19 19:30:00,82.23999786376953,82.65989685058594,81.97000122070312,82.51000213623047,206340
2025-11-19 20:30:00,82.51000213623047,82.68000030517578,82.16999816894531,82.16999816894531,335446
2025-11-20 14:30:00,83.0250015258789,84.4000015258789,82.41999816894531,83.44499969482422,562023
2025-11-20 15:30:00,83.41500091552734,83.7699966430664,82.33000183105469,82.54000091552734,291532
2025-11-20 16:30:00,82.52999877929688,82.58000183105469,79.56999969482422,80.22000122070312,370189
2025-11-20 17:30:00,80.25,80.44000244140625,79.37999725341797,79.83999633789062,209540
2025-11-20 18:30:00,79.81500244140625,80.0,78.87999725341797,79.73999786376953,271764
2025-11-20 19:30:00,79.76499938964844,80.30660247802734,79.47000122070312,79.63999938964844,187806
2025-11-20 20:30:00,79.66000366210938,79.69000244140625,79.12000274658203,79.1500015258789,466721
2025-11-21 14:30:00,78.88500213623047,79.30000305175781,78.06999969482422,78.30999755859375,576099
2025-11-21 15:30:00,78.31500244140625,78.91000366210938,77.06999969482422,78.83609771728516,304882
2025-11-21 16:30:00,78.87000274658203,80.38999938964844,78.84200286865234,79.62999725341797,286302
2025-11-21 17:30:00,79.65249633789062,79.83999633789062,79.38999938964844,79.62000274658203,183706
2025-11-21 18:30:00,79.62000274658203,80.2925033569336,79.52999877929688,80.2699966430664,181033
2025-11-21 19:30:00,80.31999969482422,80.51000213623047,80.0,80.0250015258789,325561
2025-11-21 20:30:00,80.01000213623047,80.08999633789062,79.37999725341797,79.80999755859375,637489
2025-11-24 14:30:00,79.87000274658203,82.27999877929688,79.87000274658203,81.5199966430664,794549
2025-11-24 15:30:00,81.5999984741211,82.2699966430664,81.11000061035156,81.95999908447266,279765
2025-11-24 16:30:00,82.00499725341797,82.69999694824219,82.0,82.2699966430664,243935
2025-11-24 17:30:00,82.31500244140625,82.79000091552734,82.13999938964844,82.72000122070312,180518
2025-11-24 18:30:00,82.72000122070312,83.30000305175781,82.6449966430664,83.02999877929688,236592
2025-11-24 19:30:00,83.02999877929688,83.2300033569336,82.7301025390625,83.12000274658203,294593
2025-11-24 20:30:00,83.0999984741211,84.04000091552734,83.0,83.95500183105469,578631
2025-11-25 14:30:00,83.3550033569336,83.69000244140625,82.1719970703125,82.94999694824219,611790
2025-11-25 15:30:00,82.95500183105469,83.54000091552734,82.73999786376953,83.46499633789062,166756
2025-11-25 16:30:00,83.5199966430664,84.48999786376953,83.25370025634766,84.3499984741211,185840
2025-11-25 17:30:00,84.36000061035156,84.8499984741211,84.27999877929688,84.41500091552734,187364
2025-11-25 18:30:00,84.45999908447266,84.48999786376953,83.95999908447266,83.98999786376953,163517
2025-11-25 19:30:00,83.98999786376953,84.83000183105469,83.98999786376953,84.53500366210938,208159
2025-11-25 20:30:00,84.5250015258789,84.76000213623047,84.0199966430664,84.37000274658203,305423
2025-11-26 14:30:00,85.55000305175781,87.3499984741211,85.34500122070312,87.2063980102539,588725
2025-11-26 15:30:00,87.25499725341797,88.0,87.25,87.70999908447266,273824
2025-11-26 16:30:00,87.73480224609375,88.52999877929688,87.67009735107422,88.38500213623047,216376
2025-11-26 17:30:00,88.37999725341797,89.13999938964844,88.26000213623047,88.8499984741211,268937
2025-11-26 18:30:00,88.9000015258789,89.06999969482422,88.54000091552734,88.96499633789062,188770
2025-11-26 19:30:00,88.9800033569336,89.02999877929688,88.63999938964844,88.88500213623047,277751
2025-11-26 20:30:00,88.86000061035156,89.19000244140625,88.80000305175781,88.91000366210938,442827
2025-11-28 14:30:00,84.30000305175781,85.59249877929688,83.50499725341797,84.5999984741211,2311367
2025-11-28 15:30:00,84.5999984741211,84.87999725341797,83.7699966430664,84.08999633789062,627179
2025-11-28 16:30:00,84.06999969482422,84.98999786376953,83.7699966430664,84.83999633789062,553954
2025-12-01 14:30:00,86.25,86.37999725341797,84.4800033569336,85.51499938964844,739682
2025-12-01 15:30:00,85.58000183105469,86.18000030517578,84.87010192871094,85.95999908447266,310731
2025-12-01 16:30:00,85.96499633789062,86.23999786376953,84.9218978881836,86.20999908447266,277230
2025-12-01 17:30:00,86.19999694824219,86.5199966430664,84.94999694824219,85.17500305175781,312315
2025-12-01 18:30:00,85.17500305175781,85.79000091552734,85.12000274658203,85.43000030517578,211416
2025-12-01 19:30:00,85.41999816894531,85.54000091552734,85.12000274658203,85.23999786376953,204845
2025-12-01 20:30:00,85.2249984741211,85.66000366210938,85.11000061035156,85.33999633789062,504555
2025-12-02 14:30:00,84.61000061035156,85.45999908447266,82.22000122070312,82.30000305175781,489548
2025-12-02 15:30:00,82.30000305175781,82.4800033569336,81.05000305175781,81.58999633789062,416236
2025-12-02 16:30:00,81.75,82.33000183105469,81.68000030517578,82.27149963378906,122513
2025-12-02 17:30:00,82.23999786376953,82.81999969482422,82.16000366210938,82.5,112237
2025-12-02 18:30:00,82.46499633789062,83.1500015258789,82.26000213623047,82.9000015258789,126398
2025-12-02 19:30:00,82.90019989013672,83.19999694824219,82.69000244140625,83.11000061035156,333559
2025-12-02 20:30:00,83.11499786376953,83.88999938964844,83.0199966430664,83.8499984741211,520924
2025-12-03 14:30:00,84.51000213623047,85.25,83.5999984741211,85.01499938964844,423456
2025-12-03 15:30:00,85.01000213623047,85.61000061035156,84.4000015258789,84.51000213623047,328969
2025-12-03 16:30:00,84.49250030517578,84.95999908447266,83.77999877929688,84.0999984741211,198302
2025-12-03 17:30:00,84.1500015258789,84.30000305175781,83.86000061035156,84.00499725341797,102578
2025-12-03 18:30:00,84.05000305175781,84.16000366210938,83.66000366210938,83.72699737548828,107420
2025-12-03 19:30:00,83.75,83.87000274658203,83.5999984741211,83.87000274658203,151932
2025-12-03 20:30:00,83.86000061035156,83.91000366210938,83.44000244140625,83.58000183105469,308647
2025-12-04 14:30:00,81.7699966430664,82.94000244140625,81.5,82.87999725341797,650382
2025-12-04 15:30:00,82.81999969482422,83.22000122070312,82.27999877929688,83.12999725341797,172768
2025-12-04 16:30:00,83.05999755859375,83.19999694824219,82.8550033569336,83.03340148925781,128450
2025-12-04 17:30:00,83.0792007446289,83.37999725341797,82.99099731445312,83.27999877929688,141676
2025-12-04 18:30:00,83.30000305175781,83.43000030517578,82.6500015258789,82.8499984741211,138600
2025-12-04 19:30:00,82.83999633789062,83.35990142822266,82.80999755859375,83.08999633789062,129090
2025-12-04 20:30:00,83.08999633789062,83.37999725341797,82.94000244140625,83.37999725341797,339005
2025-12-05 14:30:00,84.2300033569336,85.30999755859375,83.6500015258789,85.05999755859375,363891
2025-12-05 15:30:00,85.03500366210938,85.97000122070312,82.87000274658203,83.29000091552734,273989
2025-12-05 16:30:00,83.20999908447266,83.6500015258789,82.62999725341797,83.6500015258789,102493
2025-12-05 17:30:00,83.70999908447266,83.9000015258789,83.41999816894531,83.55999755859375,83285
2025-12-05 18:30:00,83.55999755859375,83.66000366210938,82.93000030517578,83.11000061035156,87872
2025-12-05 19:30:00,83.12999725341797,83.13500213623047,82.5199966430664,82.54000091552734,169672
2025-12-05 20:30:00,82.55000305175781,82.91999816894531,82.31999969482422,82.41999816894531,930306
2025-12-08 14:30:00,81.30999755859375,81.47000122070312,79.62000274658203,80.06999969482422,671669
2025-12-08 15:30:00,80.0999984741211,80.33000183105469,79.15399932861328,79.94999694824219,369286
2025-12-08 16:30:00,79.9800033569336,80.19999694824219,79.70999908447266,79.9800033569336,209074
2025-12-08 17:30:00,79.96499633789062,80.05000305175781,79.37010192871094,79.43000030517578,247961
2025-12-08 18:30:00,79.42500305175781,79.70999908447266,79.33999633789062,79.44999694824219,191628
2025-12-08 19:30:00,79.51000213623047,79.6500015258789,79.37000274658203,79.47000122070312,182183
2025-12-08 20:30:00,79.47000122070312,79.5,78.79000091552734,78.80000305175781,587104
2025-12-09 14:30:00,78.30999755859375,79.90149688720703,78.06999969482422,79.80999755859375,671260
2025-12-09 15:30:00,79.82499694824219,80.3499984741211,78.83999633789062,79.84500122070312,239713
2025-12-09 16:30:00,79.84500122070312,80.05999755859375,79.41500091552734,79.73500061035156,238005
2025-12-09 17:30:00,79.73750305175781,80.02999877929688,79.63999938964844,79.9000015258789,223373
2025-12-09 18:30:00,79.91000366210938,80.06500244140625,79.83999633789062,79.91000366210938,241704
2025-12-09 19:30:00,79.91000366210938,80.18669891357422,79.75,79.8949966430664,245976
2025-12-09 20:30:00,79.88999938964844,80.48989868164062,79.8499984741211,80.36000061035156,480127
2025-12-10 14:30:00,80.37999725341797,81.08999633789062,79.36000061035156,79.83999633789062,787668
2025-12-10 15:30:00,79.83000183105469,81.23999786376953,79.83000183105469,81.18499755859375,478385
2025-12-10 16:30:00,81.18499755859375,81.76000213623047,81.18000030517578,81.37000274658203,321516
2025-12-10 17:30:00,81.3499984741211,81.5999984741211,81.18000030517578,81.44999694824219,164800
2025-12-10 18:30:00,81.37999725341797,82.95999908447266,81.1500015258789,82.01000213623047,416607
2025-12-10 19:30:00,81.96499633789062,82.94999694824219,80.1500015258789,82.69999694824219,429210
2025-12-10 20:30:00,82.75,83.14900207519531,82.2750015258789,82.31999969482422,531195
2025-12-11 14:30:00,81.7699966430664,85.08999633789062,81.6500015258789,85.08999633789062,901609
2025-12-11 15:30:00,84.9729995727539,85.83999633789062,84.7699966430664,85.08999633789062,280057
2025-12-11 16:30:00,85.12999725341797,86.23999786376953,85.06999969482422,85.87000274658203,143457
2025-12-11 17:30:00,85.86781311035156,86.41999816894531,85.47000122070312,86.36499786376953,109292
2025-12-11 18:30:00,86.36499786376953,86.43000030517578,85.66300201416016,86.125,233572
2025-12-11 19:30:00,86.18000030517578,86.3499984741211,85.58000183105469,85.58000183105469,194044
2025-12-11 20:30:00,85.625,85.68000030517578,85.33999633789062,85.55000305175781,308103
2025-12-12 14:30:00,86.6500015258789,86.7750015258789,83.875,83.97000122070312,723807
2025-12-12 15:30:00,83.76000213623047,84.61000061035156,82.69000244140625,83.16000366210938,356049
2025-12-12 16:30:00,83.11000061035156,83.30000305175781,82.16000366210938,83.01000213623047,278756
2025-12-12 17:30:00,83.11000061035156,83.73999786376953,83.05000305175781,83.20079803466797,275337
2025-12-12 18:30:00,83.18000030517578,83.3499984741211,82.97000122070312,83.12000274658203,133070
2025-12-12 19:30:00,83.09500122070312,83.31400299072266,82.48999786376953,82.51000213623047,220504
2025-12-12 20:30:00,82.5,82.99500274658203,82.4000015258789,82.94999694824219,429670
2025-12-15 14:30:00,85.11000061035156,85.66999816894531,83.87000274658203,84.9000015258789,507478
2025-12-15 15:30:00,84.9000015258789,85.69999694824219,84.08000183105469,84.18000030517578,236894
2025-12-15 16:30:00,84.0999984741211,84.43000030517578,83.01000213623047,84.23999786376953,253151
2025-12-15 17:30:00,84.28500366210938,84.37000274658203,83.97000122070312,84.12999725341797,99867
2025-12-15 18:30:00,84.13999938964844,84.83000183105469,84.04000091552734,84.48999786376953,158727
2025-12-15 19:30:00,84.48999786376953,84.98999786376953,84.47000122070312,84.54000091552734,294358
2025-12-15 20:30:00,84.51000213623047,84.80999755859375,84.30000305175781,84.31999969482422,434006
2025-12-16 14:30:00,84.44999694824219,86.37999725341797,84.36000061035156,85.0,339496
2025-12-16 15:30:00,85.00250244140625,85.30000305175781,84.01000213623047,84.19999694824219,101665
2025-12-16 16:30:00,84.12000274658203,84.12000274658203,82.72000122070312,82.91000366210938,164796
2025-12-16 17:30:00,82.95999908447266,83.5,82.87999725341797,83.45999908447266,106900
2025-12-16 18:30:00,83.44999694824219,84.21499633789062,83.44999694824219,83.76499938964844,88540
2025-12-16 19:30:00,83.83000183105469,84.31500244140625,83.56999969482422,84.18000030517578,94653
2025-12-16 20:30:00,84.20999908447266,84.8290023803711,83.88999938964844,84.01000213623047,286412
2025-12-17 14:30:00,85.2300033569336,85.37000274658203,83.82009887695312,84.7074966430664,486315
2025-12-17 15:30:00,84.7699966430664,85.59989929199219,83.27300262451172,83.70999908447266,255254
2025-12-17 16:30:00,83.72000122070312,84.56999969482422,83.38999938964844,84.29000091552734,124083
2025-12-17 17:30:00,84.32649993896484,84.77989959716797,84.08499908447266,84.37999725341797,97109
2025-12-17 18:30:00,84.3499984741211,84.7300033569336,83.93000030517578,84.4800033569336,115100
2025-12-17 19:30:00,84.43499755859375,84.80000305175781,83.80500030517578,84.62999725341797,118770
2025-12-17 20:30:00,84.63999938964844,84.79000091552734,84.23999786376953,84.55999755859375,310697
2025-12-18 14:30:00,84.75,85.7300033569336,84.05999755859375,85.63999938964844,565963
2025-12-18 15:30:00,85.65499877929688,87.20999908447266,85.11000061035156,86.83000183105469,284708
2025-12-18 16:30:00,86.76000213623047,86.97000122070312,84.61499786376953,85.08999633789062,220075
2025-12-18 17:30:00,85.1095962524414,85.94989776611328,85.0602035522461,85.7249984741211,109037
2025-12-18 18:30:00,85.7300033569336,86.02999877929688,85.47000122070312,85.88999938964844,124295
2025-12-18 19:30:00,85.91000366210938,85.91130065917969,85.23999786376953,85.37999725341797,117808
2025-12-18 20:30:00,85.3759994506836,85.75,85.2750015258789,85.68499755859375,402405
2025-12-19 14:30:00,84.95999908447266,86.80000305175781,84.86000061035156,86.44999694824219,788738
2025-12-19 15:30:00,86.44999694824219,87.12000274658203,86.18000030517578,86.70999908447266,192445
2025-12-19 16:30:00,86.67500305175781,87.69999694824219,86.5999984741211,87.69999694824219,170127
2025-12-19 17:30:00,87.7300033569336,87.9800033569336,87.31900024414062,87.3550033569336,147542
2025-12-19 18:30:00,87.30999755859375,87.37999725341797,86.95999908447266,87.04000091552734,106120
2025-12-19 19:30:00,87.04000091552734,87.3499984741211,86.58000183105469,86.84500122070312,169672
2025-12-19 20:30:00,86.81999969482422,86.81999969482422,86.06999969482422,86.19000244140625,378358
2025-12-22 14:30:00,89.61000061035156,91.0,88.20999908447266,88.3499984741211,837031
2025-12-22 15:30:00,88.2699966430664,90.13999938964844,88.2300033569336,89.95500183105469,269739
2025-12-22 16:30:00,89.9000015258789,90.7499008178711,89.81500244140625,90.20999908447266,160236
2025-12-22 17:30:00,90.20110321044922,90.2759017944336,89.9800033569336,90.05999755859375,92002
2025-12-22 18:30:00,90.08999633789062,90.16000366210938,89.36000061035156,89.43000030517578,126489
2025-12-22 19:30:00,89.43000030517578,89.91500091552734,89.2699966430664,89.47000122070312,117400
2025-12-22 20:30:00,89.51000213623047,90.0,89.42009735107422,89.95999908447266,265620
2025-12-23 14:30:00,89.83000183105469,90.12999725341797,88.0999984741211,88.0999984741211,606793
2025-12-23 15:30:00,88.21499633789062,88.84639739990234,88.19000244140625,88.56999969482422,143823
2025-12-23 16:30:00,88.55000305175781,89.61000061035156,88.47000122070312,89.61000061035156,178249
2025-12-23 17:30:00,89.5999984741211,89.66000366210938,89.23999786376953,89.5199966430664,114365
2025-12-23 18:30:00,89.4800033569336,89.87000274658203,89.33000183105469,89.54730224609375,112501
2025-12-23 19:30:00,89.58000183105469,89.93000030517578,89.41999816894531,89.7300033569336,118169
2025-12-23 20:30:00,89.76000213623047,89.87000274658203,89.43000030517578,89.6050033569336,261049
2025-12-24 14:30:00,90.02999877929688,90.30500030517578,88.20999908447266,89.0,402602
2025-12-24 15:30:00,89.0999984741211,89.5,88.5,89.31999969482422,112865
2025-12-24 16:30:00,89.33999633789062,89.66000366210938,89.13009643554688,89.38999938964844,115680
2025-12-26 14:30:00,91.02999877929688,91.20999908447266,89.73999786376953,90.98999786376953,191536
2025-12-26 15:30:00,90.98999786376953,91.6500015258789,90.78690338134766,91.22000122070312,114498
2025-12-26 16:30:00,91.26750183105469,91.4000015258789,90.94000244140625,90.9749984741211,73461
2025-12-26 17:30:00,90.95999908447266,91.41999816894531,90.69999694824219,91.27999877929688,83350
2025-12-26 18:30:00,91.28500366210938,91.43000030517578,91.08999633789062,91.08999633789062,59612
2025-12-26 19:30:00,91.13510131835938,91.32319641113281,91.0,91.06999969482422,93472
2025-12-26 20:30:00,91.11000061035156,91.33999633789062,90.95999908447266,91.2699966430664,205999
2025-12-29 14:30:00,86.25,87.17990112304688,83.79000091552734,84.0199966430664,1022213
2025-12-29 15:30:00,84.0,86.14990234375,83.79000091552734,85.33999633789062,283875
2025-12-29 16:30:00,85.3949966430664,85.69999694824219,84.87999725341797,85.01000213623047,168099
2025-12-29 17:30:00,84.94999694824219,84.9800033569336,84.12000274658203,84.23999786376953,141612
2025-12-29 18:30:00,84.19000244140625,84.62120056152344,84.0999984741211,84.4000015258789,225488
2025-12-29 19:30:00,84.45999908447266,85.13999938964844,84.45999908447266,84.93000030517578,137633
2025-12-29 20:30:00,84.97000122070312,84.97000122070312,84.30000305175781,84.91999816894531,447784
2025-12-30 14:30:00,87.8499984741211,87.8499984741211,86.2300033569336,86.72000122070312,512259
2025-12-30 15:30:00,86.66000366210938,87.12999725341797,86.44999694824219,86.93000030517578,148039
2025-12-30 16:30:00,86.91999816894531,87.1500015258789,86.66799926757812,87.08499908447266,90776
2025-12-30 17:30:00,87.06999969482422,87.19000244140625,86.73999786376953,87.13999938964844,85980
2025-12-30 18:30:00,87.08999633789062,87.08999633789062,86.69999694824219,86.91999816894531,82207
2025-12-30 19:30:00,86.93000030517578,86.94999694824219,86.27999877929688,86.78500366210938,152994
2025-12-30 20:30:00,86.79000091552734,86.91999816894531,86.2699966430664,86.38999938964844,225960
2025-12-31 14:30:00,86.23999786376953,87.16999816894531,85.80000305175781,86.26000213623047,163632
2025-12-31 15:30:00,86.25,86.36000061035156,85.76000213623047,85.91999816894531,74451
2025-12-31 16:30:00,85.87000274658203,85.95999908447266,85.6500015258789,85.95989990234375,52980
2025-12-31 17:30:00,85.88999938964844,86.19860076904297,85.62999725341797,85.69000244140625,125193
2025-12-31 18:30:00,85.69000244140625,85.91999816894531,85.44170379638672,85.44999694824219,99571
2025-12-31 19:30:00,85.38999938964844,85.55999755859375,85.12999725341797,85.31999969482422,98950
2025-12-31 20:30:00,85.32749938964844,85.625,85.04000091552734,85.25,206493
2026-01-02 14:30:00,87.00499725341797,87.11499786376953,84.6500015258789,85.12000274658203,352667
2026-01-02 15:30:00,85.05999755859375,85.51499938964844,83.22000122070312,83.4000015258789,273643
2026-01-02 16:30:00,83.41500091552734,84.56999969482422,82.94000244140625,84.30999755859375,138529
2026-01-02 17:30:00,84.47000122070312,84.6500015258789,83.81999969482422,83.98999786376953,115739
2026-01-02 18:30:00,84.06909942626953,84.66999816894531,83.7699966430664,84.45500183105469,119368
2026-01-02 19:30:00,84.51000213623047,85.22000122070312,84.44000244140625,85.09500122070312,148376
2026-01-02 20:30:00,85.10800170898438,85.62999725341797,84.93000030517578,85.61000061035156,220999
2026-01-05 14:30:00,88.44000244140625,90.26000213623047,88.12999725341797,89.36000061035156,560915
2026-01-05 15:30:00,89.33000183105469,89.69999694824219,89.0,89.05000305175781,225193
2026-01-05 16:30:00,89.03500366210938,89.86000061035156,89.0,89.62999725341797,208630
2026-01-05 17:30:00,89.625,89.75,89.05000305175781,89.62999725341797,116814
2026-01-05 18:30:00,89.69000244140625,89.97000122070312,89.08000183105469,89.2699966430664,183796
2026-01-05 19:30:00,89.2699966430664,89.51000213623047,88.63999938964844,88.69000244140625,211854
2026-01-05 20:30:00,88.69499969482422,88.80999755859375,88.33999633789062,88.47000122070312,671431
2026-01-06 14:30:00,90.16999816894531,92.0,90.12999725341797,91.43499755859375,648683
2026-01-06 15:30:00,91.58999633789062,93.01499938964844,91.30000305175781,93.01499938964844,754167
2026-01-06 16:30:00,93.04000091552734,93.47000122070312,93.01000213623047,93.05999755859375,297681
2026-01-06 17:30:00,93.0199966430664,93.58000183105469,92.80999755859375,93.23999786376953,234415
2026-01-06 18:30:00,93.19000244140625,93.42500305175781,92.56999969482422,92.56999969482422,274529
2026-01-06 19:30:00,92.55000305175781,93.58000183105469,92.55000305175781,93.51249694824219,263165
2026-01-06 20:30:00,93.52999877929688,93.8499984741211,93.44000244140625,93.69000244140625,557555
2026-01-07 14:30:00,90.62000274658203,91.0,89.54000091552734,91.0,764804
2026-01-07 15:30:00,91.02999877929688,91.77989959716797,91.0199966430664,91.58000183105469,239190
2026-01-07 16:30:00,91.56999969482422,92.44999694824219,91.56999969482422,91.72000122070312,221437
2026-01-07 17:30:00,91.73999786376953,92.13999938964844,91.69000244140625,91.91999816894531,102161
2026-01-07 18:30:00,92.0199966430664,92.52989959716797,91.94000244140625,92.2249984741211,97803
2026-01-07 19:30:00,92.2699966430664,92.81999969482422,92.22200012207031,92.58999633789062,147054
2026-01-07 20:30:00,92.58499908447266,92.80000305175781,92.30000305175781,92.72000122070312,306135
2026-01-08 14:30:00,90.3499984741211,91.62999725341797,89.2699966430664,91.4749984741211,512134
2026-01-08 15:30:00,91.54000091552734,91.91999816894531,90.7300033569336,91.08000183105469,155888
2026-01-08 16:30:00,91.06999969482422,91.36000061035156,90.73999786376953,90.8499984741211,90063
2026-01-08 17:30:00,90.8499984741211,91.05590057373047,90.6104965209961,90.7300033569336,81483
2026-01-08 18:30:00,90.7300033569336,90.73999786376953,89.54000091552734,89.69000244140625,180193
2026-01-08 19:30:00,89.66999816894531,90.62999725341797,89.5199966430664,90.58000183105469,121214
2026-01-08 20:30:00,90.61000061035156,91.25,90.58999633789062,91.0999984741211,245159
2026-01-09 14:30:00,91.5999984741211,92.27999877929688,90.81990051269531,91.98999786376953,361110
2026-01-09 15:30:00,91.98999786376953,92.30010223388672,91.55999755859375,91.84809875488281,136726
2026-01-09 16:30:00,91.79000091552734,92.22000122070312,91.68000030517578,92.16500091552734,135023
2026-01-09 17:30:00,92.20999908447266,92.54000091552734,91.2300033569336,92.33999633789062,168323
2026-01-09 18:30:00,92.38500213623047,92.81999969482422,92.23999786376953,92.58999633789062,108387
2026-01-09 19:30:00,92.56999969482422,92.57499694824219,92.19499969482422,92.2300033569336,115255
2026-01-09 20:30:00,92.23999786376953,92.58000183105469,92.08999633789062,92.25,284428
2026-01-12 14:30:00,96.0999984741211,98.54000091552734,95.76000213623047,98.2699966430664,489496
2026-01-12 15:30:00,98.26000213623047,98.43000030517578,97.66999816894531,98.05999755859375,180540
2026-01-12 16:30:00,98.06500244140625,98.37000274658203,97.55000305175781,97.7699966430664,165983
2026-01-12 17:30:00,97.5999984741211,98.18000030517578,97.33619689941406,97.48999786376953,107095
2026-01-12 18:30:00,97.48999786376953,97.61000061035156,97.19999694824219,97.56500244140625,71274
2026-01-12 19:30:00,97.66999816894531,97.81999969482422,96.87999725341797,96.9000015258789,90435
2026-01-12 20:30:00,96.87999725341797,96.96990203857422,96.41999816894531,96.55999755859375,291536
2026-01-13 14:30:00,98.1500015258789,99.66999816894531,97.62000274658203,98.19999694824219,507581
2026-01-13 15:30:00,98.08999633789062,98.81999969482422,97.75,98.05000305175781,121848
2026-01-13 16:30:00,98.12200164794922,98.88999938964844,98.03959655761719,98.55000305175781,73134
2026-01-13 17:30:00,98.54000091552734,98.5999984741211,97.40010070800781,97.69969940185547,99113
2026-01-13 18:30:00,97.80000305175781,98.05000305175781,97.13999938964844,97.87999725341797,127754
2026-01-13 19:30:00,97.88999938964844,97.95999908447266,97.47000122070312,97.55000305175781,96961
2026-01-13 20:30:00,97.54199981689453,97.79000091552734,96.91999816894531,97.63500213623047,336418
2026-01-14 14:30:00,99.91000366210938,100.30999755859375,98.8499984741211,99.11000061035156,540183
2026-01-14 15:30:00,99.0,99.30000305175781,98.30000305175781,98.94000244140625,223343
2026-01-14 16:30:00,98.94000244140625,99.1500015258789,97.61000061035156,97.9000015258789,137179
2026-01-14 17:30:00,97.8949966430664,98.63999938964844,97.1500015258789,98.5,168664
2026-01-14 18:30:00,98.5,99.83000183105469,98.22000122070312,99.0,176371
2026-01-14 19:30:00,99.05500030517578,99.66999816894531,98.97000122070312,99.55500030517578,161358
2026-01-14 20:30:00,99.55500030517578,99.83999633789062,99.05999755859375,99.48999786376953,407924
2026-01-15 14:30:00,98.25,99.48999786376953,98.13999938964844,99.0199966430664,491652
2026-01-15 15:30:00,98.83999633789062,99.5250015258789,98.4000015258789,98.80999755859375,231426
2026-01-15 16:30:00,98.84500122070312,99.01000213623047,98.16000366210938,98.49500274658203,179572
2026-01-15 17:30:00,98.5,99.2699966430664,98.49500274658203,99.2699966430664,83882
2026-01-15 18:30:00,99.26000213623047,99.98999786376953,99.16999816894531,99.80000305175781,136530
2026-01-15 19:30:00,99.76000213623047,99.81999969482422,98.79499816894531,98.84500122070312,212836
2026-01-15 20:30:00,98.8499984741211,99.11000061035156,98.5199966430664,98.54000091552734,386433
2026-01-16 14:30:00,97.02999877929688,98.9800033569336,96.08000183105469,96.33999633789062,932810
2026-01-16 15:30:00,96.31999969482422,98.9000015258789,95.63999938964844,98.61499786376953,345537
2026-01-16 16:30:00,98.625,99.29499816894531,98.20999908447266,98.69000244140625,259686
2026-01-16 17:30:00,98.7300033569336,99.12000274658203,98.55000305175781,99.12000274658203,125518
2026-01-16 18:30:00,99.06999969482422,99.25,98.66999816894531,98.8584976196289,152723
2026-01-16 19:30:00,98.86000061035156,99.19999694824219,98.83999633789062,98.94000244140625,176045
2026-01-16 20:30:00,98.91999816894531,99.1500015258789,98.47000122070312,99.0250015258789,327513
2026-01-20 14:30:00,104.56500244140625,106.12999725341797,103.62000274658203,104.73999786376953,1285747
2026-01-20 15:30:00,104.68000030517578,106.29959869384766,104.52999877929688,106.01490020751953,439244
2026-01-20 16:30:00,105.98999786376953,106.44000244140625,105.47000122070312,105.82640075683594,177562
2026-01-20 17:30:00,105.7699966430664,106.08999633789062,105.25,105.83999633789062,143288
2026-01-20 18:30:00,105.81999969482422,106.44000244140625,105.46499633789062,106.05999755859375,181962
2026-01-20 19:30:00,106.03250122070312,106.35859680175781,105.20999908447266,106.27999877929688,254651
2026-01-20 20:30:00,106.23999786376953,106.87000274658203,106.20999908447266,106.83999633789062,519307
2026-01-21 14:30:00,107.47000122070312,107.5999984741211,102.40010070800781,103.11499786376953,1298096
2026-01-21 15:30:00,103.23999786376953,104.63990020751953,102.81999969482422,104.05000305175781,468591
2026-01-21 16:30:00,104.125,104.16000366210938,103.0,103.05999755859375,177802
2026-01-21 17:30:00,103.01000213623047,103.47000122070312,101.87000274658203,102.77999877929688,311644
2026-01-21 18:30:00,103.2249984741211,103.93000030517578,101.76000213623047,102.0250015258789,339211
2026-01-21 19:30:00,102.16999816894531,102.68000030517578,100.56999969482422,100.63999938964844,607473
2026-01-21 20:30:00,100.5199966430664,101.87000274658203,100.4800033569336,101.33000183105469,500306
2026-01-22 14:30:00,98.69000244140625,101.77989959716797,98.62999725341797,101.72000122070312,975841
2026-01-22 15:30:00,101.69499969482422,103.3499984741211,101.45999908447266,102.9800033569336,390183
2026-01-22 16:30:00,102.91000366210938,103.97000122070312,102.58999633789062,103.82499694824219,330068
2026-01-22 17:30:00,103.82499694824219,104.2300033569336,103.67009735107422,103.9000015258789,233913
2026-01-22 18:30:00,103.9000015258789,104.12000274658203,103.29000091552734,103.41999816894531,200883
2026-01-22 19:30:00,103.48999786376953,103.51000213623047,102.69000244140625,103.15899658203125,272566
2026-01-22 20:30:00,103.12999725341797,103.23999786376953,102.65499877929688,102.95999908447266,378148
2026-01-23 14:30:00,103.16999816894531,104.44999694824219,102.19999694824219,104.19499969482422,665698
2026-01-23 15:30:00,104.19499969482422,104.61000061035156,103.52999877929688,104.45999908447266,368250
2026-01-23 16:30:00,104.4800033569336,104.79000091552734,104.2699966430664,104.57499694824219,335353
2026-01-23 17:30:00,104.58000183105469,104.78500366210938,103.91000366210938,104.51000213623047,242008
2026-01-23 18:30:00,104.50499725341797,105.45999908447266,104.12999725341797,105.3499984741211,330537
2026-01-23 19:30:00,105.33999633789062,106.45999908447266,105.05999755859375,106.25,378073
2026-01-23 20:30:00,106.2300033569336,106.94000244140625,105.7699966430664,106.23999786376953,912955
2026-01-26 14:30:00,109.55999755859375,113.35710144042969,109.27999877929688,112.13999938964844,1432647
2026-01-26 15:30:00,112.1500015258789,113.19000244140625,110.83000183105469,112.2300033569336,624532
2026-01-26 16:30:00,112.20999908447266,113.47000122070312,111.30999755859375,112.83999633789062,620642
2026-01-26 17:30:00,112.83999633789062,113.19499969482422,110.77999877929688,110.91999816894531,388233
2026-01-26 18:30:00,110.83999633789062,111.02999877929688,109.43000030517578,109.9800033569336,736260
2026-01-26 19:30:00,109.81999969482422,110.18000030517578,108.33999633789062,108.63999938964844,448906
2026-01-26 20:30:00,108.69999694824219,109.06500244140625,108.05999755859375,108.12000274658203,573911
2026-01-27 14:30:00,107.11000061035156,108.06999969482422,103.8499984741211,104.37999725341797,1128123
2026-01-27 15:30:00,104.33000183105469,106.87999725341797,104.30010223388672,106.625,576828
2026-01-27 16:30:00,106.70999908447266,107.05000305175781,106.125,106.9749984741211,159519
2026-01-27 17:30:00,106.96499633789062,107.53990173339844,106.79499816894531,107.53990173339844,103069
2026-01-27 18:30:00,107.51000213623047,107.80000305175781,107.2699966430664,107.56999969482422,117160
2026-01-27 19:30:00,107.52999877929688,108.97000122070312,107.44000244140625,108.4800033569336,327574
2026-01-27 20:30:00,108.43000030517578,109.5999984741211,108.36000061035156,109.4800033569336,538316
2026-01-28 14:30:00,111.81999969482422,113.38999938964844,109.76000213623047,111.26000213623047,925638
2026-01-28 15:30:00,110.94999694824219,113.3458023071289,110.94999694824219,113.20999908447266,214559
2026-01-28 16:30:00,113.33999633789062,113.95999908447266,112.58000183105469,113.54499816894531,177383
2026-01-28 17:30:00,113.48999786376953,113.86000061035156,112.9000015258789,113.34989929199219,177244
2026-01-28 18:30:00,113.3499984741211,113.47570037841797,112.19499969482422,112.44000244140625,392499
2026-01-28 19:30:00,112.5199966430664,114.88999938964844,111.61000061035156,114.63500213623047,439072
2026-01-28 20:30:00,114.58000183105469,115.80999755859375,114.53500366210938,115.72000122070312,446458
2026-01-29 14:30:00,113.48999786376953,114.94999694824219,106.76000213623047,106.97000122070312,1587351
2026-01-29 15:30:00,106.80000305175781,107.4000015258789,104.5801010131836,105.59500122070312,1250812
2026-01-29 16:30:00,105.59500122070312,106.38999938964844,103.05419921875,105.2249984741211,1377629
2026-01-29 17:30:00,105.18000030517578,106.13390350341797,104.0,104.78250122070312,715116
2026-01-29 18:30:00,104.66999816894531,106.0999984741211,104.16000366210938,106.01000213623047,272933
2026-01-29 19:30:00,106.01000213623047,106.043701171875,104.36000061035156,104.98999786376953,399757
2026-01-29 20:30:00,104.96499633789062,107.37000274658203,104.62000274658203,107.05000305175781,641933
2026-01-30 14:30:00,95.93000030517578,98.8499984741211,95.80999755859375,97.61250305175781,1852556
2026-02-02 18:30:00,93.79000091552734,94.02999877929688,93.41999816894531,94.01000213623047,637814
2026-02-02 19:30:00,94.03500366210938,95.1500015258789,93.7300033569336,94.23500061035156,333106
2026-02-02 20:30:00,94.16999816894531,94.88999938964844,93.83999633789062,94.81999969482422,591375
2026-02-03 14:30:00,100.13999938964844,101.55000305175781,98.4800033569336,99.94000244140625,1185611
2026-02-03 15:30:00,100.12000274658203,102.0,99.69999694824219,101.2300033569336,346689
2026-02-03 16:30:00,101.28500366210938,101.80000305175781,99.08999633789062,99.34500122070312,292946
2026-02-03 17:30:00,99.34500122070312,99.99559783935547,97.58000183105469,97.6500015258789,287307
2026-02-03 18:30:00,97.79000091552734,99.76000213623047,97.70999908447266,98.69509887695312,284484
2026-02-03 19:30:00,98.88999938964844,100.30000305175781,97.93000030517578,99.83000183105469,304564
2026-02-03 20:30:00,99.94000244140625,100.98999786376953,99.86009979248047,100.70999908447266,488172
2026-02-04 14:30:00,105.26000213623047,105.30000305175781,100.58999633789062,100.69999694824219,1408047
2026-02-04 15:30:00,100.88999938964844,100.97000122070312,97.79000091552734,98.56999969482422,552957
2026-02-04 16:30:00,98.66999816894531,98.66999816894531,96.11000061035156,96.72010040283203,333188
2026-02-04 17:30:00,96.7750015258789,97.37000274658203,96.01170349121094,96.94000244140625,240077
2026-02-04 18:30:00,96.93000030517578,98.5,96.30999755859375,98.05999755859375,254885
2026-02-04 19:30:00,98.05000305175781,99.98999786376953,98.04499816894531,99.47000122070312,267633
2026-02-04 20:30:00,99.30999755859375,101.05999755859375,99.26000213623047,100.91999816894531,574802
2026-02-05 14:30:00,97.09500122070312,100.69000244140625,96.88999938964844,98.33999633789062,936835
2026-02-05 15:30:00,98.38500213623047,99.0,97.75,98.18000030517578,416265
2026-02-05 16:30:00,98.4000015258789,99.29000091552734,98.21499633789062,98.7300033569336,267970
2026-02-05 17:30:00,98.84839630126953,98.95999908447266,98.23999786376953,98.62000274658203,136267
2026-02-05 18:30:00,98.61499786376953,99.72000122070312,98.43499755859375,99.08000183105469,201505
2026-02-05 19:30:00,99.05000305175781,99.06500244140625,98.41000366210938,98.76499938964844,284857
2026-02-05 20:30:00,98.73999786376953,98.80000305175781,98.17500305175781,98.58999633789062,561400
2026-02-06 14:30:00,102.36000061035156,105.71990203857422,102.12999725341797,105.45999908447266,742086
2026-02-06 15:30:00,104.79010009765625,105.53880310058594,104.23999786376953,104.55789947509766,361348
2026-02-06 16:30:00,104.58999633789062,105.46499633789062,104.53800201416016,104.74500274658203,193861
2026-02-06 17:30:00,104.8499984741211,105.08000183105469,103.6500015258789,104.0999984741211,250243
2026-02-06 18:30:00,103.9749984741211,104.41999816894531,103.7699966430664,103.99099731445312,174442
2026-02-06 19:30:00,103.92500305175781,103.93990325927734,103.16999816894531,103.74500274658203,213057
2026-02-06 20:30:00,103.70999908447266,104.26000213623047,103.30500030517578,103.94999694824219,459446
2026-02-09 14:30:00,103.6500015258789,106.29000091552734,103.62000274658203,106.0,560379
2026-02-09 15:30:00,106.05000305175781,107.3499984741211,105.99250030517578,107.16500091552734,238107
2026-02-09 16:30:00,107.16000366210938,107.26000213623047,106.55999755859375,106.58000183105469,230100
2026-02-09 17:30:00,106.5,106.66999816894531,105.27999877929688,106.36489868164062,181460
2026-02-09 18:30:00,106.37999725341797,106.8949966430664,106.17500305175781,106.86000061035156,163213
2026-02-09 19:30:00,106.86000061035156,107.62999725341797,106.68000030517578,107.62999725341797,195569
2026-02-09 20:30:00,107.58000183105469,107.95999908447266,107.12999725341797,107.18000030517578,356384
2026-02-10 14:30:00,107.41999816894531,108.3499984741211,106.37000274658203,106.5199966430664,413059
2026-02-10 15:30:00,106.45999908447266,107.04000091552734,106.05000305175781,106.8499984741211,142076
2026-02-10 16:30:00,106.75,107.37999725341797,106.72000122070312,107.2699966430664,153090
2026-02-10 17:30:00,107.37000274658203,107.63849639892578,106.5999984741211,106.5999984741211,143319
2026-02-10 18:30:00,106.59500122070312,107.18000030517578,106.52999877929688,107.1500015258789,92117
2026-02-10 19:30:00,107.18000030517578,108.37000274658203,107.15499877929688,108.27999877929688,269599
2026-02-10 20:30:00,108.25,108.69000244140625,108.0,108.52999877929688,324592
