Date,Open,High,Low,Close,Volume
2021-05-03 04:00:00,18.51742957870999,19.22862483527049,18.43840769746003,19.132043838500977,3465400.0
2021-05-04 04:00:00,19.009124084791058,19.29009009001918,18.49987278164271,18.7369384765625,2890600.0
2021-05-05 04:00:00,18.894976700926744,18.991557690060628,18.675471864739457,18.903757095336914,1518500.0
2021-05-06 04:00:00,19.14082668177654,19.843243369219678,19.070585180501176,19.667638778686523,4043000.0
2021-05-07 04:00:00,20.176886380751544,20.4578523343181,19.922261613340297,20.282249450683594,3553100.0
2021-05-10 04:00:00,20.308589037944024,20.449073689940793,19.825679012785375,19.869579315185547,4127000.0
2021-05-11 04:00:00,19.421791625722946,20.010064744045778,19.290087364030814,19.974943161010742,3632200.0
2021-05-12 04:00:00,20.132984161376953,20.396389299090878,20.01006198706899,20.132984161376953,3005400.0
2021-05-13 04:00:00,19.992503250179585,20.273469205832356,19.764217992539407,20.001283645629883,2283700.0
2021-05-14 04:00:00,20.501756588000813,20.905644772432957,20.484195795280453,20.817842483520508,2768200.0
2021-05-17 04:00:00,21.291972783062988,22.196333467046177,21.230511686278657,22.0031681060791,3809900.0
2021-05-18 04:00:00,22.37193419014837,22.60021943796896,22.082187851508603,22.39827537536621,3506200.0
2021-05-19 04:00:00,22.828507783213105,23.504583223333707,22.363156829359443,22.591442108154297,6349800.0
2021-05-20 04:00:00,22.433398329930316,22.793386203388454,22.371937230757855,22.44217872619629,2461900.0
2021-05-21 04:00:00,22.547537696862243,22.608998784831925,22.07340643305774,22.389493942260742,6041900.0
2021-05-24 04:00:00,22.020726288465287,22.22267034673744,21.95926519896412,22.02950668334961,2780300.0
2021-05-25 04:00:00,22.011949969891905,22.26657644462332,21.757325169849885,22.082191467285156,6010700.0
2021-05-26 04:00:00,21.704639285824396,21.862683048109943,21.011004820413437,21.221729278564453,6764400.0
2021-05-27 04:00:00,21.125146577422008,21.318311919804664,20.914422119568396,20.923202514648438,3162600.0
2021-05-28 04:00:00,20.615898883649322,21.03734787086679,20.571998575489364,20.870525360107422,2655600.0
2021-06-01 04:00:00,21.344653038427438,21.476355625172065,20.844182203984296,21.03734588623047,3767500.0
2021-06-02 04:00:00,20.94076330480852,21.002224395679683,20.791499937826067,20.923202514648438,4428300.0
2021-06-03 04:00:00,20.212008047047455,20.38761093141832,19.816898626506923,20.018842697143555,5024700.0
2021-06-04 04:00:00,20.25590678324652,20.35248945073053,20.089082632507512,20.20322608947754,2858900.0
2021-06-07 04:00:00,19.825677426637654,19.91347969910259,19.667633671138578,19.755435943603516,2056100.0
2021-06-08 04:00:00,19.57105348016881,19.614953780854666,19.123263379478786,19.14960289001465,2843400.0
2021-06-09 04:00:00,19.114483033628822,19.3076467017088,18.98278045654297,18.98278045654297,1694600.0
2021-06-10 04:00:00,19.009118851139082,19.60617228521091,18.9564381583354,19.553491592407227,2708200.0
2021-06-11 04:00:00,19.272529548837056,19.41301254108668,18.81595898668109,18.991561889648438,3089700.0
2021-06-14 04:00:00,18.438402982110567,18.780829930163666,18.324261224322438,18.543766021728516,3756000.0
2021-06-15 04:00:00,18.59645287061454,18.61401366215532,17.841355581253577,18.166223526000977,3023600.0
2021-06-16 04:00:00,18.166226176969317,18.315489577469204,17.665755267848972,17.841358184814453,3161100.0
2021-06-17 04:00:00,17.40234271313456,17.551606065025467,16.936993543766217,17.077476501464844,5435100.0
2021-06-18 04:00:00,17.03357497958794,17.121377249136696,16.577004517685598,16.585784912109375,4134300.0
2021-06-21 04:00:00,16.796510422376702,16.84919279226966,16.55944645661482,16.74382972717285,3711300.0
2021-06-22 04:00:00,16.252139130979813,16.506763883572333,16.102875767498304,16.42774200439453,4936900.0
2021-06-23 04:00:00,16.63846785289345,16.857972696996587,16.34872152566487,16.37506103515625,3009700.0
2021-06-24 04:00:00,16.603348547142875,17.086258600409145,16.515546262542838,16.5594482421875,3415100.0
2021-06-25 04:00:00,16.84041281499896,16.88431311630956,16.401403103136374,16.515544891357422,3016700.0
2021-06-28 04:00:00,16.568228806984585,16.735051307266744,16.067756282070206,16.27848243713379,2535600.0
2021-06-29 04:00:00,15.997512562031828,16.3838415596256,15.962392657535524,16.09409523010254,5318500.0
2021-06-30 04:00:00,16.181901747746952,16.43652656487048,16.164340953548223,16.3136043548584,2722100.0
2021-07-01 04:00:00,16.66480841857061,16.81407178900835,16.313600980684498,16.38384246826172,3617800.0
2021-07-02 04:00:00,16.778952346857107,16.85797423190425,16.462864806668524,16.75261116027832,3366200.0
2021-07-06 04:00:00,17.340886048993102,17.481369042503463,16.805293589553976,17.033578872680664,5162300.0
2021-07-07 04:00:00,17.200403655586296,17.296986345002853,16.928218055499876,17.121381759643555,3557400.0
2021-07-08 04:00:00,17.2179643066393,17.279425408599835,16.656030642951315,16.805294036865234,3022700.0
2021-07-09 04:00:00,16.85796989844057,17.21795764903378,16.84918950517137,17.112594604492188,2306100.0
2021-07-12 04:00:00,17.086259040931708,17.270644010814575,16.761392756631857,16.9282169342041,2342600.0
2021-07-13 04:00:00,17.059919619894153,17.648192767983236,17.059919619894153,17.261863708496094,2510200.0
2021-07-14 04:00:00,17.735992950363975,17.76233246115771,17.367224727049425,17.542827606201172,2555700.0
2021-07-15 04:00:00,17.788674270591006,17.832574573246493,17.498927918872884,17.77989387512207,2755700.0
2021-07-16 04:00:00,17.850133348006676,17.850133348006676,17.121377353290093,17.182838439941406,3045900.0
2021-07-19 04:00:00,16.945778317223592,17.226746007686746,16.805295309336792,17.016019821166992,2645000.0
2021-07-20 04:00:00,17.27942214843431,17.613068785279637,17.06869769231793,17.191619873046875,2293900.0
2021-07-21 04:00:00,16.840412280619496,17.244300398866116,16.831631885698165,17.17405891418457,2444000.0
2021-07-22 04:00:00,17.156499503784946,17.182839013406564,16.831631596042758,16.97211456298828,2231000.0
2021-07-23 04:00:00,17.00723919874395,17.068700298492754,16.708712421658866,16.86675453186035,2417400.0
2021-07-26 04:00:00,16.95455871455271,17.20040481569939,16.88431721060931,17.016019821166992,2390400.0
2021-07-27 04:00:00,17.200401746223086,17.437467407735387,17.024797180357105,17.419906616210938,2167600.0
2021-07-28 04:00:00,17.17406013366754,17.516488861157963,17.051137945418738,17.49892807006836,2439000.0
2021-07-29 04:00:00,17.92037520895556,18.052077779526794,17.8062334277109,17.83257293701172,2334700.0
2021-07-30 04:00:00,17.46380702488678,17.753553388017853,17.46380702488678,17.604290008544922,1898000.0
2021-08-02 04:00:00,17.63063048465675,17.63063048465675,17.376005715058035,17.481367111206055,1237000.0
2021-08-03 04:00:00,17.490149236173643,17.832576319549283,17.419907740232762,17.7623348236084,1513900.0
2021-08-04 04:00:00,18.148663620225488,18.28036621383071,17.516490166106813,17.56039047241211,2095800.0
2021-08-05 04:00:00,17.525270160973097,17.551611351483782,16.822855160916053,16.840415954589844,3145700.0
2021-08-06 04:00:00,15.093153957066678,15.172175837053082,14.083431981860416,14.232693672180176,16875000.0
2021-08-09 04:00:00,14.180013816396922,14.680484636140818,14.039530838036853,14.048311233520508,5964100.0
2021-08-10 04:00:00,13.609302520751953,13.758565905709064,13.38101724524759,13.609302520751953,10767300.0
2021-08-11 04:00:00,14.065872545081124,14.645365270936367,14.021971403382622,14.127333641052246,10234200.0
2021-08-12 04:00:00,13.960507828862065,13.978068618414861,13.54783932250573,13.723443031311035,5246300.0
2021-08-13 04:00:00,13.820026318381466,14.109772677784212,13.688323732232806,13.960509300231934,2853000.0
2021-08-16 04:00:00,14.1273325187378,14.19757400493737,13.942948408127787,14.109771728515625,2868700.0
2021-08-17 04:00:00,14.14489307191893,14.50488089199517,14.048310402004635,14.232693672180176,4027900.0
2021-08-18 04:00:00,14.083431475299172,14.153672957795143,13.697102484226805,13.83758544921875,4484800.0
2021-08-19 04:00:00,14.065871964015546,14.083432754907356,13.767345217611531,13.881487846374512,3469200.0
2021-08-20 04:00:00,13.749784859584707,14.06587240683147,13.732224905484678,13.951729774475098,4009500.0
2021-08-23 04:00:00,14.136112006540023,14.522440993186176,13.837585290680133,14.408297538757324,3550100.0
2021-08-24 04:00:00,14.548782161882505,14.583903744079333,14.338057692769178,14.504881858825684,2667500.0
2021-08-25 04:00:00,14.355620594401447,14.355620594401447,13.91661080053406,14.100994110107422,2634000.0
2021-08-26 04:00:00,14.223486346654077,14.426176718500095,14.135361998132737,14.249924659729004,2499600.0
2021-08-27 04:00:00,14.258734980541558,14.902052027039684,14.258734980541558,14.831551551818848,3653300.0
2021-08-30 04:00:00,14.831554627828353,14.849180170505015,14.523114354443853,14.61124038696289,1908300.0
2021-08-31 04:00:00,14.690554159273525,15.060682164039973,14.611240895333264,15.05186939239502,4216200.0
2021-09-01 04:00:00,15.19286978223986,15.228120867439724,14.87561673889812,14.91968059539795,2640700.0
2021-09-02 04:00:00,14.840366452957907,14.910866938305235,14.461425713891959,14.690552711486816,3133600.0
2021-09-03 04:00:00,14.778682709502785,15.139998004103328,14.68174388577814,14.857995986938477,3651200.0
2021-09-07 04:00:00,14.452613873124099,14.655302571432424,14.161799142244767,14.205862998962402,4834500.0
2021-09-08 04:00:00,14.144173548002998,14.144173548002998,13.826921344681585,13.967923164367676,3558300.0
2021-09-09 04:00:00,14.02079710804276,14.038422649404286,13.59779420055099,13.809295654296875,3113800.0
2021-09-10 04:00:00,13.6859210736366,13.782859882214114,13.447982118940882,13.474419593811035,3134900.0
2021-09-13 04:00:00,13.527294747370638,13.967923229820078,13.430355943355197,13.659482955932617,5419500.0
2021-09-14 04:00:00,13.941486455628905,13.959112000281086,13.483233220291151,13.78286075592041,4147500.0
2021-09-15 04:00:00,13.6947326858866,13.862171133130307,13.641856900191055,13.774045944213867,2946500.0
2021-09-16 04:00:00,13.210042251504555,13.227667794942962,12.87516449006436,13.148354530334473,5846500.0
2021-09-17 04:00:00,12.998540210439405,13.095478173859995,12.839913688085591,13.024977684020996,5209400.0
2021-09-20 04:00:00,12.998540112786182,13.183604107331272,12.919226852205126,13.17479133605957,5059600.0
2021-09-21 04:00:00,13.447981717083486,13.650670419084793,13.148354209401424,13.518482208251953,5068500.0
2021-09-22 04:00:00,13.606605797571104,13.97673375277793,13.580168326608346,13.624231338500977,2289500.0
2021-09-23 04:00:00,13.536107435931493,13.606607929834873,13.315793182375389,13.403919219970703,2523800.0
2021-09-24 04:00:00,13.28935558885562,13.6859210736366,13.280542817088179,13.474419593811035,2291500.0
2021-09-27 04:00:00,13.447983227539025,13.774048245924314,13.395107433007677,13.571358680725098,2133800.0
2021-09-28 04:00:00,13.280539710700882,13.597792696664282,13.210039233916122,13.447978973388672,3153500.0
2021-09-29 04:00:00,13.342230377046995,13.37748062103735,13.201228560653465,13.30698013305664,2787200.0
2021-09-30 04:00:00,13.580168232290522,14.267549196004612,13.53610522070392,14.091297149658203,5239400.0
2021-10-01 04:00:00,14.205862107883739,14.302799224853516,14.0207972830066,14.302799224853516,3622400.0
2021-10-04 04:00:00,14.373299927798552,14.716991270381037,14.338050524966407,14.628865242004395,3359600.0
2021-10-05 04:00:00,14.540739930627593,14.857992976081487,14.382113407900645,14.769866943359375,3493700.0
2021-10-06 04:00:00,14.80511728080796,15.254558563232422,14.699367379569482,15.254558563232422,3527400.0
2021-10-07 04:00:00,15.0254310832665,15.624686108440352,15.0254310832665,15.615873336791992,4245600.0
2021-10-08 04:00:00,15.941941781516727,16.109381108595468,15.598252035128692,15.659939765930176,2775700.0
2021-10-11 04:00:00,15.624686254635126,15.880251592235815,15.598249620307012,15.703999519348145,2373100.0
2021-10-12 04:00:00,15.695189090311986,16.285631437492626,15.633501359852973,16.065317153930664,2794500.0
2021-10-13 04:00:00,16.294441585287135,16.787945030313857,16.28562881366076,16.646944046020508,3004300.0
2021-10-14 04:00:00,16.858444728292454,16.937757988329214,16.646943261815846,16.814382553100586,2960300.0
2021-10-15 04:00:00,16.21512746531511,16.752694740088817,16.162252519213112,16.558818817138672,3283600.0
2021-10-18 04:00:00,16.37375417777898,16.62050673060829,16.223940428001228,16.259191513061523,2663700.0
2021-10-19 04:00:00,16.479506940375206,16.61169515715444,16.3473170427316,16.602882385253906,3371900.0
2021-10-20 04:00:00,16.81437982665331,17.025881258835017,16.708628270130475,16.823192596435547,2325300.0
2021-10-21 04:00:00,16.699824235081024,16.840825249426498,16.576447086880222,16.787948608398438,1798300.0
2021-10-22 04:00:00,17.184509544657654,17.616325223819715,17.166884003255742,17.20213508605957,3529600.0
2021-10-25 04:00:00,17.422448480896705,17.492948962281222,17.202134266462092,17.210947036743164,2366100.0
2021-10-26 04:00:00,17.149258768421767,17.246197567001076,16.973008393844314,17.237384796142578,2025700.0
2021-10-27 04:00:00,17.15807668377622,17.360767112565892,16.96420070935205,17.025888442993164,2102700.0
2021-10-28 04:00:00,17.2638220898476,17.307884260675475,16.75269317626953,16.75269317626953,3703900.0
2021-10-29 04:00:00,16.585256792741518,16.664570058748986,16.27681650058629,16.285629272460938,3043500.0
2021-11-01 04:00:00,16.276812956611998,16.400190055129634,16.056498750308222,16.303251266479492,1007900.0
2021-11-02 04:00:00,16.303252639187892,16.40019143600013,16.127000586959124,16.268001556396484,1791900.0
2021-11-03 04:00:00,16.11819405610496,16.35613220879046,15.79212817151429,16.24156951904297,3412000.0
2021-11-04 04:00:00,16.664573955703936,16.761512788129526,16.250383665924645,16.364946365356445,2490000.0
2021-11-05 04:00:00,16.461880884459607,16.664569589273256,16.232753864766835,16.646944046020508,2190800.0
2021-11-08 05:00:00,16.761508905604714,16.770321677498867,16.505943563267355,16.523569107055664,1724900.0
2021-11-09 05:00:00,16.72625601146098,16.858444213867188,16.400191890916616,16.858444213867188,2424200.0
2021-11-10 05:00:00,17.819014643594787,18.224393708267556,17.58107654829439,17.669200897216797,5152900.0
2021-11-11 05:00:00,19.14971298188196,19.21140069899846,18.303707122802734,18.303707122802734,5535700.0
2021-11-12 05:00:00,18.127455364582406,18.53283443947866,18.030516561285946,18.338956832885742,2291500.0
2021-11-15 05:00:00,18.259642251805026,18.629770214787893,18.23320562071891,18.532833099365234,1830900.0
2021-11-16 05:00:00,18.629770438639323,18.779584179762615,18.330142956392734,18.39183235168457,2005200.0
2021-11-17 05:00:00,18.6914562884769,18.76195844749168,18.471142084147672,18.488767623901367,1631400.0
2021-11-18 05:00:00,18.374207592103243,18.559270743261816,18.118642271896576,18.224393844604492,1556200.0
2021-11-19 05:00:00,18.250830230040123,18.41826951753398,18.18032974281074,18.286081314086914,2138200.0
2021-11-22 05:00:00,17.863076236042687,18.34776681717264,17.730888048540336,18.18914031982422,2988100.0
2021-11-23 05:00:00,17.87189239813103,18.030517244722933,17.554639343218593,17.836641311645508,2900600.0
2021-11-24 05:00:00,17.607512651339558,17.854265191151814,17.545824936602536,17.774951934814453,1563500.0
2021-11-26 05:00:00,17.766141554915144,17.7749543269013,17.228574229810146,17.492952346801758,1776200.0
2021-11-29 05:00:00,17.572262984671383,17.82782661057532,17.440074786385615,17.757326126098633,1666500.0
2021-11-30 05:00:00,18.841273591524672,19.149713872313377,18.33014460768156,18.453521728515625,4268300.0
2021-12-01 05:00:00,19.80184271492228,19.80184271492228,18.603334426879883,18.603334426879883,4744100.0
2021-12-02 05:00:00,18.85889845802433,19.026337749736292,17.880704383182163,18.004079818725586,4484600.0
2021-12-03 05:00:00,18.33895737923144,18.620959345370498,18.03932986999262,18.453521728515625,2830900.0
2021-12-06 05:00:00,18.541649414300004,18.62977377591778,18.321335148526654,18.435897827148438,1963100.0
2021-12-07 05:00:00,18.0305171449271,18.17151980922445,17.40482549105102,17.50176429748535,3567300.0
2021-12-08 05:00:00,17.616322617869198,17.625135387266496,17.316695181816556,17.545822143554688,1909200.0
2021-12-09 05:00:00,17.45769896201745,17.50176281615094,16.99063387425161,17.14044761657715,2390300.0
2021-12-10 05:00:00,17.272638269104924,17.2814510411826,16.77913479880604,16.87607192993164,2220500.0
2021-12-13 05:00:00,16.664570452846522,17.03469847601302,16.567631640797266,16.955385208129883,3567100.0
2021-12-14 05:00:00,16.849632639951245,17.299072179053837,16.735068301855183,17.122821807861328,3399000.0
2021-12-15 05:00:00,16.849633637945473,16.9730090731741,16.505942284164774,16.814382553100586,3541900.0
2021-12-16 05:00:00,17.025883539136974,17.915953235983327,17.017070768174435,17.889514923095703,3244600.0
2021-12-17 05:00:00,17.98645250987902,18.171517325883908,17.422448653224276,17.625137329101562,6786400.0
2021-12-20 05:00:00,17.625137621222386,17.85426461200197,17.431261712500017,17.722076416015625,2084800.0
2021-12-21 05:00:00,18.056953876963227,18.13626713330059,17.440075048728826,17.774951934814453,2890100.0
2021-12-22 05:00:00,17.792579134402924,17.94239289023776,17.492951622733248,17.836641311645508,2243100.0
2021-12-23 05:00:00,17.79257689926595,17.88070292354488,17.545824367457758,17.722076416015625,1548000.0
2021-12-27 05:00:00,17.581079270936247,17.76614244936962,17.510578772361942,17.739704132080078,1495700.0
2021-12-28 05:00:00,17.933578315790513,18.101017598035785,17.431262149918847,17.440074920654297,1798500.0
2021-12-29 05:00:00,17.369576310027846,17.678016625444528,17.29907581057813,17.66039276123047,2177900.0
2021-12-30 05:00:00,17.81019941253039,18.374204916744066,17.68682399638864,18.330141067504883,2343700.0
2021-12-31 05:00:00,18.40064160599688,18.612144721313246,18.22439125105189,18.488767623901367,1822000.0
2022-01-03 05:00:00,18.048139974413022,18.11864045552932,17.581074917341564,17.686824798583984,2214700.0
2022-01-04 05:00:00,17.607511438412164,17.827825650647142,17.30788397530347,17.369571685791016,3042900.0
2022-01-05 05:00:00,17.695640740701485,17.836641728207923,17.12282401884854,17.15807342529297,2951500.0
2022-01-06 05:00:00,16.77913255513104,16.88488244419363,16.541192783443943,16.682193756103516,3462700.0
2022-01-07 05:00:00,16.82319749681576,16.902510767094824,16.62932154772496,16.83201026916504,3982200.0
2022-01-10 05:00:00,16.752697261384295,16.92013657691532,16.470695265246455,16.84963607788086,2562600.0
2022-01-11 05:00:00,17.32551183938502,18.004080107485613,17.202136401862827,17.96001625061035,3963700.0
2022-01-12 05:00:00,18.10982901204584,18.391832638035268,17.871890921386523,18.347768783569336,3297500.0
2022-01-13 05:00:00,18.14508213399871,18.233208171966286,17.827829069661178,17.87189292907715,1803900.0
2022-01-14 05:00:00,17.836643169422505,17.92476921395077,17.5370156265451,17.66039276123047,1703400.0
2022-01-18 05:00:00,16.87606617241329,17.061130961178048,16.267998553420274,16.32087516784668,5760100.0
2022-01-19 05:00:00,16.638131343849217,18.453521965716913,16.576443623071402,18.31252098083496,6191500.0
2022-01-20 05:00:00,18.717898377685724,18.717898377685724,18.16270721025024,18.23320770263672,3183300.0
2022-01-21 05:00:00,18.347769455589717,18.497583204532727,17.74851445981767,17.8454532623291,2899500.0
2022-01-24 05:00:00,17.545822143554688,17.6515736954584,17.034693284558514,17.545822143554688,2703000.0
2022-01-25 05:00:00,17.519386927562056,18.048141418678828,17.369573183093376,17.951204299926758,2093900.0
2022-01-26 05:00:00,17.633951205901266,17.86307820725971,16.752694284152263,16.8408203125,3071500.0
2022-01-27 05:00:00,16.23275233677589,16.523567049614538,16.021250880244523,16.109376907348633,3053200.0
2022-01-28 05:00:00,15.862625504652645,15.986000942923372,15.668749575818032,15.8097505569458,2399100.0
2022-01-31 05:00:00,16.171065800833475,16.49712993976334,16.003626505216786,16.373754501342773,2994300.0
2022-02-01 05:00:00,16.97301131059518,17.114012306833324,16.629321592372758,16.92894744873047,4125300.0
2022-02-02 05:00:00,16.761508425073796,17.043510394144615,16.664569617881583,16.805570602416992,3330000.0
2022-02-03 05:00:00,16.638129526179398,16.779132176521525,16.382565899324604,16.40900421142578,2426300.0
2022-02-04 05:00:00,16.45306515237778,16.88488079918616,16.45306515237778,16.63812828063965,1977700.0
2022-02-07 05:00:00,16.779132697714076,17.22857225134553,16.541192924005053,17.096384048461914,2107300.0
2022-02-08 05:00:00,17.325512295292455,17.678014755249023,17.246199031694186,17.678014755249023,2721000.0
2022-02-09 05:00:00,17.60751070124521,17.819012134432256,17.50176082508368,17.616323471069336,2868600.0
2022-02-10 05:00:00,17.46651282318291,17.79257864066858,16.946571077999767,17.069948196411133,2031600.0
2022-02-11 05:00:00,17.122823660081366,18.427083607620496,17.096385345153728,18.074581146240234,3842600.0
2022-02-14 05:00:00,18.594520162711387,19.017523053936163,18.418268117602356,18.955835342407227,4802100.0
2022-02-15 05:00:00,18.427081555409178,18.691457951784876,18.145079617711332,18.612146377563477,3309900.0
2022-02-16 05:00:00,18.82364739015085,19.184962574475378,18.656208113238673,18.894147872924805,3085800.0
2022-02-17 05:00:00,19.581530147543507,19.85472103073267,19.18496550175543,19.61678123474121,4432000.0
2022-02-18 05:00:00,19.62559506702746,19.69609556436808,19.237841491221843,19.38765525817871,3210600.0
2022-02-22 05:00:00,19.546279606138956,20.09265797905986,19.29952705267723,19.370027542114258,3025500.0
2022-02-23 05:00:00,19.387651434997665,20.321783260769237,19.299525410483945,20.101469039916992,4355300.0
2022-02-24 05:00:00,20.524476267418052,20.70072665830352,19.123277507686602,19.51984214782715,5969600.0
2022-02-25 05:00:00,19.211403420943125,19.387655506988807,18.99108915381825,19.246654510498047,2808100.0
2022-02-28 05:00:00,20.348221426799608,21.044413485662407,20.013342872216207,20.480409622192383,6746400.0
2022-03-01 05:00:00,21.194230600583122,21.855173363772174,21.079667927877342,21.793485641479492,4842800.0
2022-03-02 05:00:00,21.476236325335414,21.5996117817963,20.824104590390522,21.15898323059082,3637600.0
2022-03-03 05:00:00,21.11491770621452,21.238294833836036,20.665478098495182,21.017980575561523,3849200.0
2022-03-04 05:00:00,21.229481480188454,22.383927691277126,21.229481480188454,22.09311294555664,4894500.0
2022-03-07 05:00:00,23.34449919876917,23.397374151457754,22.04023916002111,22.516117095947266,6670200.0
2022-03-08 05:00:00,23.15943352726621,23.758686848485798,21.925672437863344,22.70117950439453,7309800.0
2022-03-09 05:00:00,21.458606114496828,22.190049283237986,21.30879237242386,22.119548797607422,5114500.0
2022-03-10 05:00:00,22.45193973930417,23.045812671937007,22.38102961409267,22.77103614807129,5485600.0
2022-03-11 05:00:00,22.115118288984068,22.78876367039431,21.920114165906146,22.62921714782715,3764400.0
2022-03-14 04:00:00,21.76942540366884,21.95556551057273,21.05146028419494,21.45033073425293,3748000.0
2022-03-15 04:00:00,20.54622994471715,21.441471388790365,20.510774034553055,21.13123893737793,5205900.0
2022-03-16 04:00:00,21.086918967106403,21.388285725005062,20.19167759831396,20.670320510864258,7250300.0
2022-03-17 04:00:00,21.228740045717483,21.83147527574364,20.776687355224787,21.175556182861328,5605400.0
2022-03-18 04:00:00,21.10464880241698,21.219878829634556,20.643733765439634,20.767826080322266,8056400.0
2022-03-21 04:00:00,20.705778778170252,21.35283394233035,20.670322866946243,21.06032943725586,2564700.0
2022-03-22 04:00:00,21.042600814747026,21.042600814747026,20.404409648618934,20.705778121948242,2383800.0
2022-03-23 04:00:00,20.962826365100376,21.521245105639373,20.758959957247455,21.503517150878906,4665600.0
2022-03-24 04:00:00,22.026480316360967,22.398758918829603,21.56556362937487,21.618745803833008,4601600.0
2022-03-25 04:00:00,21.13124073879404,21.4326092383568,20.953964554122653,21.406017303466797,3134900.0
2022-03-28 04:00:00,20.84759890169889,21.03373736248131,20.475320289503166,20.57282066345215,2291200.0
2022-03-29 04:00:00,20.07644955743248,20.847598707894434,19.925765318405702,20.821006774902344,3096900.0
2022-03-30 04:00:00,20.998284237945988,21.326242978524455,20.9362380811139,21.228742599487305,2236600.0
2022-03-31 04:00:00,21.281923914890065,21.530110222782668,20.989419408380993,20.99828338623047,2150700.0
2022-04-01 04:00:00,20.679183746927166,21.716245326040877,20.652591817492738,21.689653396606445,2104800.0
2022-04-04 04:00:00,21.565565639070005,21.813751960721195,20.803280408065703,21.343971252441406,3243500.0
2022-04-05 04:00:00,21.48578649153149,21.822610827058337,20.6969112009317,20.8121395111084,3241300.0
2022-04-06 04:00:00,20.67918508318468,20.909643414616333,20.165086248646613,20.386680603027344,2327500.0
2022-04-07 04:00:00,20.59941015859482,20.812140527438284,20.368951836356732,20.581682205200195,2129500.0
2022-04-08 04:00:00,20.90078047390545,21.211012923547127,20.741232260339395,20.980554580688477,2347000.0
2022-04-11 04:00:00,21.6276097862978,21.63647376381466,20.253725393170747,20.4930477142334,3360600.0
2022-04-12 04:00:00,21.21101409829325,21.476926675210027,20.581685186664853,20.900781631469727,2644700.0
2022-04-13 04:00:00,21.095782079207865,21.406014516679022,20.891915676818247,21.175556182861328,1752100.0
2022-04-14 04:00:00,20.8387337975029,21.033736225490784,20.528501355671104,20.989418029785156,2515800.0
2022-04-18 04:00:00,21.370558559801825,22.13284193510738,21.219874341898873,21.538969039916992,2725100.0
2022-04-19 04:00:00,21.184420890993984,21.264194997400136,19.810536508454007,20.005538940429688,3747700.0
2022-04-20 04:00:00,19.783943754828396,20.18281427030105,19.56234939970598,20.11190414428711,2196200.0
2022-04-21 04:00:00,19.766217201307608,19.766217201307608,19.030523957794962,19.296438217163086,2659700.0
2022-04-22 04:00:00,18.9507487396202,19.269845155928838,18.525287978295864,18.764610290527344,2607900.0
2022-04-25 04:00:00,17.913688564910913,18.35687731741991,17.656639967583775,18.099828720092773,2901800.0
2022-04-26 04:00:00,18.454379383973787,18.667109782302397,17.904826277615946,18.099828720092773,2130300.0
2022-04-27 04:00:00,18.215057051867507,18.427789140827038,17.993462675613006,18.099828720092773,2018600.0
2022-04-28 04:00:00,18.028920787060365,18.374607515193404,17.904828462218994,18.339153289794922,2267600.0
2022-04-29 04:00:00,18.640519539155648,18.853249937484257,18.090964742166882,18.099828720092773,2592200.0
2022-05-02 04:00:00,17.51481769744699,17.81618614991173,17.14253912032176,17.736412048339844,2301800.0
2022-05-03 04:00:00,17.683229113172086,18.29482827794682,17.683229113172086,18.14414405822754,1633600.0
2022-05-04 04:00:00,18.161874489204664,18.755747472578744,17.975736028607106,18.684837341308594,2845400.0
2022-05-05 04:00:00,19.01279813869439,19.039388381812895,17.479363771762454,17.674367904663086,2779400.0
2022-05-06 04:00:00,17.266635057934238,17.364137133895397,16.841174220227323,17.036176681518555,3000700.0
2022-05-09 04:00:00,16.194118617678164,16.24730079852783,15.733201875298258,15.750929832458496,3722400.0
2022-05-10 04:00:00,15.91047477172867,16.096613211482204,14.95318726146451,15.298873901367188,3454700.0
2022-05-11 04:00:00,15.352056798795022,15.74206334090664,15.1215984643941,15.165918350219727,3435100.0
2022-05-12 04:00:00,14.47454409833824,14.784776552697556,14.066810426047779,14.421361923217773,4146700.0
2022-05-13 04:00:00,14.47454112938232,15.245690118293219,14.47454112938232,15.201370239257812,3189300.0
2022-05-16 04:00:00,14.891144412050753,15.768659806795563,14.891144412050753,15.733203887939453,4218900.0
2022-05-17 04:00:00,15.83956814924117,15.901614309539049,15.431833582006288,15.5027437210083,2319700.0
2022-05-18 04:00:00,15.343192921690331,15.547061016556176,15.07728036752554,15.103872299194336,2119800.0
2022-05-19 04:00:00,15.617973009529189,16.096616002333644,15.538198895623282,16.016841888427734,3542700.0
2022-05-20 04:00:00,15.830700747616927,15.928201111018712,15.467286152480362,15.724334716796875,2076100.0
2022-05-23 04:00:00,16.08774931193344,16.2384335360606,15.6002424230324,15.724334716796875,1815700.0
2022-05-24 04:00:00,15.839568552244947,16.123209115469628,15.688884291702946,15.937068939208984,3332100.0
2022-05-25 04:00:00,15.573651741351673,15.733199955058838,15.387513285780543,15.62683391571045,1713800.0
2022-05-26 04:00:00,15.591380018590947,15.78638245569066,15.547061820814474,15.697744369506836,2408400.0
2022-05-27 04:00:00,15.839565585111924,15.910475712634915,15.697743639435144,15.786381721496582,2110800.0
2022-05-31 04:00:00,16.070021938915957,16.087749893131537,15.157054275013566,15.227964401245117,3098900.0
2022-06-01 04:00:00,15.307738410898356,15.467286616600578,15.112734296981973,15.334328651428223,1975500.0
2022-06-02 04:00:00,15.64456438281097,16.309347586250226,15.62683642496779,16.149799346923828,2313500.0
2022-06-03 04:00:00,15.750927400725208,15.95479380470055,15.635697387604687,15.804109573364258,1834900.0
2022-06-06 04:00:00,15.866156784011254,15.945930893618842,15.422968037582834,15.742064476013184,1730400.0
2022-06-07 04:00:00,15.343195485596002,15.555925902602043,15.103874823108624,15.5027437210083,2320600.0
2022-06-08 04:00:00,15.34319601005281,15.555926434330344,15.219103685215366,15.493880271911621,2170200.0
2022-06-09 04:00:00,15.15705368749739,15.201371880687716,14.793639093318477,14.900003433227539,1911400.0
2022-06-10 04:00:00,14.465679913530629,15.750927910055378,14.465679913530629,15.62683391571045,3700600.0
2022-06-13 04:00:00,14.935460114501081,15.006370241659827,14.22635715228285,14.279541015625,3248300.0
2022-06-14 04:00:00,14.244086358383033,14.306132513770189,13.721123490647084,13.907262802124023,2262600.0
2022-06-15 04:00:00,14.510000745673615,14.651821013617235,13.738851559428097,14.119994163513184,4332800.0
2022-06-16 04:00:00,14.057946853145989,14.501136448696615,13.765442345616014,14.306132316589355,4548800.0
2022-06-17 04:00:00,14.306131020228268,14.341586928537057,13.93385328145518,14.12885570526123,5449400.0
2022-06-21 04:00:00,14.288406267625046,14.696139112507046,14.164312266052791,14.350452423095703,2746100.0
2022-06-22 04:00:00,14.15544762147456,14.50113511928006,13.969308329627811,14.022490501403809,2402600.0
2022-06-23 04:00:00,13.703395602595148,13.98703612006384,13.304525913575945,13.402027130126953,2780700.0
2022-06-24 04:00:00,13.499528075404514,14.004763793637169,13.357707819520051,13.818624496459961,2658300.0
2022-06-27 04:00:00,14.084537510506006,14.199766676563426,13.90726135022359,14.12885570526123,1802800.0
2022-06-28 04:00:00,14.182040529337769,14.252950664359219,13.916127100349588,13.933855056762695,2587600.0
2022-06-29 04:00:00,14.11112755309264,14.199765626680247,13.552709718247486,13.703393936157227,2078200.0
2022-06-30 04:00:00,13.455209360210075,13.579301656662736,13.082930780221352,13.109521865844727,2204100.0
2022-07-01 04:00:00,12.887929085895736,13.499529201756019,12.781563885107666,13.46407413482666,2232300.0
2022-07-05 04:00:00,12.967701784593867,13.144977099921167,12.506785119427507,12.817017555236816,3251300.0
2022-07-06 04:00:00,12.994291639923093,13.109520795301759,12.657468150042833,13.065201759338379,2833200.0
2022-07-07 04:00:00,13.127249373443032,13.31338865710817,12.914518159743343,12.994292259216309,2468200.0
2022-07-08 04:00:00,13.437482174828146,13.570439301180445,13.144977680294677,13.18929672241211,2815300.0
2022-07-11 04:00:00,12.994293424327761,13.198160679628682,12.9322472726479,12.976566314697266,1479100.0
2022-07-12 04:00:00,12.923383388637815,13.127250645413117,12.737244086936634,12.852473258972168,2422800.0
2022-07-13 04:00:00,12.746106698497432,13.58816503202175,12.746106698497432,13.39316177368164,3743000.0
2022-07-14 04:00:00,12.684061961278596,12.72838015850403,12.090188989051148,12.196554183959961,4305000.0
2022-07-15 04:00:00,12.223143460719447,12.311781532671036,11.939502982978846,12.178824424743652,3023900.0
2022-07-18 04:00:00,12.480194712794349,12.62201497277592,12.294055410239679,12.302919387817383,3773800.0
2022-07-19 04:00:00,12.329511329243196,12.639743803427823,12.294056261791996,12.533378601074219,2938300.0
2022-07-20 04:00:00,12.338373247231287,12.559967593129384,12.107914924621582,12.107914924621582,1858300.0
2022-07-21 04:00:00,12.178825531883003,12.506785075413188,12.161098423070351,12.49792194366455,2602200.0
2022-07-22 04:00:00,12.994293817510636,13.224752166888244,12.506786030847369,12.542241096496582,2458800.0
2022-07-25 04:00:00,12.648606801795601,12.657469933985205,12.276328199738794,12.364965438842773,2110600.0
2022-07-26 04:00:00,12.480195164175694,12.746108583916362,12.435876119999673,12.737244606018066,1843000.0
2022-07-27 04:00:00,12.781563026810863,12.958838349553407,12.533377574971304,12.870201110839844,2446000.0
2022-07-28 04:00:00,13.499527454856093,13.543846494111573,13.03861164441904,13.171567916870117,2721700.0
2022-07-29 04:00:00,13.153840573932861,13.24247780554879,12.870200080257334,13.03861141204834,2965200.0
2022-08-01 04:00:00,13.109521952709915,13.189296055424002,12.914518684443857,12.985428810119629,2040200.0
2022-08-02 04:00:00,12.896793798599715,13.30452751417088,12.489060083028548,12.524515151977539,4377400.0
2022-08-03 04:00:00,12.506784714738583,12.551103753465197,12.196553134282986,12.258599281311035,2991000.0
2022-08-04 04:00:00,12.391556236071041,12.763834829416261,12.294055021743636,12.613150596618652,3203500.0
2022-08-05 04:00:00,12.595423362150028,13.295661500708034,12.48019419437271,13.286797523498535,4099800.0
2022-08-08 04:00:00,13.738850239395331,14.439089224389871,13.72998626217164,14.279541015625,5520600.0
2022-08-09 04:00:00,14.483408492935789,14.58091055898942,14.031355764820207,14.306132316589355,2024600.0
2022-08-10 04:00:00,14.377041260598466,14.465679341444876,14.102264731542288,14.173174858093262,2021600.0
2022-08-11 04:00:00,14.244086034905232,14.359316055691068,13.924990441897933,13.942717552185059,1812200.0
2022-08-12 04:00:00,13.942717983268182,14.137721274348397,13.889535805447062,14.119994163513184,1501000.0
2022-08-15 04:00:00,13.898397793782307,14.102264188436212,13.800895739543174,14.07567310333252,1812500.0
2022-08-16 04:00:00,14.173176341334303,14.270678409532149,14.013628962555467,14.119994163513184,1521800.0
2022-08-17 04:00:00,14.004762787416535,14.013626764101302,13.437480959321604,13.6058931350708,1973700.0
2022-08-18 04:00:00,13.597029685974121,13.712258851401149,13.50839160631783,13.597029685974121,1315800.0
2022-08-19 04:00:00,13.304526645613878,13.384300756870111,13.100659378479563,13.269071578979492,2136100.0
2022-08-22 04:00:00,13.03861279821625,13.375436342922177,13.03861279821625,13.153841972351074,2403200.0
2022-08-23 04:00:00,13.313389481339755,13.72112228999481,13.295661526885851,13.499527931213379,3160400.0
2022-08-24 04:00:00,13.410893628651957,13.676807086423878,13.357710598971341,13.650215148925781,2052700.0
2022-08-25 04:00:00,13.861662560113992,13.861662560113992,13.599610306289573,13.753227233886719,2193300.0
2022-08-26 04:00:00,13.735154021968318,13.861662331362792,12.939960780990237,13.03032398223877,3216800.0
2022-08-29 04:00:00,12.840561547633971,13.138758895958164,12.795379948422084,12.903815269470215,1888900.0
2022-08-30 04:00:00,12.741163633991572,12.750199265069126,12.25320422334073,12.388748168945312,4038100.0
2022-08-31 04:00:00,12.262237762342405,12.433927650034528,12.153802452005545,12.18091106414795,2842800.0
2022-09-01 04:00:00,11.783316407691277,12.045368656060074,11.59355437530233,11.711026191711426,4656200.0
2022-09-02 04:00:00,12.090548736417523,12.379709563982479,11.945968322635043,12.18091106414795,2868700.0
2022-09-06 04:00:00,12.497181573884875,12.632725498622943,11.891750434755961,11.909823417663574,3900600.0
2022-09-07 04:00:00,11.973076613294317,12.370672740520478,11.819459712333316,12.208020210266113,4116900.0
2022-09-08 04:00:00,12.117659964852606,12.433930334612327,12.000188137849493,12.262240409851074,2963200.0
2022-09-09 04:00:00,12.524291740814137,12.768271869742673,12.461038016321863,12.74116325378418,2242200.0
2022-09-12 04:00:00,12.840561557089899,12.912851771175221,12.596581438226439,12.732126235961914,2710900.0
2022-09-13 04:00:00,12.17187627713651,12.424892018769333,12.063440959293873,12.126694679260254,2905900.0
2022-09-14 04:00:00,12.20802032266283,12.298382648798931,12.072475540807837,12.108620643615723,1488400.0
2022-09-15 04:00:00,11.927895973594724,12.1266944839887,11.692952357835232,11.918859481811523,2988000.0
2022-09-16 04:00:00,11.286320738935736,11.936933556767599,11.241139137656083,11.611627578735352,5246600.0
2022-09-19 04:00:00,11.421865210504787,11.846570009583425,11.36764711819297,11.828497886657715,3064600.0
2022-09-20 04:00:00,11.593554824531022,11.611627810109955,11.349575551587119,11.548373222351074,1706300.0
2022-09-21 04:00:00,11.620662689208984,12.009223236340116,11.439937153950549,11.620662689208984,3211800.0
2022-09-22 04:00:00,11.692953409816504,11.900788430692,11.620663192581732,11.783316612243652,2216000.0
2022-09-23 04:00:00,11.105593790142954,11.186920489800755,10.789323482977567,10.98812198638916,4426700.0
2022-09-26 04:00:00,10.970049229216041,11.295355147219775,10.89775902521521,11.078484535217285,4043200.0
2022-09-27 04:00:00,11.421867040291163,11.701991453770757,11.403794052702812,11.48512077331543,2948900.0
2022-09-28 04:00:00,12.135729392987235,12.379708606942009,12.000184619219315,12.334527015686035,4712000.0
2022-09-29 04:00:00,12.686944337085238,12.71405295128517,12.235130078838944,12.470073699951172,3369300.0
2022-09-30 04:00:00,12.21705889555337,12.73212691377345,12.21705889555337,12.488146781921387,3284000.0
2022-10-03 04:00:00,12.759233996086301,13.02128622003307,12.659835173819344,12.921887397766113,2796500.0
2022-10-04 04:00:00,13.436956184454003,13.870698328482609,13.373702462899397,13.518282890319824,4926400.0
2022-10-05 04:00:00,13.120685796293149,13.229121109266572,12.885742187300433,13.211048126220703,3378900.0
2022-10-06 04:00:00,13.202011949719614,13.400810459131515,13.111649617635864,13.319483757019043,2254000.0
2022-10-07 04:00:00,13.06646909549839,13.328521345100866,13.012251002374581,13.048396110534668,4976500.0
2022-10-10 04:00:00,12.78634359119305,12.976105620472154,12.623691038787632,12.632726669311523,1802200.0
2022-10-11 04:00:00,12.686943475210619,12.876705485253465,12.470072852809437,12.506217956542969,2728700.0
2022-10-12 04:00:00,12.379711170936655,12.524291603486464,12.12669541397449,12.226094245910645,2362000.0
2022-10-13 04:00:00,11.539336306357258,12.099585870406386,11.349574287746483,11.918859481811523,3398000.0
2022-10-14 04:00:00,11.729097711657564,11.783315801737979,11.105594415452972,11.186921119689941,4378100.0
2022-10-17 04:00:00,11.647772042521257,11.873679174644707,11.611626935852199,11.720062255859375,3140500.0
2022-10-18 04:00:00,11.819461520905756,11.846570136468346,11.566445764864438,11.729098320007324,1679100.0
2022-10-19 04:00:00,11.38571866548934,11.458008871600548,11.2501738827054,11.340537071228027,2476100.0
2022-10-20 04:00:00,11.394755768296854,11.774279830337678,11.385720137690049,11.52126407623291,3129500.0
2022-10-21 04:00:00,11.476082639017571,11.945969907934638,11.476082639017571,11.900788307189941,4155200.0
2022-10-24 04:00:00,11.692952984979726,11.801389168659469,11.53030043299478,11.792352676391602,2780700.0
2022-10-25 04:00:00,11.738134051748938,12.063440864487575,11.701988946085455,11.936932563781738,2561700.0
2022-10-26 04:00:00,12.17187596035044,12.316456380377764,12.072476275256195,12.189948081970215,2574400.0
2022-10-27 04:00:00,12.217057979796357,12.406819141323044,12.108621799256378,12.162839889526367,2418600.0
2022-10-28 04:00:00,11.936932346922397,12.226093186977046,11.855605645215208,12.189948081970215,2626400.0
2022-10-31 04:00:00,11.891751506036142,12.027296304752154,11.756207569087465,11.792352676391602,1924700.0
2022-11-01 04:00:00,12.117657441029847,12.171875527495635,11.90982331007336,12.027295112609863,2394800.0
2022-11-02 04:00:00,12.117659336863907,12.33452999312245,11.50319161569732,11.530301094055176,4135900.0
2022-11-03 04:00:00,11.593554593516542,11.783316629477195,11.467046282286985,11.611627578735352,3509000.0
2022-11-04 04:00:00,12.334528269143119,13.238156739022243,12.334528269143119,13.211048126220703,6150100.0
2022-11-07 05:00:00,13.328522029267605,13.599610785267206,13.256231809236697,13.436957359313965,2907900.0
2022-11-08 05:00:00,13.554428100585938,14.711073252308415,13.491174378548749,14.683963775634766,5349400.0
2022-11-09 05:00:00,14.891798664334205,15.108669317869005,14.665891518126946,14.765291213989258,5130600.0
2022-11-10 05:00:00,15.894828524059657,16.156879943454886,15.47915843750647,16.129772186279297,7732200.0
2022-11-11 05:00:00,16.63580059849385,16.63580059849385,15.949042729548776,16.24724006652832,4103800.0
2022-11-14 05:00:00,16.066517277823944,16.36471464965454,16.048444292007595,16.211097717285156,2047500.0
2022-11-15 05:00:00,16.364714579258283,16.40085882720071,15.822537071843637,16.03940773010254,2747100.0
2022-11-16 05:00:00,15.813498693781609,16.193022731373752,15.777352726613511,15.849644660949707,2795200.0
2022-11-17 05:00:00,15.551445401801454,15.668918070047786,15.415901473738773,15.623737335205078,2284800.0
2022-11-18 05:00:00,15.443012015069064,15.569519460191337,15.289395093048585,15.524338722229004,2124700.0
2022-11-21 05:00:00,15.515298741949408,15.614698411362202,15.42493556280453,15.497225761413574,1654700.0
2022-11-22 05:00:00,15.867713231025435,16.400854091632144,15.84060548377938,16.364709854125977,4674300.0
2022-11-23 05:00:00,16.581580385084283,16.64483409312405,16.102656744372158,16.53639793395996,2898900.0
2022-11-25 05:00:00,16.690019321613832,16.771346032035204,16.319531740154144,16.409894943237305,1414300.0
2022-11-28 05:00:00,16.382786335509074,16.427968801218128,15.623739870480147,15.686993598937988,2768800.0
2022-11-29 05:00:00,15.930970698990862,16.274350515775026,15.831572729740449,16.093624114990234,2338800.0
2022-11-30 05:00:00,16.49122258030245,16.69002025942807,16.202061693016145,16.563512802124023,4139700.0
2022-12-01 05:00:00,16.825563337492184,17.03339747772152,16.536400771284697,16.997251510620117,3160500.0
2022-12-02 05:00:00,16.536400875552445,16.9430343903343,16.48218364809306,16.86170768737793,1992400.0
2022-12-05 05:00:00,16.708092057282524,17.096652618259863,16.617728855549586,16.644838333129883,3057100.0
2022-12-06 05:00:00,17.042434198930877,17.105687918675308,16.70809089288011,16.76230812072754,2772000.0
2022-12-07 05:00:00,17.033398127941588,17.33159547377301,16.89785419320633,16.906888961791992,2377300.0
2022-12-08 05:00:00,17.13279456404589,17.23219424495708,16.861706718786547,16.97917938232422,2494100.0
2022-12-09 05:00:00,17.096649798599472,17.349666377016067,16.69001631963252,16.699052810668945,2570200.0
2022-12-12 05:00:00,16.527368295296036,16.86170991968241,16.427968595515583,16.7984561920166,2792600.0
2022-12-13 05:00:00,17.494250534319562,17.702084702078302,17.205089653344825,17.449068069458008,4145700.0
2022-12-14 05:00:00,17.611720182517406,17.955099995718875,17.394849537959217,17.629793167114258,3807500.0
2022-12-15 05:00:00,16.961107914513807,17.22315929186402,16.708091305749257,16.906888961791992,2797300.0
2022-12-16 05:00:00,16.816528010271185,17.060506410962994,16.63580160931792,16.915925979614258,4088800.0
2022-12-19 05:00:00,17.51231969238086,17.702082574927136,16.933997999924774,17.069541931152344,2779400.0
2022-12-20 05:00:00,17.322560213919807,17.44003117277094,17.16894328401617,17.304487228393555,2815300.0
2022-12-21 05:00:00,17.440028599438225,17.774371888201454,17.421957340113206,17.70208168029785,1803700.0
2022-12-22 05:00:00,17.421957440416072,17.575574348537454,17.214121583403955,17.566537857055664,1698100.0
2022-12-23 05:00:00,17.747261984058742,17.77437145769142,17.45810115944805,17.5575008392334,1285300.0
2022-12-27 05:00:00,17.620753318554524,18.162930688447688,17.494245897542047,17.810514450073242,1390000.0
2022-12-28 05:00:00,17.78340826629498,17.78340826629498,17.349667021637664,17.494247436523438,1482500.0
2022-12-29 05:00:00,17.864734646265877,17.964132602516763,17.548464348022506,17.5575008392334,1849000.0
2022-12-30 05:00:00,17.521356252994078,17.638828924444123,17.30448561747238,17.548465728759766,1449500.0
2023-01-03 05:00:00,18.009319372166726,18.48824145631427,18.009319372166726,18.217153549194336,2830500.0
2023-01-04 05:00:00,18.84969228848123,19.35572379882977,18.732219610655417,19.310543060302734,3679700.0
2023-01-05 05:00:00,18.623782175293325,19.084632873535156,18.56052846204072,19.084632873535156,2047100.0
2023-01-06 05:00:00,19.39186720975907,19.50933988252547,19.138852327249207,19.400903701782227,2832000.0
2023-01-09 05:00:00,20.033444469549018,20.078625206388228,19.256323386465272,19.26535987854004,2365700.0
2023-01-10 05:00:00,19.59970397421125,19.861755360710422,19.536450250695403,19.825611114501953,2153800.0
2023-01-11 05:00:00,20.051517931363186,20.132844638438822,19.6177749191149,19.888864517211914,2773800.0
2023-01-12 05:00:00,20.48526034200228,20.50333332757216,19.98826530357395,20.45815086364746,3208700.0
2023-01-13 05:00:00,20.783454466701052,21.117797753433596,20.54851086155768,20.946107864379883,3377700.0
2023-01-17 05:00:00,20.40392882399688,20.48525551636875,19.897897411987497,19.961151123046875,3936800.0
2023-01-18 05:00:00,20.45814940345064,20.52140312489573,19.906937171190116,19.915973663330078,2242900.0
2023-01-19 05:00:00,19.997295996499656,20.385856489372596,19.879825061310687,20.141878128051758,2892200.0
2023-01-20 05:00:00,19.988263942427796,20.449112978333808,19.96115446591906,20.431041717529297,2507500.0
2023-01-23 05:00:00,20.196097377519994,20.539475450147727,19.852717581357673,20.3858585357666,2679200.0
2023-01-24 05:00:00,20.19609923123688,20.19609923123688,19.42801458883192,19.870792388916016,2526300.0
2023-01-25 05:00:00,19.66295476119762,19.888861867750624,19.563555082783278,19.80753517150879,2289700.0
2023-01-26 05:00:00,19.861756016884957,19.93404623522485,19.482231939716815,19.735248565673828,2203100.0
2023-01-27 05:00:00,19.337650317230143,19.38283277813116,18.858728296421916,18.994272232055664,4153400.0
2023-01-30 05:00:00,19.247284540384253,19.45512038561565,19.07559638256558,19.084632873535156,3429900.0
2023-01-31 05:00:00,18.98523573987546,19.030416477241825,18.5514944564336,18.994272232055664,3955300.0
2023-02-01 05:00:00,18.903910288706534,19.30150735335634,18.63282239944312,19.12078094482422,2562600.0
2023-02-02 05:00:00,19.554520631614725,19.66295681242733,18.84065499667504,19.057525634765625,4064000.0
2023-02-03 05:00:00,18.569564605993563,18.867761935956533,18.090642613845652,18.15389633178711,4192900.0
2023-02-06 05:00:00,18.045461200687846,18.208114612547977,17.97317098692053,18.17197036743164,1952300.0
2023-02-07 05:00:00,18.452093438857066,18.623783330863187,18.217149829673566,18.388839721679688,2247100.0
2023-02-08 05:00:00,18.262334292536032,18.39787996963088,18.162936312477324,18.217153549194336,1644300.0
2023-02-09 05:00:00,18.49727364195587,18.578600339859076,17.982205704258558,18.072568893432617,2493200.0
2023-02-10 05:00:00,17.909917294359182,17.918953786536584,17.6569024075306,17.864736557006836,1993100.0
2023-02-13 05:00:00,17.729188633843197,17.964130483474886,17.656898436217848,17.82858657836914,1919500.0
2023-02-14 05:00:00,17.702085554505864,17.95510219930994,17.530395626833993,17.873775482177734,2438700.0
2023-02-15 05:00:00,16.455072723288772,16.816525470608035,16.43700146475036,16.699052810668945,6105100.0
2023-02-16 05:00:00,16.491220257955803,16.816527072109565,16.427966538211372,16.76230812072754,3629100.0
2023-02-17 05:00:00,16.45507408441753,16.690017700195312,16.27434941934317,16.690017700195312,3115900.0
2023-02-21 05:00:00,16.51832941005438,16.69905407385029,16.39182024950922,16.4460391998291,3040400.0
2023-02-22 05:00:00,15.280357360839844,15.452047253527521,14.94601579056517,15.280357360839844,4524200.0
2023-02-23 05:00:00,15.488194458688774,15.605667147983151,15.253250803634883,15.45205020904541,3402000.0
2023-02-24 05:00:00,15.02733993942567,15.199029822651413,14.918905493676892,15.180956840515137,2501100.0
2023-02-27 05:00:00,15.153850345885427,15.171923329518506,14.92794322107569,15.081560134887695,2390500.0
2023-02-28 05:00:00,15.126743117856247,15.298433040809758,15.036379909799933,15.054452896118164,3226900.0
2023-03-01 05:00:00,15.39783108350008,15.70506320014334,15.334575638199619,15.488192558288574,3281300.0
2023-03-02 05:00:00,15.361685100146826,15.650845955678163,15.35264860796964,15.641809463500977,2307500.0
2023-03-03 05:00:00,15.921934043319991,16.048441474756892,15.777351905704904,15.9400053024292,2586800.0
2023-03-06 05:00:00,15.723135296565948,15.84060796481228,15.470120423791489,15.623737335205078,2567300.0
2023-03-07 05:00:00,15.488193331537229,15.560483549097908,15.135778736370757,15.262286186218262,2615000.0
2023-03-08 05:00:00,15.39783151809166,15.578556196304113,15.18999563902202,15.289395332336426,2281900.0
2023-03-09 05:00:00,15.334575532085564,15.461084698276398,15.099631907485032,15.244214057922363,2573500.0
2023-03-10 05:00:00,15.994225723185085,16.25627710151168,15.831572311482885,15.912899017333984,4381500.0
2023-03-13 04:00:00,17.259307399433332,17.828592685291483,17.17798068380576,17.421960830688477,8809800.0
2023-03-14 04:00:00,17.27737529429165,17.95509657577452,17.16893913089928,17.810514450073242,4610000.0
2023-03-15 04:00:00,18.108716999695396,18.506312321417862,17.774373677278884,17.801483154296875,4921700.0
2023-03-16 04:00:00,17.57079063538262,17.835217814216644,17.3154801358528,17.826099395751953,4153800.0
2023-03-17 04:00:00,18.072291512076777,19.14824054476244,18.026701158824874,18.819984436035156,9475200.0
2023-03-20 04:00:00,19.303249974559204,19.540323635091156,18.81086581672504,19.312368392944336,5023200.0
2023-03-21 04:00:00,19.057058689146533,19.120885881339625,18.52820257491163,18.974994659423828,2552200.0
2023-03-22 04:00:00,19.212066878715284,19.50384930050818,19.111766019038818,19.18471336364746,2754800.0
2023-03-23 04:00:00,19.585914231337725,20.041824721298998,19.303250214526674,19.81386947631836,3395800.0
2023-03-24 04:00:00,20.18771701809234,20.360963500503487,19.95976176092631,20.297136306762695,3480600.0
2023-03-27 04:00:00,19.832109581155258,20.18771926538935,19.76828238030922,20.096538543701172,3079800.0
2023-03-28 04:00:00,20.51597139109736,21.026590636533083,20.470381039225767,20.971881866455078,4437600.0
2023-03-29 04:00:00,20.634510229050186,21.008358471042452,20.634510229050186,20.753047943115234,2543400.0
2023-03-30 04:00:00,22.056949060027232,22.275785877269897,21.701337710242527,22.020475387573242,4668900.0
2023-03-31 04:00:00,22.120776804719906,22.27578643823206,21.8107575376956,22.056949615478516,2959600.0
2023-04-03 04:00:00,22.12077870458967,22.476388354711087,21.93841380038552,22.321378707885742,2659800.0
2023-04-04 04:00:00,22.37608928647711,23.324382269226348,22.266669995810346,23.142017364501953,3812200.0
2023-04-05 04:00:00,24.15413907934445,24.40944959599162,23.825882949249607,24.336503982543945,7224800.0
2023-04-06 04:00:00,23.889712570717553,24.527986271974488,23.816766955169314,24.436803817749023,4148100.0
2023-04-10 04:00:00,24.163258235536368,24.509749475192613,24.01736700419051,24.290912628173828,2671800.0
2023-04-11 04:00:00,24.61916709922015,24.92006796086642,24.35473817335739,24.38209342956543,3496800.0
2023-04-12 04:00:00,24.965656674239025,25.065957534581234,24.46415585084884,24.59181022644043,4433700.0
2023-04-13 04:00:00,25.293916613361468,25.64952627891381,25.138906959809805,25.5856990814209,5791700.0
2023-04-14 04:00:00,24.828885839550402,25.20273231684609,24.637404261054808,25.175378799438477,3964300.0
2023-04-17 04:00:00,24.737704593288317,24.929187920257423,24.482395809543714,24.610050201416016,3138100.0
2023-04-18 04:00:00,24.610049549628265,25.102433743799082,24.518867098208414,24.746822357177734,2687100.0
2023-04-19 04:00:00,23.515863143193844,23.980890297388815,23.461152633979953,23.834999084472656,5093800.0
2023-04-20 04:00:00,24.227085727873256,24.56446029145817,24.053839236347994,24.236204147338867,2955100.0
2023-04-21 04:00:00,24.08119324624279,24.40944937334348,23.89882834470672,24.099430084228516,3497500.0
2023-04-24 04:00:00,24.509747813548532,24.6829942912117,24.263557464318342,24.38209342956543,2063000.0
2023-04-25 04:00:00,24.34562052850592,24.537102096888546,24.135900384213862,24.45503807067871,1476900.0
2023-04-26 04:00:00,24.84712178128597,24.910948971816254,23.652636780783588,24.081192016601562,4027800.0
2023-04-27 04:00:00,23.88971288289336,24.281794484613215,23.807648846934146,24.11766815185547,2322300.0
2023-04-28 04:00:00,24.172376950240267,24.327386602834306,23.880594483983415,24.236204147338867,3193800.0
2023-05-01 04:00:00,24.555339674682028,24.573576511981347,23.90794586384044,24.14501953125,1872400.0
2023-05-02 04:00:00,24.099427325761635,25.056838601337382,24.05383523601588,25.020366668701172,3907400.0
2023-05-03 04:00:00,25.038604929999927,25.284797028261373,24.838004927246498,25.157142639160156,2896600.0
2023-05-04 04:00:00,26.242208197885752,27.600821237343688,26.03248805258274,26.561344146728516,7395100.0
2023-05-05 04:00:00,25.585696727027315,26.00513529063657,25.202731838149536,25.841007232666016,3507700.0
2023-05-08 04:00:00,26.223971166785574,26.32427202948485,25.695115076557485,25.7680606842041,2300200.0
2023-05-09 04:00:00,25.48540288638661,25.758948546973294,25.32127479437024,25.366865158081055,1939400.0
2023-05-10 04:00:00,25.184497602170563,25.485398472364825,24.856241474991148,25.211851119995117,2211300.0
2023-05-11 04:00:00,24.55534157196361,24.637405606990736,24.15413981618217,24.290912628173828,3175800.0
2023-05-12 04:00:00,22.604046524981033,23.497630810139132,22.567572845181548,23.287912368774414,5036700.0
2023-05-15 04:00:00,23.269669584529368,23.57057040936551,23.160250312243345,23.31525993347168,3641200.0
2023-05-16 04:00:00,23.041719915485775,23.151137474985532,22.549335680254618,22.786409378051758,3094400.0
2023-05-17 04:00:00,22.749935544652427,22.85935309504628,22.394324157970896,22.52198028564453,2659700.0
2023-05-18 04:00:00,21.929295520331408,22.166369201636044,21.655749901451017,22.002241134643555,3099200.0
2023-05-19 04:00:00,22.08430222656091,22.531094272106202,21.856346994803495,22.1025390625,2511900.0
2023-05-22 04:00:00,22.102540907748022,22.39432335049154,22.102540907748022,22.12989616394043,2160300.0
2023-05-23 04:00:00,21.774285236412414,22.102541360807766,21.719576462066716,21.87458610534668,1769300.0
2023-05-24 04:00:00,21.90194110196825,21.92929461923593,21.6648674304052,21.783403396606445,2295300.0
2023-05-25 04:00:00,21.49161754494913,21.628390327090862,21.272780745690298,21.40955352783203,1590100.0
2023-05-26 04:00:00,21.774284780715213,21.792521618168973,21.263665506133695,21.40043830871582,1921800.0
2023-05-30 04:00:00,21.865469368623586,21.920179886338953,21.509859699277257,21.518978118896484,2570900.0
2023-05-31 04:00:00,21.92017364057759,22.3669656396501,21.874581555472098,22.066064834594727,3599000.0
2023-06-01 04:00:00,22.394324246225402,22.941417217832534,22.30314179443078,22.613161087036133,2133100.0
2023-06-02 04:00:00,22.877588020956193,22.94141520987775,22.184603882795567,22.376087188720703,2171400.0
2023-06-05 04:00:00,22.184602928069697,22.613158134643104,22.166366092259665,22.449031829833984,1552900.0
2023-06-06 04:00:00,22.412558833196407,22.476386021293365,22.120776408090066,22.430795669555664,1494800.0
2023-06-07 04:00:00,22.640517043883747,23.315264425355757,22.12989773288127,22.33049774169922,2805400.0
2023-06-08 04:00:00,22.312258611515105,22.6587515556245,22.239313003148997,22.294023513793945,2022300.0
2023-06-09 04:00:00,22.12989522306303,22.239312764859566,21.911058400309486,22.056949615478516,1521400.0
2023-06-12 04:00:00,22.266670905822345,22.330498103336236,22.02047879613102,22.24843406677246,1744800.0
2023-06-13 04:00:00,22.576688709565367,22.67698957849963,21.67398610663873,21.87458610534668,2460200.0
2023-06-14 04:00:00,22.43080064274914,22.59492872805085,21.85635234419316,22.03871726989746,2724000.0
2023-06-15 04:00:00,22.503740717932832,22.52197755383997,22.129894277638453,22.39432144165039,2928200.0
2023-06-16 04:00:00,22.348728237677026,22.439910666410643,21.892817833169115,22.029590606689453,4448000.0
2023-06-20 04:00:00,21.4642678655735,21.51897664036922,20.96276525593751,21.145130157470703,2566300.0
2023-06-21 04:00:00,21.21807492066611,21.21807492066611,20.84422845273665,20.898937225341797,3069100.0
2023-06-22 04:00:00,20.461263336947844,20.670981745551824,20.379199309379246,20.661863327026367,1994800.0
2023-06-23 04:00:00,20.880698807958865,20.94452599436156,20.525089204195062,20.552444458007812,1638400.0
2023-06-26 04:00:00,20.461264074687787,20.497736010944116,20.260662338215976,20.351844787597656,1373500.0
2023-06-27 04:00:00,20.215069601416317,20.269778368935448,19.540322338145828,19.73180389404297,2759200.0
2023-06-28 04:00:00,19.239423075064188,19.458259902124915,19.14824062899876,19.257659912109375,3314300.0
2023-06-29 04:00:00,18.765277130268082,19.275896431053706,18.692331515870137,19.193832397460938,2248400.0
2023-06-30 04:00:00,19.18471436441937,19.294131908719272,19.084413499510706,19.230304718017578,2060300.0
2023-07-03 04:00:00,19.312368778393004,19.412669643470828,19.12088546680448,19.348840713500977,1347500.0
2023-07-05 04:00:00,19.44914139804229,19.531205425224112,18.810866017552677,18.819984436035156,2507200.0
2023-07-06 04:00:00,18.592031686104814,18.710569403121763,18.099649196107258,18.127002716064453,2397600.0
2023-07-07 04:00:00,18.409668631160557,18.46437741059732,18.190831774252768,18.27289581298828,1863500.0
2023-07-10 04:00:00,18.01758062732096,18.427898975949265,17.935516609763237,18.3184814453125,1559900.0
2023-07-11 04:00:00,18.528201092874934,18.801748416456917,18.464373905787262,18.601146697998047,2201400.0
2023-07-12 04:00:00,19.20295025752631,19.98711689384224,19.148241483110958,19.886816024780273,3182800.0
2023-07-13 04:00:00,20.297136342900664,20.370081955757247,20.023588990318036,20.1512451171875,3112900.0
2023-07-14 04:00:00,20.47038272585665,20.661864306486756,20.288017825023662,20.324491500854492,2314600.0
2023-07-17 04:00:00,20.27890065192802,20.488619083357882,19.996236603515563,20.461265563964844,1452600.0
2023-07-18 04:00:00,20.898936812152844,21.199837664272877,20.762164013763826,21.00835609436035,2702800.0
2023-07-19 04:00:00,21.07218052621056,21.154244542334776,20.835106895091744,21.026588439941406,1878300.0
2023-07-20 04:00:00,21.13601098593484,21.181601340114604,20.58891803997497,20.725690841674805,1996600.0
2023-07-21 04:00:00,20.433910009487754,20.73481089257839,20.40655475133018,20.515974044799805,2119900.0
2023-07-24 04:00:00,20.634509803015987,20.6618650608879,20.196836112029285,20.278900146484375,1319200.0
2023-07-25 04:00:00,20.288017914595756,20.50685475306516,20.26066265760186,20.415672302246094,1480700.0
2023-07-26 04:00:00,20.479498430357914,20.515972104451762,20.169480896362753,20.397436141967773,1401200.0
2023-07-27 04:00:00,20.251545821430284,20.324493179115457,19.604153674420974,19.649744033813477,2516600.0
2023-07-28 04:00:00,20.169481015337556,20.24242662479503,20.01447137784536,20.078298568725586,1274000.0
2023-07-31 04:00:00,20.060066702213227,20.424794839875826,20.023593018866496,20.242431640625,1507900.0
2023-08-01 04:00:00,18.674094263192757,18.86557758371467,18.12700129776519,18.19083023071289,3852500.0
2023-08-02 04:00:00,18.017583559978085,18.16347478401349,17.634618662095008,17.807865142822266,1744200.0
2023-08-03 04:00:00,17.461373967839048,17.68021082628133,17.351956408198284,17.397546768188477,2791500.0
2023-08-04 04:00:00,17.306363590873744,17.671091673142183,17.22429955496826,17.561674118041992,3603800.0
2023-08-07 04:00:00,17.324598032182024,17.361071704941523,16.877805975840793,16.9689884185791,2426200.0
2023-08-08 04:00:00,16.558670614719382,16.823099561775162,16.467488159211847,16.713680267333984,1908900.0
2023-08-09 04:00:00,16.859571243637408,16.859571243637408,16.41277913153382,16.62249755859375,2017700.0
2023-08-10 04:00:00,16.968990275048604,17.032817470200214,16.449252555487607,16.531314849853516,2194200.0
2023-08-11 04:00:00,16.312477726599067,16.412778596777432,16.230413694482333,16.321596145629883,1944600.0
2023-08-14 04:00:00,16.148347854614258,16.23041187754421,16.01157506278447,16.148347854614258,1601300.0
2023-08-15 04:00:00,16.084522282223233,16.230413506707208,15.88392228334791,15.938631057739258,1885000.0
2023-08-16 04:00:00,15.710674879749702,15.756266971699699,15.510074892651152,15.528311729431152,1933900.0
2023-08-17 04:00:00,15.127112202823938,15.25476660041648,14.944747286982539,15.008574485778809,4155900.0
2023-08-18 04:00:00,14.862682914498537,14.926511851019983,14.716791680770898,14.826210975646973,1941800.0
2023-08-21 04:00:00,14.817091941833496,14.871800717422985,14.552663874270142,14.817091941833496,2643000.0
2023-08-22 04:00:00,14.826211250255703,14.862683189782794,14.580019136595123,14.84444808959961,2024900.0
2023-08-23 04:00:00,15.24564687879844,15.692438971379024,15.23652845986897,15.674203872680664,4130500.0
2023-08-24 04:00:00,15.662322040646048,15.991286200210755,15.561806569710514,15.808527946472168,2268200.0
2023-08-25 04:00:00,16.064389153123816,16.137492106036877,15.625771435645458,15.808527946472168,2278600.0
2023-08-28 04:00:00,15.899909049605611,16.082667326059966,15.73542694937911,15.835944175720215,2386100.0
2023-08-29 04:00:00,15.689737261414786,15.954734828344147,15.625772391566732,15.890769958496094,1734100.0
2023-08-30 04:00:00,16.16490748900666,16.329389580206012,15.963873047357673,16.02783966064453,2051400.0
2023-08-31 04:00:00,15.854217457140562,15.91818231934667,15.452150368101309,15.534391403198242,1884800.0
2023-09-01 04:00:00,16.03697791462845,16.091806446830518,15.534395236494968,15.543533325195312,1669200.0
2023-09-05 04:00:00,15.32422258528915,15.415601718409356,15.05922327353175,15.104913711547852,1687300.0
2023-09-06 04:00:00,15.086637438270012,15.516117095357535,15.040947000550922,15.287670135498047,1863800.0
2023-09-07 04:00:00,15.214570067999619,15.305949217882876,15.013537332586308,15.059226036071777,1246900.0
2023-09-08 04:00:00,15.15974039570857,15.47042840055043,15.123188045533297,15.287670135498047,2024000.0
2023-09-11 04:00:00,15.69887630409368,15.81766796348009,15.625773342260791,15.662323951721191,1961800.0
2023-09-12 04:00:00,15.854223190294654,16.265426771565682,15.771982125457967,16.1649112701416,2309300.0
2023-09-13 04:00:00,16.1283540397796,16.292836119773273,15.744563100764994,15.817666053771973,2781200.0
2023-09-14 04:00:00,15.808530885157511,16.12835701719734,15.717153484213734,15.927324295043945,1872100.0
2023-09-15 04:00:00,16.05525392679546,16.448183022305372,16.000427138069856,16.429906845092773,5282700.0
2023-09-18 04:00:00,16.38421811161482,16.804559729175615,16.2288740914484,16.493871688842773,2506300.0
2023-09-19 04:00:00,16.44818314644626,16.493871846910398,16.110080837110164,16.329391479492188,2182800.0
2023-09-20 04:00:00,16.329391345913006,17.087835270633914,16.329391345913006,16.98731803894043,3182400.0
2023-09-21 04:00:00,16.448181107081016,16.87766076409537,16.30197519222881,16.731454849243164,2497100.0
2023-09-22 04:00:00,16.97817799720298,17.06041904223458,16.539560252309105,16.585248947143555,1609100.0
2023-09-25 04:00:00,16.493869776215707,16.795419692993164,16.100942469981796,16.795419692993164,1708100.0
2023-09-26 04:00:00,16.448181178393117,16.658351964040374,16.375078220650074,16.61266326904297,1253000.0
2023-09-27 04:00:00,15.954735959058942,15.954735959058942,15.095776584636225,15.187155723571777,4241900.0
2023-09-28 04:00:00,14.913018245775945,15.132327132577108,14.675433182679992,14.92215633392334,3158900.0
2023-09-29 04:00:00,15.11405175713188,15.150602364531148,14.373882349536778,14.437848091125488,3416500.0
2023-10-02 04:00:00,13.935263654072457,14.063194257079884,13.798195835565595,13.944401741027832,2855700.0
2023-10-03 04:00:00,13.798196799390203,13.935264627471458,13.624576620934217,13.725093841552734,2644800.0
2023-10-04 04:00:00,13.93526553136654,14.273366951159394,13.8438863924145,14.127161026000977,2523100.0
2023-10-05 04:00:00,13.926126499834936,14.227676417911425,13.926126499834936,14.163711547851562,2000900.0
2023-10-06 04:00:00,14.26422881397712,14.73939806910983,14.26422881397712,14.57491683959961,1634700.0
2023-10-09 04:00:00,15.33336158089957,15.973012064795686,15.205430089790667,15.625773429870605,3625500.0
2023-10-10 04:00:00,16.393356270842155,16.82283597884129,16.219736072752212,16.448183059692383,3226100.0
2023-10-11 04:00:00,17.252313712484092,17.44421006586754,17.060419102012638,17.298004150390625,3468000.0
2023-10-12 04:00:00,17.33455467145065,17.535589111413938,16.914213102276474,17.106107711791992,2251900.0
2023-10-13 04:00:00,17.818862915039062,17.98334500542842,17.444210039335303,17.818862915039062,2873800.0
2023-10-16 04:00:00,17.77317619867041,17.782312544342908,16.950765655170738,17.13352394104004,2887400.0
2023-10-17 04:00:00,17.124383965576136,17.44421005915074,17.10610779042056,17.37110710144043,1542900.0
2023-10-18 04:00:00,17.407657722301938,17.444210072641354,16.950763800531156,17.22490119934082,2621600.0
2023-10-19 04:00:00,17.18835073362923,17.261453699411494,16.76800911610924,17.21576499938965,2242300.0
2023-10-20 04:00:00,17.599553964038858,18.147827015265783,17.50817483168237,17.782310485839844,3534800.0
2023-10-23 04:00:00,17.72748576798564,17.773176210940605,17.142662041459626,17.380247116088867,3844300.0
2023-10-24 04:00:00,16.978178076640734,17.151798255065557,16.73145494039156,17.07869529724121,1967100.0
2023-10-25 04:00:00,16.978178069934767,17.380245209265873,16.92335128731616,17.151798248291016,2493500.0
2023-10-26 04:00:00,17.4624843196481,17.626966392189814,17.142658261140536,17.517311096191406,2671300.0
2023-10-27 04:00:00,17.41679580277833,17.544727286002093,17.069557189255537,17.526451110839844,1677000.0
2023-10-30 04:00:00,17.499038716778173,17.526452982449054,17.12438580050369,17.188350677490234,1324600.0
2023-10-31 04:00:00,16.950765765103295,17.11524787486996,16.046115904298826,16.301977157592773,3966900.0
2023-11-01 04:00:00,16.03697405134215,16.14662934641825,15.470426631699002,15.86335563659668,2675200.0
2023-11-02 04:00:00,15.909048035223536,16.14663311085265,15.689739136853325,16.12835693359375,2136700.0
2023-11-03 04:00:00,16.29283889071243,17.91024396184137,16.21059783672878,17.416797637939453,3605000.0
2023-11-06 05:00:00,17.21576497017285,17.526453009948263,17.087835215999036,17.361970901489258,2335700.0
2023-11-07 05:00:00,16.676628151164437,17.215763118498057,16.640075800810703,17.151798248291016,4077900.0
2023-11-08 05:00:00,16.93249120479319,17.371108998967312,16.71318230770613,16.8045597076416,5270400.0
2023-11-09 05:00:00,15.991290184994483,16.00042827424967,15.150605145552568,15.205431938171387,4297900.0
2023-11-10 05:00:00,14.629743523202556,14.821638132947784,14.300779343168465,14.529226303100586,4471200.0
2023-11-13 05:00:00,14.465263399396454,14.574917850494085,14.255092585990019,14.31905746459961,2789400.0
2023-11-14 05:00:00,14.903879268386103,15.790254593764521,14.867328660889424,15.561807632446289,2994900.0
2023-11-15 05:00:00,15.69887734727675,15.808530925856468,15.388189303113874,15.543533325195312,2107100.0
2023-11-16 05:00:00,15.287672109565124,16.027841609983128,15.260259586305931,15.644050598144531,2282600.0
2023-11-17 05:00:00,15.479568447205109,15.817669014556811,15.43387800370339,15.543533325195312,1628200.0
2023-11-20 05:00:00,15.278530211462032,15.616632438295175,15.24197960859216,15.534391403198242,1104900.0
2023-11-21 05:00:00,15.74456403830103,16.45731917974516,15.74456403830103,16.192319869995117,2195600.0
2023-11-22 05:00:00,16.055251062395712,16.128354015291695,15.81766602975579,15.954733848571777,1358600.0
2023-11-24 05:00:00,15.443014139075851,15.744564056396484,15.406463531809827,15.744564056396484,1596500.0
2023-11-27 05:00:00,15.918186087193584,16.548700257876,15.817668855413322,16.512147903442383,2926200.0
2023-11-28 05:00:00,16.850248328031025,18.129550960794717,16.8411102404434,17.837139129638672,4776900.0
2023-11-29 05:00:00,17.754899838439172,18.357999735512546,17.599555819925595,18.16610336303711,3654500.0
2023-11-30 05:00:00,17.764036132546607,17.837139090173878,17.133522033691406,17.590415954589844,3826000.0
2023-12-01 05:00:00,17.581279634198705,18.44024077984131,17.508176669223516,18.321447372436523,2924200.0
2023-12-04 05:00:00,17.36196901386264,17.489898754127687,17.03300483271025,17.37110710144043,3514500.0
2023-12-05 05:00:00,16.932489374904595,17.179210768144323,16.694904326341305,17.151798248291016,2369900.0
2023-12-06 05:00:00,17.160936303009848,17.489898741003397,16.941627430043486,17.0604190826416,1863700.0
2023-12-07 05:00:00,16.81369789021422,16.886800856318587,16.311115216110718,16.448183059692383,1784900.0
2023-12-08 05:00:00,15.552669556575939,16.064390262299426,15.552669556575939,15.872495651245117,2457400.0
2023-12-11 05:00:00,15.278532145515042,15.625772502749474,15.16887858011301,15.561807632446289,2237500.0
2023-12-12 05:00:00,15.260259596541047,15.534395286790106,15.178018540883889,15.406465530395508,2002300.0
2023-12-13 05:00:00,14.69370849873689,16.055252180569756,14.675432323512071,16.02783966064453,3176600.0
2023-12-14 05:00:00,17.087835397713274,17.307144297020045,16.137495091138394,16.4847354888916,3993300.0
2023-12-15 05:00:00,16.41162872314453,16.630939337883586,16.08266628685991,16.41162872314453,3563900.0
2023-12-18 05:00:00,16.292837142944336,16.375078188105814,16.08266635771478,16.292837142944336,1828000.0
2023-12-19 05:00:00,16.59438706125486,17.526451077830256,16.58524897369095,17.20662498474121,2776600.0
2023-12-20 05:00:00,17.224901179974236,17.29800413765889,16.731454908418836,16.758869171142578,4018000.0
2023-12-21 05:00:00,17.325414655781685,17.672654971849425,17.151796240659603,17.25231170654297,1953900.0
2023-12-22 05:00:00,17.77317805242877,17.94679652490976,17.270593585324274,17.325420379638672,1561500.0
2023-12-26 05:00:00,17.361969053244493,17.43507201112062,17.215763137492235,17.38938331604004,804800.0
2023-12-27 05:00:00,17.828002873366994,18.029035592209123,17.736623731016145,17.800588607788086,1262000.0
2023-12-28 05:00:00,17.73662180193555,17.73662180193555,17.17007431822136,17.179210662841797,1410700.0
2023-12-29 05:00:00,17.1609363426576,17.334554778170432,16.978178076640734,17.07869529724121,1296600.0
2024-01-02 05:00:00,17.15179818852046,17.188348795834827,16.667490005493164,16.667490005493164,1337100.0
2024-01-03 05:00:00,16.146631201802506,16.53956025185105,16.091804419420285,16.356801986694336,1715300.0
2024-01-04 05:00:00,16.32025139235815,16.356801999671298,16.027839562205006,16.210596084594727,1425800.0
2024-01-05 05:00:00,15.982151056756075,16.402494420607102,15.92732426770149,16.155771255493164,1597800.0
2024-01-08 05:00:00,15.826806084921035,16.073529235218924,15.73542694670936,15.991288185119629,1073600.0
2024-01-09 05:00:00,15.918184300495446,15.93646047566089,15.653184989332482,15.698875427246094,1290600.0
2024-01-10 05:00:00,15.607496202283754,15.671461072073575,15.470428375175281,15.580081939697266,1339200.0
2024-01-11 05:00:00,15.616635356355102,15.698876406819258,15.278533066345561,15.397326469421387,1207800.0
2024-01-12 05:00:00,16.01870047779728,16.347662894792084,15.845080310856325,15.963871955871582,2000700.0
2024-01-16 05:00:00,15.708012473775794,15.726286904818101,15.040946067743038,15.068360328674316,3108600.0
2024-01-17 05:00:00,14.821639080143221,14.913018218538166,14.574916800806548,14.830777168273926,1708300.0
2024-01-18 05:00:00,14.967846890718826,15.013537337130442,14.711987362463047,14.894743919372559,1283000.0
2024-01-19 05:00:00,14.785088470532502,14.913018218538166,14.657158722526837,14.830777168273926,1509800.0
2024-01-22 05:00:00,14.53836625185382,14.86733047400202,14.437849890339704,14.748537063598633,1104400.0
2024-01-23 05:00:00,15.178017582487673,15.415602645727223,15.004397393406444,15.397326469421387,2387900.0
2024-01-24 05:00:00,16.40249537958134,16.40249537958134,15.63491331629154,15.65318775177002,3417900.0
2024-01-25 05:00:00,15.945600475555363,16.009565353393555,15.762842187807209,16.009565353393555,1197400.0
2024-01-26 05:00:00,16.137496015607308,16.29284004604616,15.954737717592554,15.982151985168457,1048200.0
2024-01-29 05:00:00,16.2745609678169,16.311113318071772,16.027839575244457,16.292837142944336,1154400.0
2024-01-30 05:00:00,16.503009875496222,16.58525093036198,16.09180634407963,16.219736099243164,1182300.0
2024-01-31 05:00:00,16.347665942050785,16.594389107970805,15.95473684289939,16.10094451904297,1618100.0
2024-02-01 05:00:00,16.539560348770074,17.234039320358335,16.475595478463998,17.087833404541016,2919400.0
2024-02-02 05:00:00,16.704044240535357,16.81369781776331,16.311115145825458,16.493871688842773,2120800.0
2024-02-05 05:00:00,16.11921503463393,16.320249451136043,16.05525017226027,16.20145606994629,814600.0
2024-02-06 05:00:00,16.338527701941974,16.503009811030978,16.27456282461007,16.429906845092773,869600.0
2024-02-07 05:00:00,16.42990691278365,16.52128605631093,16.28370098030488,16.301977157592773,1193400.0
2024-02-08 05:00:00,16.183185659032084,16.33852969849771,16.14663504305262,16.31111717224121,942300.0
2024-02-09 05:00:00,16.19231791076321,16.320249377847823,15.881629943847656,15.881629943847656,1363400.0
2024-02-12 05:00:00,15.72628980298101,16.2837010109246,15.698877279909816,16.155771255493164,1235600.0
2024-02-13 05:00:00,15.570947641709827,15.680601220644565,15.324224474738347,15.406465530395508,1663800.0
2024-02-14 05:00:00,15.232843418764475,15.278532113768387,15.068361328091198,15.241981506347656,2040600.0
2024-02-15 05:00:00,15.470428499336597,15.890770071564384,15.369911278624736,15.561807632446289,1901900.0
2024-02-16 05:00:00,15.543532327722923,16.009564364060644,15.4704293657236,15.835944175720215,1536400.0
2024-02-20 05:00:00,16.74973109078594,16.74973109078594,16.146631253899663,16.228872299194336,2359100.0
2024-02-21 05:00:00,16.14663115551594,16.183181762695312,15.88163184608956,16.183181762695312,1298600.0
2024-02-22 05:00:00,16.000426340743953,16.082667391190256,15.543532390669867,15.5526704788208,1984500.0
2024-02-23 05:00:00,16.649215739455148,16.868524637224283,16.110080712180622,16.749732971191406,4367800.0
2024-02-26 05:00:00,16.886798937486926,17.042142940671134,16.64007580132754,16.923351287841797,2555500.0
2024-02-27 05:00:00,17.051278976557832,17.1700723580053,16.713178491017338,16.722314834594727,1953100.0
2024-02-28 05:00:00,16.722320703890087,16.83197603733584,16.402496279074146,16.45732307434082,1451300.0
2024-02-29 05:00:00,17.096971653921774,17.27059185188902,16.786285355381928,17.00559425354004,2168000.0
2024-03-01 05:00:00,17.243177341588307,17.855415265308693,17.07869525119895,17.818862915039062,2109300.0
2024-03-04 05:00:00,18.68696396060124,19.29920194652811,18.485929499516132,19.290063858032227,3366300.0
2024-03-05 05:00:00,20.10333244594148,20.13074670854335,19.58247365688982,19.765230178833008,4680000.0
2024-03-06 05:00:00,19.710407155817755,20.13075054799004,19.417995270608674,20.0759220123291,3218500.0
2024-03-07 05:00:00,20.276954537459776,20.487125341845502,20.057645644677432,20.222126007080078,2247500.0
2024-03-08 05:00:00,20.359195695638647,20.496263536474014,19.99367912952813,20.43229866027832,2619900.0
2024-03-11 04:00:00,20.304365249258833,21.090223352173755,20.304365249258833,20.88005256652832,2263900.0
2024-03-12 04:00:00,20.057643831118398,20.35005566172242,19.847471302823767,20.258676528930664,2273100.0
2024-03-13 04:00:00,20.461451070387213,21.383138023864504,20.43379982891069,21.078981399536133,1910800.0
2024-03-14 04:00:00,20.69791994668931,20.790861116323512,20.288979863922037,20.614273071289062,2112800.0
2024-03-15 04:00:00,20.80015406274695,20.911683823127344,20.437685443745142,20.456274032592773,3123300.0
2024-03-18 04:00:00,19.85216141847125,19.926514009927093,19.322398982760184,19.675573348999023,2395200.0
2024-03-19 04:00:00,19.062161442867563,19.248042009962457,18.6346327704091,18.83910369873047,2556700.0
2024-03-20 04:00:00,18.969221111158248,20.038040180474134,18.866985642480095,19.768512725830078,3287500.0
2024-03-21 04:00:00,19.98227585453456,20.270391893754052,19.368866598025747,19.666276931762695,2785400.0
2024-03-22 04:00:00,19.127220570150936,19.787101309992366,19.015690806830747,19.5919246673584,1851600.0
2024-03-25 04:00:00,19.78710268383031,20.43768740146822,19.76851409320208,19.833572387695312,2350800.0
2024-03-26 04:00:00,20.363333818977246,20.363333818977246,19.731335950070992,19.880041122436523,1971800.0
2024-03-27 04:00:00,19.907924508676224,20.57709780118351,19.86145480590557,20.437686920166016,1357200.0
2024-03-28 04:00:00,20.69792229271953,20.80945029075755,20.288982163600455,20.632863998413086,1857500.0
2024-04-01 04:00:00,21.190504910369548,21.264857490757656,20.419096224078423,20.604978561401367,1666700.0
2024-04-02 04:00:00,20.99533153904879,21.218389296015847,20.930273248188254,21.209095001220703,2626100.0
2024-04-03 04:00:00,21.116155699295785,21.68309532315739,21.00462769727078,21.562273025512695,2580900.0
2024-04-04 04:00:00,21.72027047412848,22.05485622161515,21.43215265498282,21.469329833984375,2418100.0
2024-04-05 04:00:00,21.85038683347479,22.41732639855668,21.543682200646405,22.259326934814453,2981000.0
2024-04-08 04:00:00,22.50097301218787,22.658972486513058,21.878271182871295,21.887563705444336,2830300.0
2024-04-09 04:00:00,22.73332342706589,22.78908919469254,21.450740907645365,21.813209533691406,2442800.0
2024-04-10 04:00:00,21.478622969041407,21.943327045237332,21.29274062948089,21.413564682006836,2698500.0
2024-04-11 04:00:00,21.748151761935794,22.56603197954401,21.54368259388648,22.547443389892578,3782000.0
2024-04-12 04:00:00,23.430381597687475,23.69991084644772,21.91544690004226,22.1663875579834,5165800.0
2024-04-15 04:00:00,22.900618280463323,23.021442343397762,22.008387228203695,22.129209518432617,3863100.0
2024-04-16 04:00:00,21.934033938944502,21.999092229502654,21.422858363820296,21.645917892456055,2911000.0
2024-04-17 04:00:00,22.09203496741257,22.714738578207854,21.859682900290533,22.1663875579834,2984300.0
2024-04-18 04:00:00,22.296501246385052,22.352265238879014,21.75744459172913,22.036266326904297,2051000.0
2024-04-19 04:00:00,21.5994495972045,22.166389251564002,21.552979889311903,22.157094955444336,3024500.0
2024-04-22 04:00:00,20.735096210890443,20.846625973618163,20.121686947651582,20.474863052368164,4175800.0
2024-04-23 04:00:00,20.326157567494324,20.893095348811727,20.251804984401613,20.54921531677246,2356100.0
2024-04-24 04:00:00,20.1867468042429,20.474864641693554,20.13098280490318,20.372629165649414,1693100.0
2024-04-25 04:00:00,20.437689242124442,21.357803288622158,20.354042349469584,21.17192268371582,2250000.0
2024-04-26 04:00:00,21.868977195700086,22.194268671506464,21.72956453726239,22.1663875579834,2449300.0
2024-04-29 04:00:00,22.584619907726655,23.272383577026012,22.445209023892403,23.04932403564453,3549300.0
2024-04-30 04:00:00,21.57156320320372,22.01768048091953,21.292741455748597,21.367094039916992,2853600.0
2024-05-01 04:00:00,21.525093279245183,22.370854580138857,21.348505228915226,21.80391502380371,2027700.0
2024-05-02 04:00:00,21.199801319893393,21.571564258929683,21.004626441663913,21.506505966186523,1419000.0
2024-05-03 04:00:00,21.394977677100286,21.590152552650242,20.8652152746584,21.487918853759766,1619300.0
2024-05-06 04:00:00,22.175683547683665,22.50097504834332,22.045565174714078,22.157094955444336,1372900.0
2024-05-07 04:00:00,21.822503938713318,21.980503402377398,21.683093064352178,21.906150817871094,1358500.0
2024-05-08 04:00:00,21.422861809771845,22.073448365413704,21.376392101242747,21.720273971557617,1012400.0
2024-05-09 04:00:00,22.07344259912262,22.473088369813265,21.961912845999883,22.342971801757812,1387200.0
2024-05-10 04:00:00,23.160853079805555,23.30955825425812,22.64967926421306,22.658971786499023,1809000.0
2024-05-13 04:00:00,22.593911612265842,22.854146532233873,22.287206993916726,22.566030502319336,1169900.0
2024-05-14 04:00:00,22.54744497053293,22.668267266326268,22.27791571980883,22.621797561645508,770800.0
2024-05-15 04:00:00,22.85414768837588,23.272382085784685,22.43591329096707,23.06791114807129,1217800.0
2024-05-16 04:00:00,23.012147147805802,23.021441442491312,22.528854460391944,22.89132308959961,1802700.0
2024-05-17 04:00:00,23.374614201148784,23.681318814271492,23.18873363808658,23.616260528564453,1661000.0
2024-05-20 04:00:00,23.867202549911124,24.09955459689592,23.737085970865376,24.034496307373047,1294200.0
2024-05-21 04:00:00,24.080966101191954,24.173907274887842,23.43967395266632,23.597673416137695,1641600.0
2024-05-22 04:00:00,23.39320395782206,23.55120341930538,22.73332322831922,22.956382751464844,1337700.0
2024-05-23 04:00:00,22.844853643186024,22.947089113159276,21.9154454367542,22.008386611938477,2690900.0
2024-05-24 04:00:00,22.435914345516586,22.705443586005423,22.389444642600495,22.584619522094727,1207400.0
2024-05-28 04:00:00,23.095794032133693,23.235204907034813,22.928500273170172,23.06791114807129,1064200.0
2024-05-29 04:00:00,22.71473586915037,22.9470879085611,22.34297296063428,22.39873695373535,1107900.0
2024-05-30 04:00:00,22.305797543486506,23.39320524463969,22.250033545985335,22.92850112915039,1896300.0
2024-05-31 04:00:00,22.64038510577296,22.87273716384467,22.036268336622104,22.482385635375977,2209200.0
2024-06-03 04:00:00,22.742616970713073,22.900616428360593,22.361559768040593,22.668264389038086,1209200.0
2024-06-04 04:00:00,21.887562980419617,21.943328750244017,21.25556687675928,21.850387573242188,2188300.0
2024-06-05 04:00:00,21.87827193881416,21.999094236199596,21.4042734994609,21.83180046081543,1539600.0
2024-06-06 04:00:00,21.999091580609527,23.02144092799689,21.999091580609527,22.863441467285156,1575700.0
2024-06-07 04:00:00,21.776035676582975,21.878271151796877,21.013921191875315,21.25556755065918,3265500.0
2024-06-10 04:00:00,21.134739762212185,21.144034055840482,20.56780025982287,20.995328903198242,1983700.0
2024-06-11 04:00:00,20.837333035209195,20.986038213387765,20.586392382268283,20.809450149536133,1521000.0
2024-06-12 04:00:00,22.017678961572116,22.13850123774378,21.432150850533574,21.655208587646484,2514000.0
2024-06-13 04:00:00,21.506505038533813,21.664504502397342,20.86521466112194,21.013919830322266,1969200.0
2024-06-14 04:00:00,21.627329840946782,21.664505248173864,21.106859958123586,21.404272079467773,1384400.0
2024-06-17 04:00:00,21.162624245566548,21.478623162035586,20.76297845281421,21.069683074951172,1333300.0
2024-06-18 04:00:00,21.16262594296893,21.478624884783468,20.99533217698411,21.23697853088379,2161600.0
2024-06-20 04:00:00,21.859682160358254,22.129209627289626,21.664505508775406,22.045562744140625,2155900.0
2024-06-21 04:00:00,22.482386181375475,22.482386181375475,21.97121057758017,22.240739822387695,5795800.0
2024-06-24 04:00:00,22.62179588931609,22.761206765757944,22.17568037561997,22.184974670410156,1196200.0
2024-06-25 04:00:00,22.398740226042488,22.658973413669404,22.38944593038358,22.46379852294922,1355100.0
2024-06-26 04:00:00,22.287207408533344,22.984263533449397,22.268618819752955,22.85414695739746,1355900.0
2024-06-27 04:00:00,23.244500469812056,23.430381055585666,23.095795292110946,23.216617584228516,1333200.0
2024-06-28 04:00:00,23.588379656304404,23.65343972026041,23.253793905200947,23.356027603149414,1334800.0
2024-07-01 04:00:00,23.47685136630974,23.774261706950313,23.318851901256256,23.337440490722656,1072200.0
2024-07-02 04:00:00,23.225913102317442,23.876499618543736,23.216618806633566,23.7185001373291,1194200.0
2024-07-03 04:00:00,24.07167201344214,24.536376113210157,24.043790901987553,24.229671478271484,1177300.0
2024-07-05 04:00:00,25.679549246496098,27.02719192222347,25.37284459396094,26.79483985900879,3953400.0
2024-07-08 04:00:00,26.19072331381135,26.41378106869645,25.837547205714188,26.274370193481445,1577300.0
2024-07-09 04:00:00,26.116372514299986,26.47884116918032,26.107078218956186,26.35801887512207,1051700.0
2024-07-10 04:00:00,26.581076068646276,27.04578018952224,26.581076068646276,26.692604064941406,1460600.0
2024-07-11 04:00:00,27.250246348041898,27.27812923038193,26.63683711820398,26.999305725097656,1520700.0
2024-07-12 04:00:00,26.75766316708731,27.185190091994404,26.65542769691149,27.092248916625977,1449800.0
2024-07-15 04:00:00,26.655427694393854,27.278131264786374,26.339428761794334,26.915660858154297,1477600.0
2024-07-16 04:00:00,27.296719627135378,27.714952253713506,26.869190933122656,27.705657958984375,1949500.0
2024-07-17 04:00:00,27.86365734981375,27.965892818856645,26.72977998645933,26.89707374572754,1455400.0
2024-07-18 04:00:00,27.045778361937973,27.101542356317356,26.48813310002788,26.60895538330078,1304300.0
2024-07-19 04:00:00,25.78178289003579,26.413780740715417,25.716724600590315,26.172134399414062,874600.0
2024-07-22 04:00:00,25.74460978248443,26.330136212466655,25.60519712385027,26.190725326538086,972400.0
2024-07-23 04:00:00,26.13496100901906,26.283666188562663,25.865431763155296,26.088489532470703,686700.0
2024-07-24 04:00:00,26.088489247904505,26.49742937354159,25.68884341747571,25.716726303100586,632800.0
2024-07-25 04:00:00,24.92672531048689,25.307782495053356,24.610726410206606,25.186960220336914,867800.0
2024-07-26 04:00:00,25.4750803143825,25.57731579044733,25.159081363550815,25.196258544921875,1020800.0
2024-07-29 04:00:00,25.344962319939903,25.521548603546236,25.010374796971302,25.224138259887695,898800.0
2024-07-30 04:00:00,25.41931418082629,25.54013646472684,25.01966837816956,25.363550186157227,688900.0
2024-07-31 04:00:00,26.934251127345057,26.943545422731148,25.49366902390723,26.0977840423584,1962500.0
2024-08-01 04:00:00,26.2836653521346,26.571781406743387,25.65166747283364,25.781784057617188,1127700.0
2024-08-02 04:00:00,26.478839142644404,26.627544311353034,25.131198329634284,25.465784072875977,1455000.0
2024-08-05 04:00:00,23.77426134931522,24.89884617723895,23.281674372098326,24.750139236450195,1597400.0
2024-08-06 04:00:00,25.56802141097612,26.209313605872158,25.42861052670452,25.911901473999023,1528300.0
2024-08-07 04:00:00,26.190724722490163,26.246488721034364,25.177669589958516,25.716726303100586,1455800.0
2024-08-08 04:00:00,25.911901937914013,27.770718488696257,25.846843642269533,27.63130760192871,3484400.0
2024-08-09 04:00:00,28.00306808195353,28.0588338498951,27.22236683053146,27.69636344909668,1524100.0
2024-08-12 04:00:00,27.65918847009996,27.919423406394397,27.23165977280949,27.53836441040039,1630700.0
2024-08-13 04:00:00,27.194484458043895,29.13694776024028,27.194484458043895,28.60718536376953,2934000.0
2024-08-14 04:00:00,28.188953228616686,28.7930682596572,28.105306341104317,28.71871566772461,2373200.0
2024-08-15 04:00:00,28.90459570330827,28.90459570330827,28.19824525054943,28.254009246826172,1781500.0
2024-08-16 04:00:00,28.570008453681027,29.415769791579265,28.570008453681027,29.248476028442383,2167600.0
2024-08-19 04:00:00,28.644362301096066,29.443653972283553,28.59789259715959,29.304243087768555,1181200.0
2024-08-20 04:00:00,29.741063961738433,30.05706290814835,29.443653605753937,29.824710845947266,1373600.0
2024-08-21 04:00:00,29.66671104747542,30.27082604803358,29.508711576002774,30.075651168823242,1897000.0
2024-08-22 04:00:00,29.081184064124738,29.19271205784581,28.504950187547546,28.62577247619629,2411600.0
2024-08-23 04:00:00,28.904597908877314,29.155538570328936,28.477069177585033,28.97895050048828,1377900.0
2024-08-26 04:00:00,29.18341808713621,29.248476379647197,28.92318491709228,29.08118438720703,765000.0
2024-08-27 04:00:00,28.309773352960452,28.579302585970677,28.1331870686146,28.52353858947754,1061400.0
2024-08-28 04:00:00,27.464012571413427,27.863658395168585,27.343190281134333,27.835777282714844,1724400.0
2024-08-29 04:00:00,28.151774404576404,28.53283161360209,28.00306746604172,28.374832153320312,876700.0
2024-08-30 04:00:00,28.065903109250385,28.234411154675197,27.597825998880342,27.77569580078125,979800.0
2024-09-03 04:00:00,27.129746402539546,27.204638661913275,26.50252306069493,26.970600128173828,1264300.0
2024-09-04 04:00:00,26.708478927612305,27.054854968188742,26.59613964233983,26.708478927612305,1290500.0
2024-09-05 04:00:00,27.21400261244813,27.466764677810346,27.026772841699138,27.0361328125,1175400.0
2024-09-06 04:00:00,27.382509783855674,27.52293255383789,26.50252435408944,26.69911766052246,1222200.0
2024-09-09 04:00:00,27.1484723262912,27.17655759564173,26.61486470763845,26.961240768432617,1047900.0
2024-09-10 04:00:00,25.44467140946246,25.697433471679688,24.742555760351784,25.697433471679688,4366200.0
2024-09-11 04:00:00,25.04212348189143,25.66934683304768,24.948507709891388,25.650623321533203,2243100.0
2024-09-12 04:00:00,25.341693495123696,26.352739943216147,25.32296998289159,26.165510177612305,3475300.0
2024-09-13 04:00:00,26.73656219254128,26.830177965245745,26.21231636519759,26.783370971679688,3260600.0
2024-09-16 04:00:00,26.55869483947754,26.755286359960188,26.0999777205399,26.55869483947754,1691500.0
2024-09-17 04:00:00,26.305933218993182,26.446355991034633,25.734878589042534,25.875301361083984,2147300.0
2024-09-18 04:00:00,25.9408314960059,26.867625706412817,25.46339443504432,25.5289249420166,1800800.0
2024-09-19 04:00:00,26.165509678594656,26.20295491677232,25.575731553538155,25.81913185119629,1756100.0
2024-09-20 04:00:00,26.277847460258567,26.315294484409836,25.92210965868345,26.240402221679688,3178900.0
2024-09-23 04:00:00,26.764647187792114,27.2327242609811,26.605500911484963,26.71784019470215,2567800.0
2024-09-24 04:00:00,26.549331087369026,27.008046386246797,26.118699268978872,26.914430618286133,1969400.0
2024-09-25 04:00:00,27.01740884794523,27.260809136777528,26.745923292318793,26.830177307128906,2317000.0
2024-09-26 04:00:00,26.858263180883473,27.588462278309578,26.65230812421675,27.279531478881836,2787700.0
2024-09-27 04:00:00,26.774010770948482,26.933157058117946,25.884663556959282,25.90338706970215,2172200.0
2024-09-30 04:00:00,25.248079267297104,25.248079267297104,24.789363902924702,24.929786682128906,3007400.0
2024-10-01 04:00:00,25.650625406974488,25.847218722715198,25.276164074102283,25.43531036376953,3009100.0
2024-10-02 04:00:00,25.51020038696175,25.58509264695012,25.16382256853283,25.229354858398438,1746100.0
2024-10-03 04:00:00,24.751915406085374,24.864252900443834,24.48979160996184,24.602130889892578,2406400.0
2024-10-04 04:00:00,24.583409823611984,24.8642553730084,24.40554002335561,24.55532455444336,2780500.0
2024-10-07 04:00:00,24.527240483020666,24.583409234439305,24.17150089103367,24.28384017944336,2469500.0
2024-10-08 04:00:00,23.647254512617625,23.984270584689845,23.61916924475415,23.97490882873535,2272500.0
2024-10-09 04:00:00,23.768953126530466,24.20894671663899,23.712784377893836,24.1995849609375,1118700.0
2024-10-10 04:00:00,24.471070570938306,25.229356769529836,24.368094821636554,25.05148696899414,3056900.0
2024-10-11 04:00:00,25.60381791746544,25.68807193893762,25.21063307911942,25.444671630859375,3432600.0
2024-10-14 04:00:00,25.173183742955736,25.594453811645508,25.107653240175612,25.594453811645508,1490100.0
2024-10-15 04:00:00,25.54764952400075,25.922110854932075,25.43531023193512,25.791048049926758,2198200.0
2024-10-16 04:00:00,26.174871394163347,26.502525731532973,25.978279863085067,26.212318420410156,3457000.0
2024-10-17 04:00:00,27.036131199253237,27.644632828202397,26.811454416417444,27.635271072387695,3742900.0
2024-10-18 04:00:00,27.68207919408583,28.70248740703502,27.61654868628454,28.393556594848633,3000600.0
2024-10-21 04:00:00,29.01141634190299,29.09567035664472,28.47780877225355,28.71184730529785,2700800.0
2024-10-22 04:00:00,28.73057165109759,29.451408996779307,28.693124627647965,29.442049026489258,2321000.0
2024-10-23 04:00:00,28.393555167021965,28.68376245222221,27.934839849907924,28.206323623657227,1687300.0
2024-10-24 04:00:00,28.524618554744254,28.533980311250414,27.55101909054577,28.056541442871094,2125700.0
2024-10-25 04:00:00,27.756971309253906,27.95356461717609,27.457402254870015,27.616548538208008,1564100.0
2024-10-28 04:00:00,27.139106618726245,27.401230404451816,26.81145233296233,26.858261108398438,2654300.0
2024-10-29 04:00:00,26.961241292568964,27.401234926418528,26.74592624674652,27.270172119140625,4702900.0
2024-10-30 04:00:00,27.354422670684357,27.354422670684357,26.652307082555755,26.802091598510742,2491400.0
2024-10-31 04:00:00,26.502526236883067,26.502526236883067,25.706794769690255,26.025087356567383,2614700.0
2024-11-01 04:00:00,26.4838016212722,26.530608614297062,25.510200453318536,25.54764747619629,1855200.0
2024-11-04 05:00:00,25.585092534080054,25.678708305045607,24.97659270116243,25.407222747802734,1703100.0
2024-11-05 05:00:00,25.622538740798298,25.828492001906508,25.219992188365303,25.388500213623047,1592400.0
2024-11-06 05:00:00,23.89065311524679,24.76127671593207,23.759590326757532,24.574045181274414,2635700.0
2024-11-07 05:00:00,26.06253071646169,26.343376236862266,25.416583876853647,25.809768676757812,3019100.0
2024-11-08 05:00:00,25.94083279978146,26.015726852168093,25.257440641905827,25.894025802612305,1854800.0
2024-11-11 05:00:00,24.340006799914196,24.45234607848867,23.27279168853185,23.5068302154541,2906700.0
2024-11-12 05:00:00,22.60812060782279,23.132366391107496,22.533228353067834,23.05747413635254,3078000.0
2024-11-13 05:00:00,23.1604545792375,23.235346843444372,22.570678221804933,22.580039978027344,1900800.0
2024-11-14 05:00:00,21.79366824858303,22.589397810885984,21.625160223671543,22.477060317993164,3081000.0
2024-11-15 05:00:00,22.617484498915637,22.77663077849662,22.205576166075613,22.30855369567871,1485000.0
2024-11-18 05:00:00,23.32896352809811,23.385132282046342,23.04811797278447,23.235347747802734,2640200.0
2024-11-19 05:00:00,23.684699960578108,23.74087049680242,23.001307840000496,23.54427719116211,3296900.0
2024-11-20 05:00:00,22.973222732543945,23.17917599408199,22.486422166466095,22.973222732543945,5592400.0
2024-11-21 05:00:00,23.59108543395996,23.59108543395996,22.860884549828906,23.59108543395996,6510700.0
2024-11-22 05:00:00,24.021713993892664,24.545959788420884,23.881291236411993,24.29319953918457,3615500.0
2024-11-25 05:00:00,23.974908494887575,23.974908494887575,23.497469661291003,23.59108543395996,3785100.0
2024-11-26 05:00:00,23.68470001220703,23.843846294044713,23.403854472762834,23.68470001220703,5430600.0
2024-11-27 05:00:00,23.722146103098456,24.068522135746758,22.804715472399522,23.20726203918457,13383100.0
2024-11-29 05:00:00,23.52555670580379,23.675343036100553,23.31960340320125,23.347688674926758,8113900.0
2024-12-02 05:00:00,23.169813411271075,23.272790931148716,22.9451366470062,23.05747413635254,4379300.0
2024-12-03 05:00:00,23.871929673798824,24.527238261426124,23.76895215088167,24.040437698364258,4812000.0
2024-12-04 05:00:00,24.48979224539447,24.48979224539447,23.825123660739422,24.1995849609375,5458400.0
2024-12-05 05:00:00,24.096607914516685,24.115331426293203,23.740870118624684,24.012353897094727,5323700.0
2024-12-06 05:00:00,23.55363862231239,23.768953651485134,23.263431331445982,23.33832359313965,2464500.0
2024-12-09 05:00:00,24.5085156888214,24.564684437302244,23.853207076113065,23.88129234313965,4054000.0
2024-12-10 05:00:00,24.143416917705327,24.283839686185832,23.92810010142468,24.115331649780273,1990900.0
2024-12-11 05:00:00,24.545960397121213,25.482114517637125,24.517876916271998,25.416584014892578,3276400.0
2024-12-12 05:00:00,24.658297595309456,25.042120609468626,24.059159580148243,24.105966567993164,6016300.0
2024-12-13 05:00:00,23.778318794615515,23.778318794615515,23.113650100598704,23.347688674926758,2962300.0
2024-12-16 05:00:00,23.1979008142732,23.23534605231547,22.870246499934616,22.98258399963379,3342400.0
2024-12-17 05:00:00,22.439615420263586,22.598761704899744,21.97153832257753,22.580039978027344,3543400.0
2024-12-18 05:00:00,22.56131562685353,22.56131562685353,21.60643795453468,21.671968460083008,2707800.0
2024-12-19 05:00:00,21.793669724709623,22.10260052944773,21.597076420473165,21.774946212768555,2274600.0
2024-12-20 05:00:00,22.046430153599523,22.448976735391582,21.97153789086419,22.37408447265625,5970200.0
2024-12-23 05:00:00,21.849835517536594,22.224296777811897,21.71877452283327,22.149404525756836,1627100.0
2024-12-24 05:00:00,22.31791490602177,22.37408365462656,21.887283071858853,22.177492141723633,756800.0
2024-12-26 05:00:00,22.233661428504117,22.346000714005243,22.074515148961403,22.13068389892578,832200.0
2024-12-27 05:00:00,21.503458281003514,21.840474316582146,21.437927781990375,21.784305572509766,1737500.0
2024-12-30 05:00:00,21.363035480137697,21.606435751335173,21.016659475967106,21.428565979003906,1368400.0
2024-12-31 05:00:00,21.316232278664753,21.625163103620512,21.316232278664753,21.6064395904541,1573100.0
2025-01-02 05:00:00,22.205575322407192,22.83279866097565,22.205575322407192,22.785991668701172,2497500.0
2025-01-03 05:00:00,22.598761978286188,22.65493251630018,22.289831161499023,22.289831161499023,1692300.0
2025-01-06 05:00:00,22.51450686032808,22.6174843894327,22.027708053588867,22.027708053588867,1671200.0
2025-01-07 05:00:00,22.70173977103392,23.31023965520487,22.6923780145916,22.88897132873535,2178400.0
2025-01-08 05:00:00,23.235346818426013,23.60980813905718,23.03875529468431,23.572362899780273,2459400.0
2025-01-10 05:00:00,24.452348047622745,24.564685549671438,24.162138965256748,24.321285247802734,3204800.0
2025-01-13 05:00:00,23.900017494800704,24.15277777309814,23.647255430930823,23.815763473510742,2491900.0
2025-01-14 05:00:00,24.124691702121,24.92042304808086,24.096606436179272,24.714468002319336,3618900.0
2025-01-15 05:00:00,25.21999483545771,25.45403338719767,24.73319421930122,25.444671630859375,3403700.0
2025-01-16 05:00:00,25.85657903323476,25.85657903323476,25.154463403774685,25.248077392578125,2769600.0
2025-01-17 05:00:00,25.276161917049556,25.75360074530695,25.070208647938895,25.54764747619629,2535700.0
2025-01-21 05:00:00,26.13742429933551,26.380824595955815,25.959554508425985,26.174869537353516,2168200.0
2025-01-22 05:00:00,26.923794567288542,26.923794567288542,26.12806315314809,26.165510177612305,2044600.0
2025-01-23 05:00:00,26.202953338623047,26.259122085292805,25.688069292077017,26.202953338623047,1839500.0
2025-01-24 05:00:00,26.802094617590537,26.848903400081845,26.259125239698708,26.42763328552246,1843100.0
2025-01-27 05:00:00,26.37146230030241,26.37146230030241,25.978277488512838,26.221677780151367,1748200.0
2025-01-28 05:00:00,26.165511466627564,26.45571877823233,25.725517835359298,26.352741241455078,1915400.0
2025-01-29 05:00:00,26.324656393357383,26.736562947979625,26.23104061800782,26.661670684814453,1313700.0
2025-01-30 05:00:00,27.448039854660728,28.075263217148972,27.429316342807976,28.019094467163086,2982700.0
2025-01-31 05:00:00,28.299939179032435,28.533977713663347,28.065900644401527,28.28121566772461,3343100.0
2025-02-03 05:00:00,28.768016133728466,29.56374750541911,28.515254088796326,29.208009719848633,3384200.0
2025-02-04 05:00:00,29.04886529386388,29.273542086242106,28.7867414766364,28.889719009399414,2156100.0
2025-02-05 05:00:00,29.470132454857307,30.162888102835442,29.395240193666748,29.938209533691406,2739800.0
2025-02-06 05:00:00,29.741617407863878,29.741617407863878,29.076947041049564,29.488855361938477,1876200.0
2025-02-07 05:00:00,29.82587114646179,29.947570397682554,29.26417831147391,29.423324584960938,1753600.0
2025-02-10 05:00:00,30.893087597941786,31.464142212802052,30.668409025925794,31.45477867126465,3366700.0
2025-02-11 05:00:00,31.03351037564133,31.613924927674216,30.930532851492284,31.27690887451172,2475000.0
2025-02-12 05:00:00,30.687131898252627,31.492225038741214,30.61224142323805,31.042871475219727,2411400.0
2025-02-13 05:00:00,30.818192814055504,31.211379412905107,30.481180320798988,31.117765426635742,1247600.0
2025-02-14 05:00:00,31.436059178732602,31.46414266145577,30.003740850389512,30.134801864624023,1911800.0
2025-02-18 05:00:00,29.928848587173736,30.134801864624023,29.657364802606192,30.134801864624023,2153000.0
2025-02-19 05:00:00,27.43867702125064,29.123755524807585,27.401231784587935,29.067584991455078,5126900.0
2025-02-20 05:00:00,29.545024669059302,30.94925768890064,29.545024669059302,29.975656509399414,3740900.0
2025-02-21 05:00:00,29.339069494139856,29.91948403339625,29.15183796082166,29.619915008544922,2709900.0
2025-02-24 05:00:00,30.003739936276872,30.05991047115668,29.189286821815482,29.835233688354492,1667300.0
2025-02-25 05:00:00,29.554386728360253,29.554386728360253,28.477809794813986,28.833547592163086,2391700.0
2025-02-26 05:00:00,28.187603837963415,29.067587509859898,28.131433299744312,29.0582275390625,1485800.0
2025-02-27 05:00:00,28.009732369546494,28.178240403020897,27.39187077052191,27.457401275634766,2619200.0
2025-02-28 05:00:00,26.848901961576022,27.597824585586523,26.63358693036955,27.588462829589844,3076000.0
2025-03-03 05:00:00,28.48717267208954,28.768018218653182,27.410595696165654,27.644634246826172,2666700.0
2025-03-04 05:00:00,28.505893310407338,28.796100584004257,27.682076695227856,28.44036102294922,2450000.0
2025-03-05 05:00:00,28.262494990654915,29.339071932788496,28.1782409722158,29.292264938354492,1602600.0
2025-03-06 05:00:00,29.06758734056929,29.81651177564347,28.805465306029905,28.917802810668945,1839500.0
2025-03-07 05:00:00,29.844594138449857,30.48118104498323,29.301624791554715,29.47013282775879,3543600.0
2025-03-10 04:00:00,29.47013315807991,29.526303694492448,28.26249519436865,28.68376350402832,2984200.0
2025-03-11 04:00:00,29.423327548675445,30.12544321673901,29.348435282171565,30.041189193725586,2898000.0
2025-03-12 04:00:00,29.226731616968223,29.807147969598265,28.964609600454022,29.6292781829834,1652800.0
2025-03-13 04:00:00,29.657362729185035,30.73394139280755,29.56374696031713,30.387561798095703,2665100.0
2025-03-14 04:00:00,30.94232438561905,31.133622338513682,30.60755570458217,30.827547073364258,2843500.0
2025-03-17 04:00:00,31.047541336610703,31.99446428493004,31.01884791804825,31.554481506347656,3019600.0
2025-03-18 04:00:00,33.23788872620235,33.23788872620235,32.472700650735725,32.70225524902344,3246300.0
2025-03-19 04:00:00,33.572662046527576,34.060472021086305,33.209199940481724,33.974388122558594,3534800.0
2025-03-20 04:00:00,34.12742857140735,35.09347804675911,34.031781409029875,34.911746978759766,5270700.0
2025-03-21 04:00:00,34.24220177980705,34.624797680736485,33.61092109736693,33.92656326293945,2673700.0
2025-03-24 04:00:00,33.90743224903222,34.01264630157314,33.18050078531572,33.34310531616211,2185000.0
2025-03-25 04:00:00,34.117861422644566,34.58654127184479,33.99352084218163,34.070037841796875,1790800.0
2025-03-26 04:00:00,33.89786476678239,34.18481350471051,33.82134777905173,34.01264572143555,1049500.0
2025-03-27 04:00:00,34.28046547574871,34.77783873645876,34.060474088095184,34.60567092895508,1400100.0
2025-03-28 04:00:00,36.1073520089828,36.49951118286725,35.05521870793818,35.37085723876953,3928100.0
2025-03-31 04:00:00,35.7725793141976,35.90648677585031,35.03608462640301,35.5047607421875,3478000.0
2025-04-01 04:00:00,36.3464675424525,36.9490547365041,35.77257740915873,35.84909439086914,3951200.0
2025-04-02 04:00:00,35.782143776904014,36.04039545396726,35.10303954205521,35.96387481689453,2683300.0
2025-04-03 04:00:00,33.888300604418816,36.03082728539061,33.86917044582206,35.361289978027344,2771500.0
2025-04-04 04:00:00,33.81178116280358,33.98394894754328,31.650124246978663,32.09010696411133,4230700.0
2025-04-07 04:00:00,31.430133646514363,33.410059570072434,30.52147112707206,31.908376693725586,3234300.0
2025-04-08 04:00:00,32.845733060769206,33.11354800314722,31.43969731587475,31.717079162597656,2588400.0
2025-04-09 04:00:00,34.710879776955714,35.380420744527655,33.41962141477311,34.83522033691406,6360700.0
2025-04-10 04:00:00,35.91604993120817,37.609030653203995,35.71518873928613,37.159481048583984,4087900.0
2025-04-11 04:00:00,39.9237336344979,41.348895959294694,39.56983113079498,40.928043365478516,6975300.0
2025-04-14 04:00:00,39.83764402225587,41.081075113201784,39.66547624749518,40.71760940551758,4597000.0
2025-04-15 04:00:00,41.92279052734375,42.15234516456695,40.87065355250436,41.92279052734375,3393700.0
2025-04-16 04:00:00,44.59138143488556,44.859200026854914,43.089698533801666,43.63489532470703,4591300.0
2025-04-17 04:00:00,42.10451763741049,42.448853209659504,41.0810778247286,41.36802291870117,5485000.0
2025-04-21 04:00:00,42.96535035633496,43.2809924949693,41.702789099206804,42.24798583984375,3855000.0
2025-04-22 04:00:00,42.43928329463349,42.43928329463349,40.76543277506004,41.2628059387207,5782700.0
2025-04-23 04:00:00,38.249881669541935,38.919419036771444,37.77163860797515,38.80464172363281,7450900.0
2025-04-24 04:00:00,38.862032013982514,38.96724607080405,38.21162116154477,38.79507827758789,2524500.0
2025-04-25 04:00:00,37.36034661686091,37.962930204363296,37.36034661686091,37.87684631347656,2556300.0
2025-04-28 04:00:00,38.058582415163656,39.455051231548694,37.71424683880463,39.44548797607422,2575000.0
2025-04-29 04:00:00,39.101156672349994,39.39766505762189,38.51769950962039,38.90985870361328,1689400.0
2025-04-30 04:00:00,39.177666930953144,40.478488516138306,39.03419621561059,40.3254508972168,2837600.0
2025-05-01 04:00:00,38.42204549589099,38.97680919408083,37.65685733347825,38.09684371948242,2059500.0
2025-05-02 04:00:00,38.91941639163633,39.072454014988395,37.857719932027834,38.431610107421875,2162000.0
2025-05-05 04:00:00,40.784567059100844,40.79413396345509,39.875904526809464,40.30632400512695,1940100.0
2025-05-06 04:00:00,41.72192425876924,42.21929748766867,41.10021045917374,42.15234375,2859000.0
2025-05-07 04:00:00,41.04282116413131,41.87496310543419,40.937607102265574,41.77931594848633,2322500.0
2025-05-08 04:00:00,41.214983122849816,41.3871508999131,39.990682173692804,40.04806900024414,3770400.0
2025-05-09 04:00:00,42.40103230378322,43.328821377724296,41.73149127657585,42.85057830810547,4042200.0
2025-05-12 04:00:00,38.77594896996961,38.890726285069086,37.886416568362286,38.41248321533203,5932100.0
2025-05-13 04:00:00,38.64204236792247,39.45505414537542,38.307270022314384,39.41679382324219,2727200.0
2025-05-14 04:00:00,37.08296431609534,38.1733578210621,36.929926695200095,38.13509750366211,3778200.0
2025-05-15 04:00:00,38.297705940654595,39.14897802189223,37.89597986432482,38.68986511230469,5295500.0
2025-05-16 04:00:00,37.91510635272925,38.96724319458008,37.790762144872254,38.96724319458008,2743600.0
2025-05-19 04:00:00,39.73243487681463,40.39240899565387,39.22549474474199,40.34458541870117,2996100.0
2025-05-20 04:00:00,40.583703944356955,41.52105984823785,40.46892663843607,41.4827995300293,2199500.0
2025-05-21 04:00:00,41.69322777960489,42.35320185187578,41.13846410972416,41.34889221191406,2332300.0
2025-05-22 04:00:00,40.96630224774273,41.40628498700398,40.335017906144,41.01412582397461,1716200.0
2025-05-23 04:00:00,42.52537586723495,42.582766353161475,41.970615764766485,42.123653411865234,2420100.0
2025-05-27 04:00:00,40.994997518758694,41.93235352039766,40.880220200867534,41.224552154541016,2863200.0
2025-05-28 04:00:00,42.08539308791421,42.3436448015256,41.75062437510611,42.123653411865234,2453500.0
2025-05-29 04:00:00,42.50623819940438,42.69753613667429,41.63583605109573,42.133209228515625,2389500.0
2025-05-30 04:00:00,40.938997386991865,42.06126898115183,40.88144359020618,42.02290344238281,4360400.0
2025-06-02 04:00:00,43.68233307895748,45.821366474028764,43.50967534670167,45.48564147949219,4476800.0
2025-06-03 04:00:00,44.555210278549566,44.785418138851384,43.979683309619084,44.545616149902344,2516200.0
2025-06-04 04:00:00,45.09236857225072,45.226660772145586,44.14275465706816,44.248268127441406,1757900.0
2025-06-05 04:00:00,45.782998073347606,46.13790401401561,44.22908211506913,45.169105529785156,3393200.0
2025-06-06 04:00:00,44.564801434010185,44.92930148736742,43.691922327164626,44.08519744873047,2987800.0
2025-06-09 04:00:00,43.96050019449944,44.53602347585412,43.854986739130595,44.48806381225586,1856300.0
2025-06-10 04:00:00,44.87175021738448,44.919713545882395,43.1068073058551,43.269874572753906,2535900.0
2025-06-11 04:00:00,43.28905896395114,44.02764957838723,43.068441558458,43.998870849609375,2708100.0
2025-06-12 04:00:00,46.454446431029766,47.14507740205321,45.90769813199899,46.82853698730469,4599200.0
2025-06-13 04:00:00,47.43283759926089,49.025122775444494,47.12589132378609,48.766136169433594,5242900.0
2025-06-16 04:00:00,47.730192385170064,48.305719427831754,47.30814214782224,47.65345764160156,3343800.0
2025-06-17 04:00:00,46.92445352888359,47.260178523801635,46.07075899569769,46.358524322509766,2725800.0
2025-06-18 04:00:00,46.003616095446276,46.588733577353956,45.39931767299679,46.15708923339844,2841900.0
2025-06-20 04:00:00,45.81177350985845,46.63669299403696,45.64870990251946,46.02280044555664,6127600.0
2025-06-23 04:00:00,45.79259210145108,47.298548387517066,45.60074976723942,46.32974624633789,2397400.0
2025-06-24 04:00:00,44.05642281795461,44.929301933466924,43.26027843812317,44.50725173950195,3462000.0
2025-06-25 04:00:00,44.41133125943212,44.88134480627139,44.3154119196306,44.555213928222656,2026000.0
2025-06-26 04:00:00,44.20030644501686,44.852564519373765,43.893356518317894,44.4688835144043,3063200.0
2025-06-27 04:00:00,42.63679803273684,42.65598263259275,41.66799586499885,42.090049743652344,37390600.0
2025-06-30 04:00:00,42.94374722522699,43.826216923929174,42.53128744806751,43.71111297607422,3499900.0
2025-07-01 04:00:00,45.25543650878053,45.45686932295565,43.672741748059806,43.93172836303711,3171700.0
2025-07-02 04:00:00,44.037239201527626,44.78542027177288,43.72070246376546,44.75664520263672,2982200.0
2025-07-03 04:00:00,44.411328453777585,44.90052656949007,44.257855324337754,44.804603576660156,1914500.0
2025-07-07 04:00:00,44.84297628122651,46.089946012844024,44.219489585873596,45.9748420715332,3003400.0
2025-07-08 04:00:00,45.99402663092879,46.051576771989154,42.84782174547899,43.375389099121094,3133800.0
2025-07-09 04:00:00,43.75906743996791,44.73746002798006,43.432936577297184,44.6319465637207,1512500.0
2025-07-10 04:00:00,44.71827542910672,44.795013824600105,43.75906743996791,44.6319465637207,1847300.0
2025-07-11 04:00:00,44.82378957636255,45.33216864744429,44.353779703612155,45.188289642333984,2267100.0
2025-07-14 04:00:00,45.38972361448984,46.20504897505433,45.24584094658399,46.01321029663086,2091200.0
2025-07-15 04:00:00,46.81894659203852,46.866906263083756,44.641543862972085,45.52401351928711,3267100.0
2025-07-16 04:00:00,45.27461818737725,45.84055105193527,44.200306255349325,45.197879791259766,2307500.0
2025-07-17 04:00:00,44.37296207902833,45.33217011381059,44.104385000197546,45.1307373046875,1700800.0
2025-07-18 04:00:00,46.40648559851242,46.40648559851242,45.54319690634113,45.71585464477539,2362200.0
2025-07-21 04:00:00,47.02037580621374,48.766134044049004,47.02037580621374,48.55510711669922,2482600.0
2025-07-22 04:00:00,48.69899106638019,49.81167221069336,48.487964133447086,49.81167221069336,2651300.0
2025-07-23 04:00:00,49.063489786091544,49.32247272146185,48.37285886753588,48.99634552001953,2159400.0
2025-07-24 04:00:00,47.60549580293248,48.83328091685873,47.03956291590305,48.459190368652344,2146200.0
2025-07-25 04:00:00,46.89568166243076,48.29612455765744,46.886091191789866,48.11387634277344,2945900.0
2025-07-28 04:00:00,47.509575378418596,47.711011857596745,46.65588076643885,47.49039077758789,2159900.0
2025-07-29 04:00:00,47.26977198120381,48.075506897205614,47.010785366158046,47.97958755493164,1412600.0
2025-07-30 04:00:00,46.13790271718142,46.924452973898646,45.35135246046419,45.504825592041016,3119300.0
2025-07-31 04:00:00,43.66314760310028,44.92930184149127,43.50967447296465,44.36336898803711,4932100.0
2025-08-01 04:00:00,45.56238035552886,47.231403898551235,44.79501468135864,46.77098083496094,4254800.0
2025-08-04 04:00:00,48.286534085188904,51.01068513314688,48.15224554169121,51.00109100341797,3503700.0
2025-08-05 04:00:00,51.75886322035505,54.66526597203695,51.07782641302916,54.156883239746094,4635300.0
2025-08-06 04:00:00,54.14729624689084,55.94101431203939,54.14729624689084,55.902645111083984,3186900.0
2025-08-07 04:00:00,56.32469752324537,56.77552281581461,55.31752614961992,55.67243576049805,3039700.0
2025-08-08 04:00:00,55.6436534985733,55.88345549438683,54.39668385216054,55.077720642089844,2355000.0
2025-08-11 04:00:00,53.64850698177867,55.058543998081284,53.485439709177186,54.48301696777344,1864500.0
2025-08-12 04:00:00,54.5022016491504,54.97221520831366,53.95545334795156,54.9146614074707,1774900.0
2025-08-13 04:00:00,54.75159662526301,54.857106435924216,53.38951930708793,53.514217376708984,2618600.0
2025-08-14 04:00:00,52.63174080000325,53.35114678448313,52.21928107617441,52.478267669677734,2037400.0
2025-08-15 04:00:00,51.56702566764955,52.85236466356758,51.45192172059244,52.0945930480957,2522700.0
2025-08-18 04:00:00,52.43031072304432,52.468679922388624,51.37518335469373,51.50947189331055,1580400.0
2025-08-19 04:00:00,50.87639196254263,51.384771019287385,49.94595905423191,50.02269744873047,2211800.0
2025-08-20 04:00:00,49.99392097839003,51.64375994371591,49.92677670971637,51.528656005859375,2270400.0
2025-08-21 04:00:00,51.6437586339429,53.20726869145107,51.6437586339429,52.59337615966797,2808700.0
2025-08-22 04:00:00,51.36687945954623,53.712798932460124,50.870437958151335,53.157955169677734,3137700.0
2025-08-25 04:00:00,53.303963623763956,53.71279801281084,52.50576721682177,53.0022087097168,2917500.0
2025-08-26 04:00:00,52.885399505861436,54.02428812173539,52.87566332046418,53.92694854736328,1920100.0
2025-08-27 04:00:00,53.0703479338533,54.02428990459466,52.96327217055032,53.87827682495117,2502900.0
2025-08-28 04:00:00,53.27476130548946,54.131363666982914,52.96327021281307,53.73226547241211,3164600.0
2025-08-29 04:00:00,53.61545933160755,55.38706638276,53.61545933160755,55.153446197509766,3967400.0
2025-09-02 04:00:00,56.24366490252052,57.38255726827903,55.1145087224723,56.594093322753906,5775700.0
2025-09-03 04:00:00,58.40463617189323,58.75506458304727,57.26574754890936,57.7524528503418,3386000.0
2025-09-04 04:00:00,55.416269839156165,57.19760943753947,55.17291717122144,56.409149169921875,4414100.0
2025-09-05 04:00:00,58.034738725750046,58.774532858546635,57.265747176569484,58.18075180053711,3207400.0
2025-09-08 04:00:00,59.72847479185698,60.9841753524523,58.8524037697517,60.53640365600586,4788000.0
2025-09-09 04:00:00,61.13992487957034,61.266465591793676,59.67980888985228,60.27358627319336,2874900.0
2025-09-10 04:00:00,61.032846278943715,63.3787657116325,60.99390896317512,62.88232421875,3689200.0
2025-09-11 04:00:00,61.840777995205706,63.933612397943946,61.70450109703056,63.807071685791016,3130700.0
2025-09-12 04:00:00,63.855739050377714,64.68313664213387,63.54424793019184,64.54685974121094,2510200.0
2025-09-15 04:00:00,64.31324509394851,65.53974466380755,63.943351698958665,65.31585693359375,2621400.0
2025-09-16 04:00:00,65.78308816211901,65.87069154876181,63.46636625045456,63.85573196411133,4505800.0
2025-09-17 04:00:00,63.2327540452485,64.41058002403186,62.16200383058487,62.80445098876953,3424700.0
2025-09-18 04:00:00,62.50269467317328,63.31062726567087,61.46114561259777,62.88232421875,2075900.0
2025-09-19 04:00:00,62.736311890067945,66.2016587694984,62.648708498443206,66.01670837402344,5260400.0
2025-09-22 04:00:00,67.40868548847865,67.7493777204422,65.84149379491262,67.52549743652344,3326500.0
2025-09-23 04:00:00,67.59363771604067,68.11928035669703,67.0290577583134,67.57416534423828,3474100.0
2025-09-24 04:00:00,67.60336618612642,68.06087037658448,64.81941115300766,64.82914733886719,2388400.0
2025-09-25 04:00:00,64.87782022180023,65.0724993779279,63.51504384930532,64.05042266845703,4808000.0
2025-09-26 04:00:00,64.7902079423375,66.80516761162193,64.53712653038377,66.48394775390625,3413900.0
2025-09-29 04:00:00,68.4989094811984,68.4989094811984,66.50341469652099,67.44762420654297,2734100.0
2025-09-30 04:00:00,67.06799112634005,69.51125378630633,66.94144299667745,68.45996856689453,3008400.0
2025-10-01 04:00:00,69.82274531812645,71.27312502672403,69.33604002013084,69.76433563232422,2780800.0
2025-10-02 04:00:00,71.04923926645642,71.43860500081584,67.8856547429035,70.53333282470703,2979400.0
2025-10-03 04:00:00,70.68908365928412,71.85717346177549,70.19264215128506,71.37046813964844,2321000.0
2025-10-06 04:00:00,72.78190989066569,73.94027092247848,72.64563299592697,72.6845703125,2833600.0
2025-10-07 04:00:00,72.68457096334178,72.93765981006582,71.57488342394221,72.54829406738281,2341500.0
2025-10-08 04:00:00,75.33224111975309,75.64373219558802,73.6093077310953,75.42958068847656,2469800.0
2025-10-09 04:00:00,75.4782604559327,75.73134929686373,69.02455071119383,70.33865356445312,4045600.0
2025-10-10 04:00:00,69.45284560043535,71.1368492249193,68.88826566376133,70.01742553710938,3219700.0
2025-10-13 04:00:00,72.67483768193158,73.38542324856918,71.76956554279964,72.58722686767578,1861800.0
2025-10-14 04:00:00,70.64041057883057,73.21021410090401,70.50413368194288,71.49700927734375,2552200.0
2025-10-15 04:00:00,71.03951011181566,73.54117510098948,70.50413130173554,73.2199478149414,3268400.0
2025-10-16 04:00:00,74.84554525771104,77.81445074943392,74.31990260869122,76.46141052246094,4773400.0
2025-10-17 04:00:00,74.23229755825403,74.55351742560173,70.63067373081982,71.89611053466797,3413600.0
2025-10-20 04:00:00,72.40227871501187,73.43409901474386,71.47754160335676,73.2880859375,3080000.0
2025-10-21 04:00:00,67.46709184550504,67.6617784374001,64.82914979423337,65.00436401367188,5769800.0
2025-10-22 04:00:00,62.22040620658203,65.16011049257845,62.0646606530127,64.89728546142578,6250400.0
2025-10-23 04:00:00,66.6007475573853,66.8538363779478,65.15036792801257,66.78569793701172,3386400.0
2025-10-24 04:00:00,65.86096534466263,68.15820754861926,65.71495226806137,66.74676513671875,2062500.0
2025-10-27 04:00:00,63.76813295166569,64.71234245842841,60.88683464214857,63.26195526123047,4450700.0
2025-10-28 04:00:00,61.714233806223,64.79020745442706,61.714233806223,64.19642639160156,2943500.0
2025-10-29 04:00:00,66.8927785610647,66.8927785610647,64.6928684946945,65.50080108642578,3533600.0
2025-10-30 04:00:00,65.39372947655426,67.25294000494455,64.92648908464352,67.16533660888672,2706300.0
2025-10-31 04:00:00,67.18479291305052,68.08033626347863,66.1919174194336,66.1919174194336,3018100.0
2025-11-03 05:00:00,66.0069768863279,66.2600657465912,64.84862320870927,65.25745391845703,2486400.0
2025-11-04 05:00:00,62.83365609043718,63.15487593859624,61.607156676678194,61.91864776611328,3103100.0
2025-11-05 05:00:00,64.06989168168421,65.38399463532156,63.73893560994581,65.25745391845703,2168700.0
2025-11-06 05:00:00,66.40607410982317,67.78831541670515,65.90963261101517,66.01670837402344,2662000.0
2025-11-07 05:00:00,66.57155482840787,67.70071476527662,66.01671104605934,67.56443786621094,2101800.0
2025-11-10 05:00:00,70.98109781212091,72.60669170066345,70.41651789255044,72.12972259521484,2879100.0
2025-11-11 05:00:00,73.66771253917746,77.27906487762151,72.74297546446823,77.24012756347656,4358300.0
2025-11-12 05:00:00,78.27194813014326,83.56729662363765,78.07726155865203,82.86643981933594,4710900.0
2025-11-13 05:00:00,82.68149588488723,82.74963432747256,77.72683224021098,78.55422973632812,4128500.0
2025-11-14 05:00:00,75.63400168025166,78.33035323786076,74.46591191494441,77.27906799316406,2500300.0
2025-11-17 05:00:00,76.77289973294852,78.37902134526533,75.29331140355222,75.69241333007812,2000100.0
2025-11-18 05:00:00,76.78262976859607,78.89493653344468,75.78975416848459,77.9701919555664,2862100.0
2025-11-19 05:00:00,80.02408256237136,81.90276527112668,79.4011003878494,80.05328369140625,2219100.0
2025-11-20 05:00:00,80.82227978190053,82.15585495851289,76.78262436396582,77.03571319580078,2646000.0
2025-11-21 05:00:00,76.79236831048699,78.36929629301973,75.02076116165674,77.68790435791016,3306800.0
2025-11-24 05:00:00,77.74630949754822,81.81516621785114,77.74630949754822,81.71781921386719,2910200.0
2025-11-25 05:00:00,81.14350985150116,82.5938895954102,79.985148837579,82.1169204711914,2164400.0
2025-11-26 05:00:00,83.275276503832,86.81849035343718,83.08058993561933,86.54593658447266,2435100.0
2025-11-28 05:00:00,82.90707960310674,84.30361456119842,82.130132196,84.26427459716797,4580500.0
2025-12-01 05:00:00,84.82485609692354,85.09039147541351,83.08410582979141,83.89055633544922,2877700.0
2025-12-02 05:00:00,83.21195744078376,84.04791106734173,79.71078307371073,82.47434997558594,2648700.0
2025-12-03 05:00:00,83.1136083626427,84.19543110630123,82.06128871602371,82.16947174072266,2230200.0
2025-12-04 05:00:00,80.41887568441972,82.06128725593028,80.15334031245749,82.00227355957031,2415700.0
2025-12-05 05:00:00,82.83823342344512,84.54948052602963,80.9597896041926,81.08763885498047,3348900.0
2025-12-08 05:00:00,79.96648114883209,80.12384100880003,77.47828651390519,77.5077896118164,3994900.0
2025-12-09 05:00:00,77.0160483272878,79.16002756482125,76.78001604979104,79.01250457763672,2718400.0
2025-12-10 05:00:00,79.05184357702242,81.77607786336976,78.04870078239705,80.9696273803711,4430400.0
2025-12-11 05:00:00,80.41887871650651,85.00188329895109,80.30086632599858,84.08724975585938,2380400.0
2025-12-12 05:00:00,85.2182441682308,85.34609341794676,80.80243657986888,81.54987335205078,3162200.0
2025-12-15 05:00:00,83.70369253144175,84.2839401134805,81.63839320899115,82.91690826416016,2411300.0
2025-12-16 05:00:00,83.05459383618273,84.95270392786604,81.35318356168445,82.63169860839844,1824800.0
2025-12-17 05:00:00,83.82171343375087,84.18559497151048,81.89409270598942,83.14311218261719,1728500.0
2025-12-18 05:00:00,83.34964106762014,85.76899258051064,82.67103981892406,84.26427459716797,2299900.0
2025-12-19 05:00:00,83.55617164995826,86.5262752056617,83.45782548990135,84.77568054199219,4496900.0
2025-12-22 05:00:00,88.129338404425,89.49637027316624,86.75246966878703,88.51289367675781,2244600.0
2025-12-23 05:00:00,88.34570211919889,88.64074058831832,86.64428435095354,88.11949920654297,1729400.0
2025-12-24 05:00:00,88.54239746115367,88.8177697097518,86.75247034193481,88.42438507080078,1146800.0
2025-12-26 05:00:00,89.52587485044225,90.13563305149428,88.25718911970353,89.74224090576172,942200.0
2025-12-29 05:00:00,84.8248586262635,85.73949218462776,82.40550703714895,83.53650665283203,3035600.0
2025-12-30 05:00:00,86.39841717522312,86.39841717522312,84.80518989704825,84.95270538330078,1517600.0
2025-12-31 05:00:00,84.8150167274257,85.72965023152894,83.63484785266766,83.87088012695312,1106300.0
2026-01-02 05:00:00,85.68048123537132,85.68048123537132,81.56954888435608,84.18559265136719,1901100.0
2026-01-05 05:00:00,86.97866798574455,88.76859499637699,86.67378515472298,87.00817108154297,3457400.0
2026-01-06 05:00:00,89.01446643290363,92.29927457441373,88.64074053425058,92.11241912841797,3284900.0
2026-01-07 05:00:00,89.12265310224424,91.28629864298088,88.06049656261088,91.2076187133789,2076000.0
2026-01-08 05:00:00,88.85710668056524,90.40116459675224,87.79495018318887,89.55537414550781,1578300.0
2026-01-09 05:00:00,90.08645435156323,91.28629699466954,89.31934381012304,90.72571563720703,1759100.0
2026-01-12 05:00:00,94.51209426146929,96.91177942694308,94.17771583851929,94.9939956665039,2160000.0
2026-01-13 05:00:00,96.52822710324456,98.02310819216025,95.31854761745734,96.04632568359375,1619700.0
2026-01-14 05:00:00,98.2591452928156,98.65252990847249,95.54474792546567,97.86575317382812,2032100.0
2026-01-15 05:00:00,96.62657724469476,98.337824450691,96.51839421697875,96.92162322998047,2012200.0
2026-01-16 05:00:00,95.42673122982563,97.65922726531878,94.05969938571202,97.39368438720703,2517600.0
2026-01-20 05:00:00,102.84214227586008,105.10414133652851,101.90784255703173,105.07463073730469,3398900.0
2026-01-21 05:00:00,105.69423089061966,105.82208014680128,98.8197315908479,99.68518829345703,3983700.0
2026-01-22 05:00:00,97.05930855263064,102.50776984496135,97.00029485406304,101.3472671508789,3337600.0
2026-01-23 05:00:00,101.46528005779166,105.17299107953579,100.51130654551271,104.50422668457031,3539100.0
2026-01-26 05:00:00,107.74968971272756,111.59508667107085,106.26464550676651,106.3039779663086,5074100.0
2026-01-27 05:00:00,105.34017356457616,107.79886493242954,102.13403791996281,107.63167572021484,3506400.0
2026-01-28 05:00:00,109.97235444666606,113.89642402736213,107.94639502714172,113.80791473388672,3035900.0
2026-01-29 05:00:00,111.61475805754371,113.05063300375052,101.34726737996485,105.25166320800781,6505400.0
2026-01-30 05:00:00,94.34490802159453,97.21665781619457,89.87992347629299,91.3354721069336,6226200.0
2026-02-02 05:00:00,91.87638116794645,95.35788919432946,90.8240615175706,93.28275299072266,3819700.0
2026-02-03 05:00:00,98.4853473570074,100.3146144561807,95.96764963054567,99.07543182373047,3534300.0
2026-02-04 05:00:00,103.520746798496,103.56008676205268,94.42358844344697,99.20328521728516,4091300.0
2026-02-05 05:00:00,95.49557475041064,99.02625958665728,95.28904556828999,96.96095275878906,3048600.0
2026-02-06 05:00:00,100.86535193239375,104.01248137459363,100.44245671842094,102.23238372802734,2733000.0
2026-02-09 05:00:00,101.93734587354827,106.17612740154298,101.90784277759118,105.41885375976562,2368500.0
2026-02-10 05:00:00,105.64505201379248,106.89407146742214,104.29769390654056,106.81539154052734,1876400.0
2026-02-11 05:00:00,109.49044650474426,110.44441996219646,105.96959864232518,110.41490936279297,1599400.0
2026-02-12 05:00:00,109.52978788927605,111.91963624550183,102.94049039311297,102.99950408935547,2256200.0
2026-02-13 05:00:00,105.1434811347963,108.35944613876117,103.3633834842658,108.0053939819336,1630300.0
2026-02-17 05:00:00,103.01916792889062,105.30083320961684,101.47511005576982,104.41570281982422,2314500.0
2026-02-18 05:00:00,104.61240534860957,108.50697166155712,103.88462728513139,106.55968475341797,1846600.0
2026-02-19 05:00:00,103.27487401492816,106.40232972584613,102.58643593193946,105.85157775878906,1740300.0
2026-02-20 05:00:00,105.49752813097216,112.9621191826268,104.97628675054868,112.36219787597656,4937000.0
2026-02-23 05:00:00,113.94559408897646,119.90545960213113,113.94559408897646,119.11868286132812,3385000.0
2026-02-24 05:00:00,115.65684415882006,123.74102283657218,115.18477960289151,122.6395263671875,3017800.0
2026-02-25 05:00:00,124.49829537617268,126.41607168605495,122.285473094002,122.44283294677734,2228000.0
2026-02-26 05:00:00,120.53488778787889,124.20325874930501,118.44992223099821,123.98689270019531,2606000.0
2026-02-27 05:00:00,123.32796354584552,126.2587270298839,122.86572835678601,125.65879821777344,2765200.0
2026-03-02 05:00:00,124.7736769454304,127.00616549022007,121.09546911792438,126.14070129394531,3115700.0
2026-03-03 05:00:00,113.1686487798449,114.82088972006123,108.22176282584327,113.02112579345703,4677200.0
2026-03-04 05:00:00,114.54551710310702,115.20444460302649,109.04787918492968,111.27053833007812,2968000.0
2026-03-05 05:00:00,106.84489195955702,107.98572836094765,103.48140395407326,106.10728454589844,3594200.0
2026-03-06 05:00:00,102.48809221788507,106.1662924800883,101.1013941591835,104.77959442138672,2504500.0
2026-03-09 04:00:00,103.11751804098728,107.62184258380645,100.86535576957769,107.10060119628906,2425100.0
2026-03-10 04:00:00,109.1462336329242,109.50027829698298,105.81224113945036,106.47117614746094,2864900.0
2026-03-11 04:00:00,102.49793084828062,105.07463469781935,100.34411472692528,104.51405334472656,2225700.0
2026-03-12 04:00:00,104.96645732565429,105.08446971159441,101.12106034604955,102.9699935913086,2502000.0
2026-03-13 04:00:00,100.87999725341797,102.43000030517578,94.18000030517578,94.88999938964844,4104800.0
2026-03-16 04:00:00,95.0,97.36000061035156,94.16000366210938,96.72000122070312,2820700.0
2026-03-17 04:00:00,96.61000061035156,97.73999786376953,94.75,96.19999694824219,3038300.0
2026-03-18 04:00:00,89.66000366210938,92.62999725341797,88.5199966430664,92.38999938964844,6368600.0
2026-03-19 04:00:00,82.20999908447266,86.25,81.5,85.69000244140625,6881800.0
2026-03-20 04:00:00,85.7300033569336,86.30999755859375,79.98999786376953,79.98999786376953,6978600.0
2026-03-23 04:00:00,82.19000244140625,86.33000183105469,81.97000122070312,85.5999984741211,4960800.0
2026-03-24 04:00:00,83.5199966430664,86.43000030517578,82.5999984741211,85.80999755859375,2735300.0
2026-03-25 04:00:00,91.95999908447266,92.08999633789062,87.86000061035156,89.55000305175781,3124800.0
2026-03-26 04:00:00,86.68000030517578,89.61000061035156,85.54000091552734,85.7300033569336,2440400.0
2026-03-27 04:00:00,85.19000244140625,89.83999633789062,85.11000061035156,89.16999816894531,3435300.0
2026-03-30 04:00:00,92.04000091552734,93.27999877929688,89.56999969482422,90.55999755859375,3503100.0
2026-03-31 04:00:00,94.48999786376953,98.29000091552734,94.30999755859375,97.36000061035156,4334200.0
2026-04-01 04:00:00,102.12000274658203,105.19000244140625,100.16000366210938,103.5199966430664,3976300.0
2026-04-02 04:00:00,97.7699966430664,103.61000061035156,97.7300033569336,101.22000122070312,2264800.0
2026-04-06 04:00:00,102.0,102.95999908447266,100.66999816894531,101.48999786376953,1260600.0
2026-04-07 04:00:00,101.5,101.87999725341797,98.0,101.08000183105469,2105500.0
2026-04-08 04:00:00,113.30000305175781,113.30000305175781,105.11000061035156,107.41999816894531,3724200.0
2026-04-09 04:00:00,107.77999877929688,108.87000274658203,105.95999908447266,108.55000305175781,2229500.0
2026-04-10 04:00:00,108.80000305175781,110.3499984741211,107.91999816894531,109.25,2131000.0
2026-04-13 04:00:00,108.05999755859375,109.43000030517578,107.44000244140625,109.12000274658203,2038000.0
2026-04-14 04:00:00,109.91000366210938,112.26000213623047,109.08000183105469,109.80000305175781,2350300.0
2026-04-15 04:00:00,108.31999969482422,109.08999633789062,104.4000015258789,104.47000122070312,1954500.0
2026-04-16 04:00:00,104.80999755859375,106.22000122070312,104.0,104.2300033569336,1620400.0
2026-04-17 04:00:00,106.9800033569336,111.08000183105469,106.5199966430664,109.1500015258789,2296900.0
2026-04-20 04:00:00,106.88999938964844,107.55999755859375,105.30999755859375,106.48999786376953,1323200.0
2026-04-21 04:00:00,103.80000305175781,104.9000015258789,100.30000305175781,100.44999694824219,1882000.0
2026-04-22 04:00:00,101.4000015258789,102.44999694824219,98.63999938964844,98.87000274658203,2650900.0
2026-04-23 04:00:00,96.30000305175781,98.11000061035156,94.76000213623047,96.76000213623047,2498900.0
2026-04-24 04:00:00,98.29000091552734,100.58000183105469,97.30000305175781,99.30000305175781,1796900.0
2026-04-27 04:00:00,99.0,99.0,96.7699966430664,98.2300033569336,1644400.0
2026-04-28 04:00:00,94.9800033569336,95.38999938964844,92.25,93.94999694824219,3080500.0
2026-04-29 04:00:00,91.08999633789062,92.94000244140625,90.12000274658203,90.47000122070312,3234200.0
2026-04-30 04:00:00,92.68000030517578,94.35990142822266,91.83499908447266,93.7300033569336,2348645.0
