Datetime,Close,High,Low,Open,Volume
2021-02-16,272.06951904296875,274.68128004000954,268.17669806558547,268.9214954462222,15417200
2021-02-17,271.6723327636719,272.06955202031486,267.7099896104113,269.358478316072,12763200
2021-02-18,267.5212707519531,270.0635097465597,264.1845631303574,267.70001482832095,15249100
2021-02-19,259.74560546875,268.3951773652327,258.34538273459236,267.9880178207571,25622600
2021-02-22,258.52410888671875,261.2451224455358,255.7435442710094,256.16064411630646,17434900
2021-02-23,264.0157775878906,265.604684827942,253.19140952092832,257.6999099486897,21924600
2021-02-24,262.4765319824219,264.5321800799506,256.59761480938323,260.51025593619215,15736100
2021-02-25,252.92323303222656,265.08825551031765,252.2777329518293,260.4804283677124,19053100
2021-02-26,255.8329162597656,263.7078995320883,254.69089973234236,254.69089973234236,26619500
2021-03-01,263.07232666015625,264.8002466065348,256.1109452345398,259.0107025698377,22157300
2021-03-02,257.20330810546875,264.8598150850479,256.8557300063131,263.9362738003962,15191700
2021-03-03,253.63824462890625,259.17952327480714,253.33039749890509,258.48439730307683,15513500
2021-03-04,255.8527984619141,264.64138288685854,251.74150257132257,254.6909012693047,31626500
2021-03-05,262.4467468261719,263.60864412929794,253.8368905187001,258.8618031452885,26820100
2021-03-08,253.5389404296875,263.7376876689268,253.2807494759016,263.7078969878338,18391800
2021-03-09,263.8966064453125,266.66726127339814,258.0077489120371,259.36824065418534,22039700
2021-03-10,263.06243896484375,267.1042135136652,261.0465218554377,266.7765159880859,14210300
2021-03-11,271.9801330566406,275.9722359021643,265.96217295395087,266.2501394394714,21834000
2021-03-12,266.5381774902344,267.86887864473107,262.18855548795733,267.27306492322964,20600200
2021-03-15,271.8510437011719,274.0457048286008,266.63746204114943,267.2134253470967,16844800
2021-03-16,277.3426818847656,280.18285832005444,272.8937479573369,274.16486760719044,22437700
2021-03-17,282.0398864746094,284.24448797008944,273.49953697383603,273.7974438086778,21315000
2021-03-18,276.6872253417969,283.2116569291594,276.34958753759776,277.92855416865217,18728300
2021-03-19,288.0975341796875,290.76887646170974,279.2493682351889,279.26921858795276,38930500
2021-03-22,291.5037841796875,297.6309672357557,284.7608764742998,288.4352224866444,28273100
2021-03-23,288.61395263671875,295.9328233174748,287.79963356760106,291.11646090364803,23000900
2021-03-24,280.182861328125,289.6963932978706,279.20964849752187,288.9813865930339,18675000
2021-03-25,276.8063659667969,286.06172023452035,275.8232433122774,279.0308476549715,24505600
2021-03-26,281.0566711425781,282.5264152497752,275.84309054482304,276.3694127072185,17629200
2021-03-29,288.8026123046875,291.1462266275226,282.7250711018045,283.7876255653244,21718800
2021-03-30,286.002197265625,290.44119091458725,284.7112272475432,287.819489559495,17474500
2021-03-31,292.4868469238281,294.4431822644306,286.6079005740464,287.9783323758534,19498200
2021-04-01,296.5882263183594,300.3022725798608,294.54251877589684,296.3300202168841,17616000
2021-04-05,306.76715087890625,308.6142338487392,298.5942299891719,298.80279507741744,28237000
2021-04-06,304.13555908203125,309.1902473618839,303.1325555067955,306.6976489192928,17335200
2021-04-07,310.9181213378906,312.07007816687496,303.3807760699453,304.21494543454486,22855200
2021-04-08,310.8486022949219,313.688778534992,307.8992036600971,312.6659247488208,20894100
2021-04-09,310.29248046875,312.55666307145435,308.1772512663788,309.23983603188884,15988600
2021-04-12,309.3788757324219,309.984629655204,305.79390230898474,308.8922542226104,10881900
2021-04-13,307.6112365722656,312.2488242933257,307.17428638234855,310.04422299179186,14036900
2021-04-14,300.7193603515625,305.8932103611847,299.8554003462069,305.16826342390004,17421400
2021-04-15,305.68463134765625,307.98854456561907,301.9904361208797,304.21488733498177,14558300
2021-04-16,304.0560607910156,306.8068650471184,302.4969444090367,306.03227702070234,13059200
2021-04-19,300.14337158203125,305.5655177464558,298.4750329033836,302.89417567255794,14553500
2021-04-20,300.550537109375,302.9835537939867,295.1482714936018,299.8951118354893,16796400
2021-04-21,299.37872314453125,299.88519500510046,295.3270391776164,299.85540432541285,14863500
2021-04-22,294.4631042480469,300.8187332985432,293.9864532833794,299.2397360604261,16375400
2021-04-23,299.0411071777344,300.49097087154496,295.0887049838903,296.68755239289857,17536800
2021-04-26,300.9378356933594,303.6786691082406,299.4680914666265,301.235742486538,16172600
2021-04-27,301.46417236328125,303.2218831391314,299.0212153184825,302.1692386782204,15309300
2021-04-28,304.96966552734375,308.76317361208896,303.25165555869114,305.22784130964635,33907200
2021-04-29,327.2242736816406,329.5083069817706,319.37904994231457,327.83002770338777,56526800
2021-04-30,322.824951171875,327.53209104824134,322.248987887127,323.8776259782797,26332400
2021-05-03,320.3423156738281,326.27090422619693,319.6074585992322,323.90743925273455,18719500
2021-05-04,316.1515808105469,319.9550297777541,310.9479394226379,317.80006933320976,24032600
2021-05-05,312.8347473144531,318.83285731643707,312.30842504926153,315.98277088195334,15577600
2021-05-06,317.8000183105469,318.0184933882546,311.09684289263714,312.33817167373155,19012200
2021-05-07,316.8666076660156,320.69984756028447,316.53891012894223,320.1437345661758,15916700
2021-05-10,303.8475036621094,312.3977620050916,302.7153972344073,312.1693768985715,24239200
2021-05-11,304.4036560058594,304.7115031678488,297.61110747680095,298.66375202538734,18920100
2021-05-12,300.4512939453125,302.8445801720804,296.1215524370896,299.0411610087724,24645500
2021-05-13,303.1424865722656,306.71748989994825,300.66973856002795,303.9567753757269,18079200
2021-05-14,313.74835205078125,314.6520430906645,306.93592356007673,307.39275439730136,19245700
2021-05-17,313.2716979980469,313.49017310689794,309.4186080633365,311.3749437134494,15401300
2021-05-18,307.80987548828125,314.3045176079125,307.6609220624403,313.4008264166306,14522400
2021-05-19,311.4146728515625,312.4772577066652,301.46419089388326,302.0798852044265,19106200
2021-05-20,316.3998107910156,317.0353857038535,310.9876352326923,311.4047047515973,17320200
2021-05-21,314.0363464355469,317.71066162154136,313.6192466103653,317.07511701397885,13600900
2021-05-24,322.3780822753906,323.68893285411247,315.82385968766243,316.002603774066,16445400
2021-05-25,325.51617431640625,326.8965163184287,322.5468949273761,324.8110776685687,16437000
2021-05-26,325.3870544433594,327.54198436900356,323.5598220015561,326.07227039727064,9686900
2021-05-27,330.4417724609375,331.4646263219847,324.4933337229342,325.72472236570246,20477700
2021-05-28,326.4496765136719,330.5609424009443,326.05242698912605,328.7039190666391,12037400
2021-06-01,326.84686279296875,329.12098577650926,324.3741453730533,327.859776244359,11765900
2021-06-02,326.8667297363281,329.56786271635684,324.85081275421754,328.0882083208523,11654300
2021-06-03,323.7782897949219,325.1089906636587,321.23605077615906,323.520083700462,12610800
2021-06-04,328.05841064453125,330.1537592993756,322.92426093429344,323.63926759923044,13289400
2021-06-07,334.24517822265625,335.347494066772,326.6482512651954,327.1944541755547,20136700
2021-06-08,331.3653259277344,335.9532731268308,329.93531247530376,334.3643962293605,14580500
2021-06-09,327.9591064453125,334.463657978423,327.710840656936,333.41101346017734,13727900
2021-06-10,330.1537780761719,331.6235225004314,326.2708973852136,328.49537952813114,13240200
2021-06-11,328.96209716796875,330.52118322602627,326.64824313875914,330.2729174472799,13587900
2021-06-14,334.433837890625,334.4835092274623,327.5221274355902,329.59762560722135,12250800
2021-06-15,334.41400146484375,337.5620248503402,332.7059317076359,334.65232691277197,15795200
2021-06-16,328.7833251953125,335.2084448088056,326.439710773516,334.3643653995588,17232200
2021-06-17,334.1756896972656,335.6354937373488,327.8597923156813,328.197430149362,17794100
2021-06-18,327.37322998046875,333.8182006835169,326.71780460807463,332.2094430903154,23039500
2021-06-21,329.9849548339844,330.61058945270315,325.3771273795917,328.7932669596741,11337500
2021-06-22,336.67816162109375,337.56200227451876,330.2927735400573,330.3821455770533,15345300
2021-06-23,338.22735595703125,341.0377414877368,335.8539509185642,336.9959674168666,14817800
2021-06-24,340.7994079589844,342.5074778063374,339.41906592570973,339.47864729083625,12329100
2021-06-25,339.001953125,341.7328767106353,337.3236740242663,340.2134913461353,14594400
2021-06-28,353.1729431152344,355.65560063806936,339.39913372160845,340.0843496223811,29156100
2021-06-29,349.44903564453125,354.265368080388,346.6287093933313,353.79862714859274,21417300
2021-06-30,345.2979736328125,350.4718543781205,344.76174136100525,349.72705702806195,15107500
2021-07-01,351.9316711425781,352.2097276177686,344.0963881893645,344.41417567697727,17137000
2021-07-02,352.239501953125,353.9674220897666,350.17391368538927,352.6367211412645,11521300
2021-07-06,350.33282470703125,356.30114407035626,346.7577912256229,354.02702092017273,13488500
2021-07-07,348.0587158203125,354.0170950982068,347.5721245438341,352.79564674200435,14218900
2021-07-08,343.25225830078125,345.9136601651972,340.1836969240964,343.331720320965,14406500
2021-07-09,347.9891662597656,348.2771327231589,342.87486732307934,342.9245386589562,13018700
2021-07-12,350.710205078125,351.7330589669335,347.21463350700583,348.79360036608597,10018600
2021-07-13,349.6475830078125,356.00318078237416,346.38039692535693,349.0616794159111,11456000
2021-07-14,345.21856689453125,352.7360626317846,344.32481607097134,352.10048763359197,13894200
2021-07-15,342.0705261230469,346.807456771449,337.8599480408071,346.807456771449,14781600
2021-07-16,338.7934265136719,343.5899081740883,337.7805130149065,342.5174133110356,11026100
2021-07-19,334.6126708984375,337.43296686382087,332.2193848529158,335.2283652584028,14372300
2021-07-20,339.2900085449219,341.06760032620235,332.1796717256866,336.44983176602386,11024300
2021-07-21,343.8282775878906,344.11624409141785,338.88281201452764,339.1310778108753,9279700
2021-07-22,348.75384521484375,349.1014233736785,342.8153167504496,344.2751207728499,12385400
2021-07-23,367.224853515625,372.7264018878384,354.7122509878652,358.4064473473775,33694300
2021-07-26,369.8762512207031,371.8425269491049,365.66567363094293,367.01622481789286,14925200
2021-07-27,365.2585754394531,370.5615293237317,362.0211796894335,369.3301406459552,15705400
2021-07-28,370.6906127929687,374.93098154905937,364.3846557059322,371.96173241744225,29676900
2021-07-29,355.8344421386719,362.98447957868854,354.2653851833191,358.49584445846887,33413200
2021-07-30,353.828369140625,358.22766169034094,350.491691683396,351.5443361411562,15976200
2021-08-02,349.5085754394531,356.9068774625231,348.30694725009323,355.61590753540196,13180400
2021-08-03,348.8034973144531,351.3159459164224,345.2880755211377,350.2831820422814,12406100
2021-08-04,356.43023681640625,357.9794128958687,349.0716352860186,349.97532638335207,14180600
2021-08-05,360.4521179199219,361.3756593379675,354.4242175743126,357.14523110122803,10247200
2021-08-06,360.9883728027344,362.6169805079333,358.892993928078,358.892993928078,8925000
2021-08-09,359.1015319824219,363.24261843176544,358.2475122657697,361.2366418858136,7798900
2021-08-10,358.6249084472656,361.5743072827586,356.5494100527903,359.3200344847057,7469900
2021-08-11,357.4629821777344,359.8463275378054,355.3279025907099,359.5881517418357,8400300
2021-08-12,360.1343078613281,360.4818859888844,354.6327300964026,355.96346124829,7170700
2021-08-13,360.6606750488281,362.1304194515307,358.9724858422268,360.4521402686356,7195700
2021-08-16,364.0172424316406,364.40455162461785,354.9009295725257,360.0052586371251,11222100
2021-08-17,355.9634704589844,362.1403239821523,352.606912425003,360.4620449651616,12328700
2021-08-18,352.9843444824219,357.36372674757365,352.6864073237661,353.7787829603999,10042400
2021-08-19,352.6565856933594,355.08960256573675,348.56517030960663,348.9127484779295,12004500
2021-08-20,356.8770751953125,357.4927694576704,350.85911533837884,352.14017520075987,8697700
2021-08-23,360.8294982910156,363.1532624039116,356.6089799423798,356.94661777356487,10942000
2021-08-24,362.9745178222656,365.4075043305499,359.32996276565495,361.1373449529852,9235100
2021-08-25,365.8345642089844,368.2874012019985,362.8652846539713,363.0639094149208,9684500
2021-08-26,361.8523559570313,366.877253078658,361.6040901691806,365.82460856264174,7888700
2021-08-27,370.0451354980469,371.14742107472495,361.5544271740296,362.5673710076073,11219100
2021-08-30,378.0194091796875,378.8436382309577,367.94973464178105,369.97559188303035,13547300
2021-08-31,376.748291015625,380.10484920750287,376.17229743518845,377.3143442669874,12345400
2021-09-01,379.3997802734375,381.6639631383187,376.18226523015454,376.9568533074591,11567200
2021-09-02,372.6767272949219,379.10184690792806,371.4651890735768,378.8535811273728,14832900
2021-09-03,373.64996337890625,374.543714183495,370.5217901040204,372.1504282729059,7509600
2021-09-07,379.5289001464844,380.3034882580951,370.5615403403471,373.27261388392714,10793800
2021-09-08,374.9508056640625,378.22790145465245,372.19009172539575,377.52283520751394,11067200
2021-09-09,375.37786865234375,377.1951608723424,373.9577956290019,375.0203804671173,9098900
2021-09-10,376.0631408691406,381.12776972486705,375.6361309265424,378.71460289028454,11549600
2021-09-13,373.898193359375,379.1018342481609,371.75317345030254,379.03231255851546,13026300
2021-09-14,373.9180908203125,375.9637986170381,372.5079277215978,374.78205096770154,8711600
2021-09-15,371.326171875,374.9409058407148,365.11952742999154,374.38479292291254,17940300
2021-09-16,370.4721374511719,370.9686690276953,367.14536982728856,370.2040213099669,11934200
2021-09-17,362.19000244140625,368.83359750741874,359.08170985434447,368.83359750741874,26299000
2021-09-20,353.2325744628906,358.5255877160873,347.3734776350834,356.8075775570263,19822800
2021-09-21,355.0002746582031,357.5425142478172,352.726151245893,356.013188300571,11751900
2021-09-22,340.8291931152344,347.41320660790336,338.326684902849,344.82132634927734,43692900
2021-09-23,343.56011962890625,347.24440574358306,340.6206611842172,342.9642756764454,21806300
2021-09-24,350.5115661621094,351.8919385080049,339.9950308835849,340.8589909880195,18801900
2021-09-27,351.12725830078125,352.6863747332731,344.67234776955803,347.3834211027895,15205800
2021-09-28,338.2869567871094,347.1748841230016,336.56897692930727,345.5561863357287,21710300
2021-09-29,337.2541809082031,342.8352215839474,336.5292641634484,340.769633143772,14452200
2021-09-30,337.0357666015625,340.42208577199636,335.80434750642706,338.0884112709306,16547100
2021-10-01,340.630615234375,342.6266516425788,336.2909339336575,339.2403025206699,14905300
2021-10-04,323.9670104980469,333.6096454418782,320.4614987024491,333.2024859034126,42885000
2021-10-05,330.6502990722656,332.85490048506125,323.8974817514608,326.3006776114081,35377900
2021-10-06,331.32562255859375,332.06047963306645,323.5399803552705,327.4526518109316,26443000
2021-10-07,326.936279296875,336.48954276448234,326.6979538184617,334.66231004958246,28307500
2021-10-08,327.7604675292969,331.087235010964,326.42976659780624,329.21036149099893,15946100
2021-10-11,323.1923828125,328.1676081014375,323.05333943821864,325.3572529952405,14708200
2021-10-12,321.52398681640625,322.1297709870296,315.16838987097276,320.78912991664765,31658700
2021-10-13,322.2887268066406,324.73165369743293,320.4217632147295,324.7018630148336,14761500
2021-10-14,326.25103759765625,328.22722358123883,324.8309645572515,326.08220352646043,14302200
2021-10-15,322.5071716308594,326.7872710290615,320.27277972807207,326.3999618857561,21596400
2021-10-18,333.0137939453125,333.5599968627541,325.22818246588844,326.6681361594644,21585000
2021-10-19,337.6315002441406,340.0843672158299,334.940307835811,337.2938624402736,18786300
2021-10-20,338.41607666015625,341.5938910279222,337.0953159364956,341.0675687432612,13639500
2021-10-21,339.5084533691406,339.93546327387196,335.4567385215077,337.9195461799882,16354400
2021-10-22,322.35821533203125,327.34341175250825,318.8824942988653,324.08616582509086,35224500
2021-10-25,326.409912109375,327.2738721557028,317.5021349079901,318.07809817024844,38409000
2021-10-26,313.6192626953125,327.9193656165144,307.4523491823087,325.9829107086796,65654000
2021-10-27,310.05413818359375,317.0353700214792,309.89524446324407,312.0104735506991,29971800
2021-10-28,314.7215881347656,323.2619070153959,305.9726738656549,310.81882690664725,50806800
2021-10-29,321.325439453125,323.73857554960784,317.3829776736138,317.96888127486596,37059400
2021-11-01,327.6909484863281,331.136878401483,323.73854672963535,323.77827773635244,31518900
2021-11-02,325.8041076660156,332.4675824608705,321.55379908221755,329.08123386984886,28353000
2021-11-03,329.319580078125,329.84590230841843,320.95800575490676,325.2182246298572,20786500
2021-11-04,333.520263671875,334.9303963680135,330.34244948206873,331.69303111979514,22495300
2021-11-05,338.7636413574219,344.3843824919673,337.28398694368224,337.9493222910368,26872800
2021-11-08,336.27105712890625,342.39827042924827,335.99300064415445,342.03084189288523,18342500
2021-11-09,333.0435791015625,338.94237655440764,332.14982834025784,337.6414662706003,17556700
2021-11-10,325.36724853515625,330.87873729375485,323.2520190237952,330.1835809161458,21872600
2021-11-11,325.4665222167969,330.1537817149823,324.7316651495095,327.53211063613753,12376600
2021-11-12,338.52532958984375,339.4885718024575,327.4923816528735,327.88960087262967,25414300
2021-11-15,345.1490173339844,351.1967681291148,340.81927665538785,341.9513528589392,25076600
2021-11-16,340.5809326171875,344.24533809936,338.50543425102154,341.44489271681016,18181100
2021-11-17,338.4060974121094,344.8907981611505,337.7407621147875,341.8520275379172,13602800
2021-11-18,336.3405456542969,340.0843826522268,332.9740471795485,337.3633994408119,17487200
2021-11-19,342.9046936035156,349.65754120765286,337.54215865420935,339.8262220829443,26488500
2021-11-22,338.64447021484375,351.3755166050516,338.1479386460966,346.6286760200637,27116800
2021-11-23,334.9105529785156,339.0317590592541,331.1865661032912,336.5788918252043,17225000
2021-11-24,338.69415283203125,339.4091595910464,330.5013809418473,333.6692551638559,13566200
2021-11-26,330.8091735839844,335.40706056592376,329.59763539501955,333.47057540699547,14750700
2021-11-29,335.6851806640625,338.30688228053685,332.98404731946147,334.55310427941134,16650900
2021-11-30,322.2092590332031,333.4805317723644,321.1864052077006,332.6761530506527,25390000
2021-12-01,308.4454040527344,328.2073536259176,308.1375569170716,327.99881886115134,30329600
2021-12-02,308.2369079589844,312.41769563708294,305.0690338569957,309.2398812049933,24396200
2021-12-03,304.71148681640625,311.573556673393,297.4224070874301,311.5537063209336,27471000
2021-12-06,315.6649475097656,317.8794890259787,304.2149317317347,305.9925230805705,21758300
2021-12-07,320.5707092285156,324.27484564424213,318.7732673727845,319.33932063498895,18794000
2021-12-08,328.2669677734375,330.4417785979972,320.82893413037664,322.74553882599275,19937700
2021-12-09,327.5321044921875,333.79833071804273,325.7247222356388,327.2540480147095,16879200
2021-12-10,327.4625549316406,332.7059268506838,324.1059968282071,330.2530597986271,14528000
2021-12-13,332.1696472167969,338.7238693550957,327.3036443722298,328.65422586839105,22948700
2021-12-14,331.4248962402344,333.3713218947086,325.3771451062712,325.77436431738806,20461000
2021-12-15,339.2900085449219,339.7368688435321,321.7326567866153,330.1836048075678,24681300
2021-12-16,332.57684326171875,342.07052456232094,331.4248863696693,336.62855788973843,22635000
2021-12-17,331.47454833984375,334.77149487601264,328.4556279600217,330.4913952399913,40012600
2021-12-20,323.1923828125,327.61149521607075,320.292625362334,327.49233249861777,17901800
2021-12-21,331.8817138671875,333.6692153987566,321.50419192067693,324.1457435126229,16116800
2021-12-22,328.1577453613281,332.1895795141013,325.982934536817,331.4844828244456,16764600
2021-12-23,332.9144592285156,334.33456247386124,326.08218034839234,327.8101307259051,13987700
2021-12-27,343.7785949707031,345.45687412344387,335.6652859834369,336.49945539510196,17795000
2021-12-28,343.8183288574219,350.26329907524985,342.80541534319065,344.2254883901896,16637600
2021-12-29,340.5610656738281,347.2642416723502,339.2700957520207,344.50352743630526,10747000
2021-12-30,341.9712219238281,344.8213387057519,340.8391456583301,341.613733726055,10593300
2021-12-31,334.0168151855469,341.0576296748755,333.9373531578227,340.64052979403345,12870500
2022-01-03,336.1915588378906,338.7139170551569,334.85091771741475,335.95320310824025,14537900
2022-01-04,334.1955261230469,340.71001767926003,329.5678484085995,337.59181528292993,15998000
2022-01-05,321.92132568359375,333.43092506420857,321.5935978412268,330.7099111630695,20564500
2022-01-06,330.1537780761719,336.8172538693063,320.4813523499069,320.58066472960667,27962800
2022-01-07,329.4884033203125,334.6622534111411,326.59858616008637,330.43179504996147,14722000
2022-01-10,325.794189453125,326.06230555611137,313.2418584410626,323.05332584353005,24942400
2022-01-11,332.05047607421875,332.30868215646444,323.02353688832784,324.51313141350875,16226800
2022-01-12,330.9482116699219,334.03662330125775,327.74060701207145,332.85487581183287,14104900
2022-01-13,324.21527099609375,333.30179283796394,323.50026430952033,332.65630784591855,14797100
2022-01-14,329.5976257324219,330.4218850489652,318.9817791263499,319.55777267625143,16868500
2022-01-18,315.94305419921875,321.96101482732695,315.43661257012167,321.04741364542525,22645600
2022-01-19,317.3730773925781,324.8309920265667,317.1148712521666,317.36313706229,20814700
2022-01-20,314.3640441894531,325.5459440973195,313.78808094128794,321.65312351378554,16925000
2022-01-21,301.06695556640625,316.10191525145456,300.9378525135199,312.6261943760006,28710700
2022-01-24,306.56854248046875,307.38286160575575,287.0052149543288,295.7739499759016,38878100
2022-01-25,298.0679016113281,304.1057425994434,295.51572201501665,297.8693071627254,25108500
2022-01-26,292.586181640625,305.37683902690725,288.83240439081436,304.8803074843086,28348800
2022-01-27,292.59613037109375,299.6170635525719,292.218761538942,295.68454210791685,21629900
2022-01-28,299.6170959472656,299.8057803837421,290.99731446167857,293.56934456757705,21871600
2022-01-31,311.08697509765625,311.61329736004865,297.2436722273169,298.5942235776512,21579500
2022-02-01,316.7871398925781,317.4425651980272,309.95486067855575,312.37793715110746,18023800
2022-02-02,320.7594299316406,325.7247461844524,314.67194735675173,325.54600207276366,58458300
2022-02-03,236.11068725585935,246.2796592879698,234.1146357949148,242.9528917001212,188119900
2022-02-04,235.44532775878903,240.92704033727873,228.51375153368647,233.34003882664075,89342200
2022-02-07,223.34982299804688,236.64693715449368,222.45605712612533,236.05109323987932,88613800
2022-02-08,218.65264892578125,224.20388375091665,214.6506054269495,219.31801460687512,94729700
2022-02-09,230.39065551757812,231.75114721199495,220.6685737472987,222.6447597583816,86563300
2022-02-10,226.4879150390625,233.3698352476343,225.12740824872543,226.686524634217,49310400
2022-02-11,218.02700805664065,228.8215991750565,217.25242004582725,226.87520397201692,46156900
2022-02-14,216.18983459472656,219.4669458667641,213.2900921509484,217.7886667974301,38184000
2022-02-15,219.4669647216797,219.6159181388209,213.56816695582089,218.9406424438585,42685500
2022-02-16,215.03787231445312,215.95150368110467,210.8868759204417,210.93653210494625,45817500
2022-02-17,206.26914978027344,215.99123117362203,205.7229620271773,212.5353757176675,38747500
2022-02-18,204.72991943359375,209.2880760292688,203.7567065566487,207.9375094283715,37128400
2022-02-22,200.67823791503903,206.0407737923122,198.6722457619055,200.93642892368248,39852400
2022-02-23,197.07337951660156,205.5044911335432,196.67616031691193,202.7437767827591,44481400
2022-02-24,206.1599273681641,206.90472477172975,188.90048402059335,189.7346534758809,49957200
2022-02-25,209.01991271972656,209.85409722269867,201.77054920915657,203.51834992686943,37627600
2022-02-28,209.56613159179688,211.67142078419803,205.3952690687819,206.23936372000767,34239800
2022-03-01,202.0784149169922,210.28111063720308,200.81722054189385,208.41414716725657,27094900
2022-03-02,206.6663818359375,207.6991608900357,200.61863062333495,203.3594795827409,29452100
2022-03-03,201.56202697753903,207.62964337626647,200.02277607812184,207.57006201226625,27263500
2022-03-04,198.67221069335935,204.46177065665356,197.41101625429653,200.96618413763912,32130900
2022-03-07,186.16954040527344,199.49644537718345,185.98085599196915,199.39713300609475,38560600
2022-03-08,188.969970703125,195.3355088132365,184.8189742169676,186.54690946667915,37508100
2022-03-09,197.123046875,197.71889086123977,192.5748155619996,194.38219787476945,31894700
2022-03-10,193.85585021972656,194.91841983418425,189.74456968088708,193.4884065766853,24853000
2022-03-11,186.30857849121097,192.21730121306825,185.37509670416912,191.30368493188337,34694500
2022-03-14,185.33538818359375,190.9561143283671,184.53100942336172,185.73260739881343,31010500
2022-03-15,190.6979217529297,190.94618754859337,184.62037992402475,189.47645828108816,31721700
2022-03-16,202.21743774414065,202.31673495935263,193.17063257251073,193.3493766516563,40640300
2022-03-17,206.39822387695312,206.5968334594461,199.7149136896044,200.30081726148748,29499700
2022-03-18,214.98826599121097,215.2961131707228,204.57102716267377,205.26616839914288,52128000
2022-03-21,210.02291870117188,213.22058306841436,206.189694561412,213.01203315188104,30142300
2022-03-22,215.14712524414065,217.93764542226705,208.72200545565147,209.90375302784108,31998800
2022-03-23,211.9792633056641,215.2960905373746,210.68827820054256,211.85016024926963,23717300
2022-03-24,218.04685974121097,219.1392199973298,213.30000445243496,213.5085543588696,31502300
2022-03-25,220.28126525878903,223.93573021234633,217.37158248115725,218.98033986256667,40039000
2022-03-28,222.0389862060547,222.48586159323668,218.01707741553452,220.58912249182504,26224100
2022-03-29,228.26551818847656,229.28837211897945,223.7272118836912,224.50181515579243,31417900
2022-03-30,226.2694549560547,229.5465513759575,225.137363520302,227.3220995178845,25588000
2022-03-31,220.81752014160156,226.9050020311638,220.7182077665488,226.86527101996631,24192300
2022-04-01,223.2902374267578,225.7033734142689,221.1551427337664,222.99231547506832,19544800
2022-04-04,232.26754760742188,232.7243633395682,224.29325144843688,224.41241418163085,28054800
2022-04-05,230.23175048828125,235.2169316018234,229.4174466080516,232.45621733585187,29727200
2022-04-06,221.7509765625,227.40150760047936,219.87408805094933,225.33593468966637,28995100
2022-04-07,221.40342712402344,223.95560670287296,217.0438804846657,222.3766247719894,21037200
2022-04-08,220.78773498535156,223.56831487406785,218.50368667844387,220.83739117412068,18375700
2022-04-11,214.95848083496097,219.07968732019336,213.7270769322996,216.90487634713529,20516600
2022-04-12,212.654541015625,220.4898086143993,211.6515526954061,218.71223225422105,20128800
2022-04-13,213.49864196777344,215.10739934568304,209.8640273741091,210.3506337496348,19231800
2022-04-14,208.7220001220703,213.49864647682404,208.54325603316772,213.399334103251,18379500
2022-04-18,209.3079376220703,211.89983321381135,206.85507027401516,208.543274705327,16580800
2022-04-19,215.80255126953125,216.91477715151493,207.5501988958004,209.0596591305934,20089900
2022-04-20,199.0297088623047,212.67440159783553,197.5401141810304,212.12821385078016,43036500
2022-04-21,186.7653961181641,201.56203116820575,184.29266339015663,200.20153948544436,49954100
2022-04-22,182.83287048339844,191.38314543443704,181.99870101328304,189.0494408006046,36426800
2022-04-25,185.69287109375,185.8815403507948,180.39984305017535,181.46241266801752,29281100
2022-04-26,179.69476318359375,185.89148232296552,178.2548247330513,185.33536941679247,31747400
2022-04-27,173.73638916015625,179.95297396586366,167.8276666489614,173.2199920968745,71062900
2022-04-28,204.3028564453125,207.08343600789271,191.56185573215208,201.5123517073191,100890600
2022-04-29,199.0793609619141,211.00604334340784,198.51330772123916,203.0416881878172,49193400
2022-05-02,209.66542053222656,210.4102178692344,199.59576114199825,199.77450522946864,49915300
2022-05-03,210.55918884277344,213.40927537457003,206.6465174147809,208.99014717021623,41556300
2022-05-04,221.86024475097656,222.7440703594048,205.52435875990173,209.1887491007281,41375900
2022-05-05,206.835205078125,218.6427260909452,204.72991591258807,217.2226529677989,41129200
2022-05-06,202.35647583007812,207.9275605290676,199.62555225514092,205.90170328237653,34747200
2022-05-09,194.8489227294922,201.16480482052688,194.22328811081877,198.4537315749027,36303200
2022-05-10,196.2789306640625,201.55210885679355,192.84294056094515,198.12602877743515,34452500
2022-05-11,187.4307403564453,199.27797620782732,186.9639994737446,194.96808586619244,31153400
2022-05-12,189.91342163085935,196.67617994764143,183.4982263602616,185.76240936095664,38262200
2022-05-13,197.2421875,198.50338187615907,189.95310800388307,191.24409306072036,24549800
2022-05-16,198.65235900878903,203.94538776702177,194.5708685859912,195.68310969161757,27112600
2022-05-17,201.21446228027344,204.0347733061677,196.98401847084503,200.71793067646036,24872700
2022-05-18,190.90646362304688,199.60569128051193,190.3006945011028,198.61262813981287,23960000
2022-05-19,189.9630584716797,193.9353113890089,188.2847943425797,189.87368641774592,24446900
2022-05-20,192.1974334716797,196.5371296980073,186.56676728554783,193.6175216415817,31465600
2022-05-23,194.8687744140625,195.6235120932892,189.91339907653796,193.83599542267453,25059200
2022-05-24,180.02247619628906,182.4058215571146,174.88834182641335,179.29754438158685,50406300
2022-05-25,182.55479431152344,184.16355170943515,178.0760851163933,179.14857994637404,28030200
2022-05-26,190.3007049560547,191.4923777597748,180.99569251249545,181.61140199755528,23056500
2022-05-27,193.7764129638672,193.97502255882603,188.48338467468687,190.0325607294829,22562700
2022-05-31,192.2967529296875,196.2292897767059,190.6780551027284,193.53808190056003,26131100
2022-06-01,187.3314208984375,198.1458773543672,183.7166718529617,195.1468225764307,36623500
2022-06-02,197.48052978515625,199.54610286315108,186.42773257091963,187.14273921918476,31951600
2022-06-03,189.4565887451172,195.2461487952102,188.46352558358373,194.6205141545029,19465000
2022-06-06,192.90252685546875,195.5540037846272,187.0931010665983,192.6443358781859,30574200
2022-06-07,194.29278564453125,195.16668600433857,190.16165474576064,190.5985897727242,18828700
2022-06-08,195.27593994140625,200.62854978866105,193.06141332875293,193.3196042963057,22267200
2022-06-09,182.72360229492188,198.06642347877167,182.4058148436066,192.9322892978595,23501600
2022-06-10,174.35211181640625,181.82987643665223,173.8059240304574,181.7702799166873,27450800
2022-06-13,163.1205291748047,171.38282092477996,162.89212891887655,169.40662002400506,31749300
2022-06-14,162.59422302246094,165.59327793615202,160.24066823896615,164.87827126596156,27244300
2022-06-15,168.1752471923828,170.96575216430253,162.8424878781995,166.04015237028412,30008300
2022-06-16,159.75405883789062,163.93486122919495,158.50280476509815,162.584294783492,26944100
2022-06-17,162.60415649414062,164.74916126130907,158.79078269630057,160.55843379168454,31374200
2022-06-21,155.96058654785156,166.59628547684798,154.888076418778,164.7789779097741,50724900
2022-06-22,154.76890563964844,159.6746251146912,154.3617460913147,157.28135432111557,47267800
2022-06-23,157.6488037109375,158.6418670414001,153.1800187238558,155.18601089421455,40499200
2022-06-24,168.97962951660156,169.0690015635416,160.18108938711842,160.60809926890386,68736000
2022-06-27,168.31430053710938,170.558618091581,166.84455597473104,170.13160815521564,29174600
2022-06-28,159.5653839111328,170.11172514854024,159.49587736831415,168.72142760981015,27744500
2022-06-29,162.8027801513672,165.17620054541592,159.20789628875934,162.4353516237137,28595200
2022-06-30,160.1314239501953,164.08381082254584,157.39057526508302,161.0251746738575,35250600
2022-07-01,158.91989135742188,159.50579496695804,153.9247850296623,159.19794782136924,31423900
2022-07-05,167.02330017089844,167.08288153776363,155.930786168884,157.0430120915462,28618600
2022-07-06,168.5923309326172,170.39969794014357,164.31223128939016,167.033214553339,23085900
2022-07-07,170.9955291748047,171.52185137959535,166.6161174832239,168.274530960028,24083400
2022-07-08,169.69464111328125,171.20408623734986,166.98356772070983,168.800875159169,19249200
2022-07-11,161.75010681152344,166.32812786243167,160.7868344861762,165.9110432194368,21885600
2022-07-12,162.13743591308594,164.7591222035781,160.975553765896,163.6568214250222,16639700
2022-07-13,162.3558807373047,163.83553495874915,158.50279131991883,159.04897901871416,16555100
2022-07-14,156.95362854003906,161.462128420122,156.18896569777073,160.10163679992067,23765200
2022-07-15,163.55747985839844,163.83553629770498,158.71134252124213,159.42633397021643,23342800
2022-07-18,166.06993103027344,170.4989989384807,164.49096440396264,165.59326500501615,23574300
2022-07-19,174.56063842773438,175.2657199280264,168.3341282653375,169.1881631762132,25933700
2022-07-20,181.81993103027344,182.32640294171296,175.47425801947043,176.2587864045491,24784300
2022-07-21,181.8993682861328,182.57465908137436,177.6291938767748,179.37699465061837,27195800
2022-07-22,168.0957794189453,174.38187007090616,167.2417446269031,171.8694218757118,42583900
2022-07-25,165.49395751953125,169.38677815826725,163.66672507469772,167.8276618370209,26166300
2022-07-26,158.0459747314453,164.84846252953244,156.85430212928955,164.78888117236554,28468400
2022-07-27,168.40365600585938,169.68470084170153,160.89610078404186,161.462138917526,43846600
2022-07-28,159.60511779785156,160.38963105404298,153.77584169633522,159.94275564720272,73214300
2022-07-29,157.996337890625,159.0291167990866,154.09359221040663,156.5961153483285,42065400
2022-08-01,158.820556640625,164.04407766338431,154.15316362046573,156.15915510212025,40596700
2022-08-02,159.0787811279297,161.11456352266092,156.91389568067768,157.2118176426038,27374500
2022-08-03,167.62905883789062,168.3639158538557,160.44921667380174,161.56144252689967,31721900
2022-08-04,169.38677978515625,170.9558061443517,165.64292766539518,167.13252231139165,23938200
2022-08-05,165.95077514648438,170.4195590937745,164.64986491074373,165.83161242349755,25832700
2022-08-08,169.06898498535156,176.27861730411797,165.9706331050453,166.83459311329847,27299100
2022-08-09,167.3609161376953,168.35397919679417,165.4443117070456,167.7780008041641,18655100
2022-08-10,177.10287475585938,179.2280292454022,172.74332822648657,174.7691854949126,30262100
2022-08-11,176.2587890625,181.82987410175613,175.14654799822966,178.46339053169922,24079100
2022-08-12,179.24789428710938,180.20124155559793,177.6689275530866,179.5557414317746,21274000
2022-08-15,179.63519287109375,180.18138063501425,176.96385056905282,177.71858826208515,15878700
2022-08-16,178.22503662109375,179.7344967831318,175.81188539703066,178.1952459401866,21156700
2022-08-17,173.63710021972656,176.90427136073453,172.96180938893704,175.5338393460009,20118100
2022-08-18,173.44839477539062,174.54075503123113,170.66781522362834,173.13060732813116,18844500
2022-08-19,166.79489135742188,171.12464724604104,165.89120026496457,169.01934308908173,26240800
2022-08-22,161.9189453125,164.34202175823924,161.13441695931127,164.34202175823924,19499700
2022-08-23,159.9923858642578,163.9050566390296,159.58522638399307,161.3528773706251,18111800
2022-08-24,162.1274871826172,164.31223827227942,158.66170642781384,159.48595067474253,20891500
2022-08-25,167.60919189453125,167.70850426753756,162.88221690647927,164.03415860747302,15550500
2022-08-26,160.65777587890625,169.73437363236965,160.54853831222465,167.31129680993618,24023600
2022-08-29,158.06585693359375,161.91894673546284,157.90696319573627,159.5455264556274,20052700
2022-08-30,156.06980895996094,160.53859315412387,154.82848001713788,159.23768284651592,19567900
2022-08-31,161.7997589111328,166.6757022272474,161.01524575220782,165.91105457256884,40953000
2022-09-01,164.2129364013672,166.1990628623644,159.23769507162842,162.44528506331503,30145700
2022-09-02,159.2078857421875,166.76508149443754,158.1155102553897,166.28841544244423,22634200
2022-09-06,157.4402313232422,160.56838946048592,156.5961367043225,158.98942262661697,19339800
2022-09-07,159.27740478515625,159.8434580781021,155.7222367388541,156.66564374082208,16831200
2022-09-08,160.93580627441406,161.104625185907,156.6457814896264,157.60905392509943,22530800
2022-09-09,167.97662353515625,168.36391755240584,161.88915681033242,162.11755708898195,22086800
2022-09-12,167.78793334960938,170.20106919787258,166.11957960818305,166.2288171457344,23220400
2022-09-13,152.06777954101562,160.50881712269543,151.6109637810653,160.41942991441775,44444100
2022-09-14,150.4192657470703,152.47489844050713,148.01605491490287,152.2663636796208,43064200
2022-09-15,148.51260375976562,153.1303415527559,147.66849398331107,148.76086955837675,34606300
2022-09-16,145.2751922607422,147.5493152145355,143.28906608768818,147.02299299091143,40122800
2022-09-19,146.9932098388672,147.54932277133344,144.09346729604968,144.23249552916624,22169500
2022-09-20,145.07659912109375,147.80752291864286,144.21263898681053,144.7687519538407,23217400
2022-09-21,141.1341094970703,148.56223168855533,141.0149467853471,145.37449277350893,38338600
2022-09-22,141.82928466796875,143.577070336103,139.89279942616923,140.56809023965943,34418500
2022-09-23,139.4359893798828,141.63065028026608,137.92652926974512,140.4389776261321,31710700
2022-09-26,135.42401123046875,141.25330198021248,135.24526714438548,139.14799788660858,30497000
2022-09-27,133.46766662597656,138.4528473337513,133.18961018678016,136.96325277251074,30826500
2022-09-28,140.62765502929688,141.04473967982162,133.3385760908583,133.6861390564927,32658500
2022-09-29,135.46372985839844,138.86992873512628,134.26211693989015,138.39326272953332,38985400
2022-09-30,134.73878479003906,140.0119622137979,134.56004071784687,135.10622841555517,33166400
2022-10-03,137.64849853515625,138.65148696876528,135.15591521738622,136.18869433644304,27723100
2022-10-04,139.30690002441406,141.4022639154571,138.37341822182503,139.51544995703262,34670700
2022-10-05,138.01589965820312,139.2373781305464,133.84503784216344,137.2810426926311,27979300
2022-10-06,138.10528564453125,140.46876539966271,135.65241869866074,136.76464446578143,36231100
2022-10-07,132.52426147460938,137.33068301741045,131.5212732455144,135.8112977576115,33214800
2022-10-10,132.86190795898438,135.1658216673534,130.9552285897862,132.62358250842252,24024000
2022-10-11,127.6483154296875,131.73974542436278,126.10907227640702,130.70695138573043,38481400
2022-10-12,126.61554718017578,128.77049232167374,125.37421828625249,127.42986620800094,34605200
2022-10-13,129.3861846923828,130.2302943889548,121.68002048782748,122.67308358829318,34325700
2022-10-14,125.88068389892578,130.87578263105397,125.64234329376768,130.09126942927062,23559400
2022-10-17,133.1101837158203,133.85498111053334,129.27695918491287,129.39613707206735,29612200
2022-10-18,131.87876892089844,136.88379975426173,130.4884716345084,136.13900250714025,25445000
2022-10-19,132.30580139160156,136.0496537710444,131.30281304878633,131.9681635517954,30691000
2022-10-20,130.6175994873047,135.82125603082707,130.39912437440867,132.00788188487778,26356300
2022-10-21,129.10813903808594,129.21737659439395,124.5698481687988,125.43380828954469,46348600
2022-10-24,128.82015991210938,132.55407210052488,123.70588290109863,126.36729258833616,63563400
2022-10-25,136.5561065673828,137.39029111902516,129.6841114749998,129.9721082704897,38433200
2022-10-26,128.91946411132812,134.6097116608422,127.6384041750502,130.76654700494944,82791500
2022-10-27,97.26060485839844,101.78897028259765,95.71142123185368,97.3003282925632,232316600
2022-10-28,98.51185607910156,100.15041170257088,96.83358459909144,98.88922490447072,95928300
2022-10-31,92.5137710571289,98.63103641008414,91.9576505148814,97.53866840882117,121361400
2022-11-01,94.53961181640624,96.81372741045269,92.90106362865914,93.67565169773324,110189600
2022-11-02,89.91192626953125,94.53959597875378,89.85234491311326,93.55646571550928,71821100
2022-11-03,88.2932357788086,89.83247889708458,87.7967042742416,89.4551176811427,60664000
2022-11-04,90.1602020263672,90.7560383860628,87.47892704303133,89.72325182690423,55638100
2022-11-07,96.04905700683594,96.2079431510992,92.45416612818556,94.12251231353268,81987300
2022-11-08,95.8008041381836,97.12157995769246,94.1324577284015,95.25461637027524,52088300
2022-11-09,100.76612091064452,104.17232788134449,100.04118146405922,101.01438670274663,107677300
2022-11-10,111.09397888183594,111.96787173860784,103.88433818993818,106.37692885293671,80671000
2022-11-11,112.23599243164062,114.10295597850016,108.05519753324442,108.47228980898204,59961700
2022-11-14,113.42767333984376,115.46344823592956,110.0313992111084,110.22007605616892,53395000
2022-11-15,116.26783752441406,117.9163184434814,113.61636068428407,115.2648416033514,50670500
2022-11-16,112.44454956054688,115.27477816754065,111.87850383914812,113.7057364919192,33287800
2022-11-17,110.67688751220705,111.55078795269304,109.03833933923724,109.64410848040296,35093800
2022-11-18,111.27273559570312,113.52698574641832,109.85265490381686,113.01059621140104,33357700
2022-11-21,109.09791564941406,111.59050621756413,108.43256517321927,110.74639649912582,24351100
2022-11-22,110.66696166992188,110.84571334290337,107.56860186373298,109.09792004891445,29029000
2022-11-23,111.46141052246094,111.88842799797938,109.96189055795254,110.94502099638954,21343100
2022-11-25,110.6371612548828,111.94800421594746,110.24985968376664,110.52792371008826,12007600
2022-11-28,108.02539825439452,111.26278594540724,107.6281715158366,110.01152437071426,23309400
2022-11-29,108.70069122314452,110.17042801518582,107.78707494573888,108.78013809330255,23899200
2022-11-30,117.28076934814452,117.34035829567264,108.62125651923522,108.75035959182,43348600
2022-12-01,119.60452270507812,120.35924520927946,117.57867306315146,118.37311900070078,36551400
2022-12-02,122.63336944580078,123.17955722302418,116.79416070021333,117.01263581110268,39950500
2022-12-05,121.5807113647461,123.80517050918586,120.50820143607211,120.905428177411,35474900
2022-12-06,113.328369140625,119.713765483258,112.95100029556592,119.07820567486124,43689200
2022-12-07,113.1396713256836,115.07614120384775,112.09695211346003,112.97085242891434,29461100
2022-12-08,114.52996826171876,116.52601962232978,113.79509611830431,115.58261271516358,30619400
2022-12-09,115.09602355957033,116.7246465613268,113.08010652547362,114.50018716954466,26033400
2022-12-12,113.91426849365234,114.91726435664587,112.3551597132621,114.38100936781184,24747100
2022-12-13,119.3165283203125,122.44467847843468,117.81700097646582,121.28278893869566,44701100
2022-12-14,120.74654388427734,123.27885792875244,118.5618080009239,118.5618080009239,36922000
2022-12-15,115.34429931640624,117.8070919616301,113.2191445433214,117.50917752912008,34531000
2022-12-16,118.6015396118164,122.454622143585,117.99577044689154,119.39599321133228,67064000
2022-12-19,113.68586730957033,116.98283650686147,113.536906328899,116.01956408518664,29769900
2022-12-20,116.27776336669922,116.51610398343564,111.67988360020044,112.4743371697137,28742500
2022-12-21,118.92923736572266,119.50520819779996,114.81795679355496,115.89045916890343,20392800
2022-12-22,116.30755615234376,117.79715084272304,113.58655772952558,116.3869954443798,23618100
2022-12-23,117.22117614746094,117.3602043835439,114.7385182510215,115.22511707731186,17796600
2022-12-27,116.06922149658205,117.77729137467526,115.2449848171056,117.11194086388592,21392300
2022-12-28,114.81796264648438,117.3304111712752,114.70872509527864,115.44358969536862,19612500
2022-12-29,119.42576599121094,120.19042121551982,114.96690738651516,115.59254196469232,22366200
2022-12-30,119.50521087646484,119.58465774352184,116.92324830887505,117.34034057268906,19583800
2023-01-03,123.87470245361328,125.4934003317137,121.43176787093024,121.96802291246615,35528500
2023-01-04,126.48645782470705,128.15480424194706,124.97699757381476,126.4963830012802,32397100
2023-01-05,126.05944061279295,127.62848223213496,123.67608750105978,125.25505429699471,25447100
2023-01-06,129.11807250976562,129.42591965584387,125.16567791552464,128.0753531918348,27584500
2023-01-09,128.5718994140625,132.02775526038943,128.38321497323,130.25017872090828,26649100
2023-01-10,132.0674591064453,132.5143344437281,126.2679670147591,126.387129730584,28684400
2023-01-11,131.96815490722656,132.9215021516353,129.4358409686768,130.05155039539636,25423000
2023-01-12,135.7616729736328,136.72493031020812,130.84599814762683,132.51435215688096,30757700
2023-01-13,136.02978515625,136.43694468179817,133.90463063523947,134.03373369283793,22423800
2023-01-17,134.42100524902344,135.80136218171825,133.31870473781115,135.23530901109694,21147600
2023-01-18,132.0972442626953,136.29789650223643,131.87876919085735,134.86788336036574,20215500
2023-01-19,135.20553588867188,136.49652095770875,131.2233582866692,131.57093643512005,28625200
2023-01-20,138.40318298339844,138.96923615667572,133.6762086430776,134.9473280480872,28688600
2023-01-23,142.27615356445312,142.76274478209868,137.6981321000071,138.32375154454283,27470100
2023-01-24,142.1470489501953,143.99414688881774,140.37939787648503,140.70711051189517,21970200
2023-01-25,140.5184326171875,142.17684622265585,139.33668507035335,140.2403761535725,26622000
2023-01-26,146.2781982421875,146.48673300837004,142.3059458263939,143.3983061489729,25482100
2023-01-27,150.68740844726562,152.12734699001797,146.3675776660674,147.21168740816768,35771900
2023-01-30,146.03985595703125,150.07168968806806,145.93061841073978,148.3735602855576,28040100
2023-01-31,147.93661499023438,148.84030607097574,146.4966764891175,146.92368635959087,29842100
2023-02-01,152.05783081054688,152.51464654526134,146.03987030335287,147.00314280993058,55661000
2023-02-02,187.46051025390625,195.7923083733965,178.91023705810056,182.10790119005645,150475700
2023-02-03,185.2360687255859,195.4050408678441,181.6213194546132,182.1972979017333,76809700
2023-02-06,184.7693328857422,189.37714543580745,184.2330854357221,185.23607379267708,42483800
2023-02-07,190.29074096679688,192.4357608385614,183.12082437626285,184.29264668049973,47080700
2023-02-08,182.15756225585935,189.50623849321948,181.65110551574864,188.68199427880657,36139100
2023-02-09,176.685791015625,185.35522793422592,176.0403060395819,184.83884601456785,37118800
2023-02-10,172.94192504882812,177.64904938681158,172.14748672680432,175.12667589321265,33433600
2023-02-13,178.185302734375,179.7444190570658,174.6003595309434,176.9837048826787,31463200
2023-02-14,178.23497009277344,180.2508870770016,174.65995184105614,175.93107146205887,24034600
2023-02-15,175.9310760498047,176.95392990973855,174.1137686177919,175.1962038438669,25308900
2023-02-16,171.24383544921875,174.63018489092622,170.59833522160218,171.5516826433843,25827500
2023-02-17,171.68075561523438,171.97866242641902,168.5228070402124,169.03920410116666,24171300
2023-02-21,170.8863067626953,176.9340576419765,170.68769716550068,173.10083331965035,34592600
2023-02-22,169.93295288085938,171.5615757592957,168.51287992078773,169.88331184819478,22433200
2023-02-23,170.84658813476562,172.4851515245046,168.20505151002578,170.8068722736244,20017800
2023-02-24,169.20803833007812,169.53575100498932,166.49698003228437,167.4701777271182,19791300
2023-02-27,168.36390686035156,171.91907448281532,167.88724082776324,170.6876859692171,19277000
2023-02-28,173.72645568847656,176.3183509042835,170.6777447937067,170.70753547353686,46051100
2023-03-01,172.21701049804688,176.61628815362087,171.84958197968862,173.37889257088403,30998400
2023-03-02,173.31930541992188,173.7959714755196,170.24080368144263,171.1842257694203,17352000
2023-03-03,183.96495056152344,185.3254422430507,175.8218356725193,177.67885893450952,45877700
2023-03-06,183.61740112304688,188.3443922065279,183.35921011586808,186.69590346476028,33209400
2023-03-07,183.2300720214844,189.0394973728768,182.73354045821804,187.68893091467473,36701500
2023-03-08,183.6868896484375,183.97487129085047,180.08206561247465,181.6014509997279,19432400
2023-03-09,180.4296417236328,187.6194090554493,179.04928458509838,185.0573195258628,26582800
2023-03-10,178.26475524902344,183.48827695906897,177.55968891934018,179.7543499292982,25665000
2023-03-13,179.64511108398438,182.50513769842044,173.60730069141576,176.7255182601782,24728000
2023-03-14,192.67413330078125,192.97205530218403,185.2658748925714,186.27880363616384,41642600
2023-03-15,196.37826538085935,196.40805606729103,189.51619441782307,191.6115585635293,42123600
2023-03-16,203.50845336914065,204.33269772071648,194.7297774953792,196.88472302292135,50447100
2023-03-17,194.25308227539065,200.4994427861535,194.07432302987556,199.16874180941005,50141100
2023-03-20,196.4378204345703,197.9770713567288,192.29674889302132,197.10317093063804,25186300
2023-03-21,200.75765991210935,202.1380171523649,196.57685717774208,201.79043897159775,31827000
2023-03-22,198.4239501953125,205.93150535957895,198.28492195719429,201.09529255545812,28477800
2023-03-23,202.8629150390625,206.4379480167483,200.7476859311868,201.4329018479882,27389700
2023-03-24,204.5809326171875,206.14004902497825,202.13800577125969,203.7566883902138,27716400
2023-03-27,201.4329071044922,204.43196178331615,199.96317802106324,203.38924254153588,18527200
2023-03-28,199.2878875732422,199.63546570535857,196.5271734791504,198.76156536376757,19127300
2023-03-29,203.9255218505859,204.2929503634275,201.1350016988467,202.14793034442255,18851100
2023-03-30,206.39822387695312,206.64648964330425,201.41305819873952,201.96917109089568,22608300
2023-03-31,210.46978759765625,210.6981878588901,205.33565339003297,205.8023942409932,25440300
2023-04-03,211.59197998046875,212.00906469957744,206.7557519682816,207.3913118002008,17924600
2023-04-04,213.23052978515625,214.7399900797257,211.06564414720177,211.90975392152575,21026400
2023-04-05,210.01300048828125,213.69727161345537,208.48368983343693,212.6644774037662,19396600
2023-04-06,214.6009521484375,215.43512155529157,207.2026195802258,207.79846352965933,26104400
2023-04-10,213.2602996826172,214.16399073590577,209.19867526017543,213.22058382610507,16106100
2023-04-11,212.3665313720703,214.52147629173325,211.92958122191948,213.98521377911575,16710100
2023-04-12,212.51551818847656,215.3358139520289,211.1053703067004,213.34968761381884,18972200
2023-04-13,218.8214569091797,219.61589525507537,214.1937792949306,214.23349515104937,23310400
2023-04-14,219.9535675048828,220.5692618228154,216.04089618124604,216.3686088464835,21591200
2023-04-17,217.341796875,219.4470858581435,215.6238019057921,218.26533831094628,15481900
2023-04-18,216.3785400390625,218.91085422961788,214.71020113649635,218.3845319458601,12281000
2023-04-19,214.20372009277344,215.82241788882212,211.45293090302496,211.98919349384877,15898100
2023-04-20,211.59197998046875,215.2464452257688,211.29405799455063,211.99912436985045,16475400
2023-04-21,211.41319274902344,211.92958977941137,208.12615646803312,208.75179104036965,17717200
2023-04-24,211.3138732910156,212.43603935219775,209.24831554466175,212.19769877241575,15750900
2023-04-25,206.11024475097656,209.79450028259177,205.6931600768092,209.3575652569926,19198200
2023-04-26,207.94740295410156,212.6247367296185,207.43102106246127,211.02590456421436,41992700
2023-04-27,236.90513610839844,240.0134285311485,235.12755978619776,238.22591187983951,71196500
2023-04-28,238.65293884277344,238.762161240327,234.1146330620716,237.35201341308863,39554000
2023-05-01,241.4930877685547,242.30740681898095,234.81971739031144,236.96472226230983,29143900
2023-05-02,237.58041381835935,243.22100477059425,237.33214805138553,241.49306957739785,24350100
2023-05-03,235.3857421875,240.07300116814744,231.1354333893953,237.80881854309877,34463900
2023-05-04,231.90011596679688,236.54764433430736,231.3141971795904,234.4224897541913,17889400
2023-05-05,231.1652374267578,233.0520513390073,228.2555696885179,230.62898999634135,27000500
2023-05-08,231.65184020996097,233.98552946998953,228.67265082469316,229.8146673612028,16400500
2023-05-09,231.75112915039065,234.24372721155095,229.47702133485248,229.85439015911044,16865600
2023-05-10,231.4631500244141,235.107689796572,229.11952049360835,234.53171137808388,19119000
2023-05-11,234.15432739257812,236.55755328251024,230.68854708295711,231.43334436250635,20449000
2023-05-12,232.1881103515625,235.31626860394763,229.844480533044,235.09779348208167,16161400
2023-05-15,237.2030792236328,238.59336165807903,233.69756730047575,235.276534169513,20653200
2023-05-16,237.1633148193359,237.9776186062831,233.88620386268855,234.15431996470463,18163800
2023-05-17,240.80789184570312,242.14851802395924,236.48806102557035,236.79590818162305,21193100
2023-05-18,245.1376495361328,245.37597499901185,239.51690835813355,239.6261459129336,22943300
2023-05-19,243.93600463867188,246.96484994249136,241.72147830139448,245.75331182096355,21733600
2023-05-22,246.59744262695312,251.8110240364493,243.4196285026219,243.70762529469803,27738500
2023-05-23,245.0283966064453,249.8646090911643,244.93900941053303,245.0979031444432,17748100
2023-05-24,247.48126220703125,247.85861588162453,243.2508036965043,243.5785163383719,17724300
2023-05-25,250.9371337890625,253.8468015914283,247.44154720264257,251.64220015112937,22371400
2023-05-26,260.2222595214844,260.4903756445673,250.9569791114495,251.1754390496481,25727200
2023-05-30,260.698974609375,266.78645767420346,259.47752610864393,263.41004841172463,23816500
2023-05-31,262.8836975097656,263.16175399986975,256.65720201392486,258.1964378866646,25473700
2023-06-01,270.7189025878906,272.0992747694921,264.0455480083558,264.055458030824,25609500
2023-06-02,270.7189025878906,273.43991594358334,269.23924834633203,270.7685739237483,19416900
2023-06-05,269.5074157714844,273.65841235642824,267.69009328325524,268.42495029713945,20742900
2023-06-06,269.2392883300781,274.65149486016855,267.81921523595554,268.26610579564505,19419000
2023-06-07,261.77142333984375,272.34753865202845,260.9769547245147,269.7854493440546,26163600
2023-06-08,262.74462890625,265.79333998070234,257.0841872637423,258.8121074074924,20899400
2023-06-09,263.1120910644531,266.09128048444296,259.88463585946414,260.6592238964262,16949800
2023-06-12,269.1697998046875,269.8649562485659,263.489476422289,265.3167395937601,15442500
2023-06-13,269.43792724609375,273.80739946841885,267.2233852968365,272.9732299782747,16164000
2023-06-14,271.4538269042969,273.0824347639781,266.45872031027324,270.0039631439923,19175100
2023-06-15,279.8749694824219,282.01998948674196,269.5372089354566,270.4110790356921,25973500
2023-06-16,279.05072021484375,285.85320824566975,278.1867602004858,282.7747066945792,43127700
2023-06-20,282.3576354980469,282.8243763963911,274.30390780158746,276.79650603592376,20701600
2023-06-21,279.6863098144531,282.0299242153351,276.4290337087428,281.5631833397857,20556200
2023-06-22,282.90380859375,283.28117740443963,275.8629951546668,277.1440246782654,17563100
2023-06-23,286.72711181640625,287.66059352897247,277.01495618015497,279.5571952211371,51092000
2023-06-26,276.5383605957031,287.7798453288819,275.6744003041864,286.69740988156525,24232700
2023-06-27,285.0587463378906,287.3428096162056,278.7031486570512,280.0537302112872,26108300
2023-06-28,283.31097412109375,287.54140222706,282.08949562455047,282.84423326201266,16722100
2023-06-29,279.5770568847656,284.5821034580367,278.7428875068673,282.5264555414938,15395700
2023-06-30,284.98931884765625,287.044936861355,282.4470792053626,282.78471709314834,19694900
2023-07-03,284.0359191894531,287.3924775791837,282.87405224278217,284.71122518279316,8629300
2023-07-05,292.3280029296875,296.051989848089,284.37355717409923,285.65461715967666,33865500
2023-07-06,289.9644470214844,296.05192787881435,289.2891714750408,293.8374168506425,47600500
2023-07-07,288.5146484375,294.14533008005697,286.6576251143249,290.15319664583785,25586000
2023-07-10,292.0599365234375,296.06198060111325,285.0588217409282,293.49986019359466,37058300
2023-07-11,296.2207946777344,298.0976681402498,289.8751070484504,291.86123320884525,27585900
2023-07-12,307.1941223144531,307.3033750097444,298.018229368678,299.65677735101224,36677100
2023-07-13,311.23590087890625,314.0462560366947,308.13754894473334,311.4444356382771,30281000
2023-07-14,306.7274169921875,312.69573635195104,305.227881905047,309.6271747881225,23054100
2023-07-17,308.4652404785156,309.5476755688944,302.5962342022979,305.40661961180007,25323100
2023-07-18,309.88531494140625,312.0204247595342,305.48605287050566,308.7234481355329,20731900
2023-07-19,313.81787109375,316.46933252480835,308.3659342202433,310.8585322289493,21763700
2023-07-20,300.42144775390625,313.35114912707894,300.12354093668733,311.32529185234506,23836900
2023-07-21,292.2187805175781,303.34106992998585,289.1800096167301,302.45725946043933,42139300
2023-07-24,289.587158203125,295.456165615258,286.300121288059,293.72824526758416,24915700
2023-07-25,292.42730712890625,296.23072566058914,289.83539654714053,293.1423138094745,19585600
2023-07-26,296.4988708496094,299.6766547340837,289.87512632952627,299.1006914438462,47256900
2023-07-27,309.54766845703125,323.093062726987,307.6906454407034,322.864647320073,64229200
2023-07-28,323.22216796875,323.9371745671294,312.07005916085666,314.68181979529624,39220300
2023-07-31,316.38995361328125,323.40097764743524,315.3869500452548,321.4446418568017,25799600
2023-08-01,320.47137451171875,321.8914777328591,312.47722892861134,315.33725541627547,22817900
2023-08-02,312.129638671875,316.181352807346,308.49502434377376,315.7940436786542,20461100
2023-08-03,311.0174560546875,313.7583200966404,307.7800604286639,307.7800604286639,15180200
2023-08-04,308.57452392578125,316.2012416546554,308.0482016678067,312.7751616601819,17612800
2023-08-07,314.3640441894531,314.87051605492724,308.3063533786406,311.05715748858296,16236500
2023-08-08,310.47125244140625,315.684833553697,307.95877378317203,312.2190228348617,15183500
2023-08-09,303.0928039550781,311.45440924520847,300.749189402724,310.70961186199514,19955800
2023-08-10,303.6191101074219,310.1733327929032,301.7620869128098,305.8038611045428,14358900
2023-08-11,299.547607421875,302.6062288375017,298.276457393071,300.471148952911,14046300
2023-08-14,304.06597900390625,304.0858293548746,296.1810559287265,298.8921289769333,15641900
2023-08-15,299.85540771484375,305.09877954029145,297.9487132756446,304.0163444248996,11623600
2023-08-16,292.24859619140625,298.99147392780344,292.2386558608915,298.11760371319536,18547700
2023-08-17,283.1124267578125,293.9963925859732,282.9734136479024,291.01720253657277,23950100
2023-08-18,281.28509521484375,283.7081713633183,272.4766312392276,277.09436813568317,35347900
2023-08-21,287.8890380859375,288.48488211361445,279.8948908244207,281.4837981295972,20181500
2023-08-22,285.60491943359375,290.8681411112214,284.7608098384595,290.5205630066512,12980200
2023-08-23,292.19891357421875,295.33699700136754,285.6745112195998,286.49874036161424,18287000
2023-08-24,284.7608947753906,297.3827205446517,284.6516723617093,296.42938828405966,18360900
2023-08-25,283.51953125,286.3894983198096,274.1152219434127,284.145165887689,23701400
2023-08-28,288.24652099609375,289.4282685747188,283.8174375056661,286.00218856847266,14239300
2023-08-29,295.9228515625,297.0748083488483,286.18090536800884,286.5781245308477,20844500
2023-08-30,293.05291748046875,296.22079109242657,291.3944888220246,295.1085653050081,17717000
2023-08-31,293.83746337890625,299.0113137881702,293.6090479494358,293.7480610282445,17229900
2023-09-01,294.3240661621094,299.646870188194,292.42731187722154,297.2933153323232,12842300
2023-09-05,298.0679016113281,299.2993205385484,293.4601043049184,294.9596090695169,14956000
2023-09-06,297.0946960449219,301.1960211231086,293.6090349237248,299.61705445694486,15418100
2023-09-07,296.5981750488281,304.92001852805595,290.1929058097352,295.93280942459444,33748700
2023-09-08,295.8235778808594,303.13250766294516,294.72126209393633,297.144338453534,17548000
2023-09-11,305.4264831542969,306.89622744540156,299.190048128287,299.319151179612,19489300
2023-09-12,299.5674133300781,306.51885491283224,298.1473403944411,304.20500095756546,13480400
2023-09-13,302.94384765625,305.04913672382065,299.22980110519165,300.26256497984866,13210900
2023-09-14,309.5576477050781,310.6996642714737,302.9140527776012,304.61218228599614,19343100
2023-09-15,298.226806640625,309.83571785258516,296.67763047583276,309.44840865844526,28131100
2023-09-18,300.4512939453125,301.494028609992,295.73424319726615,296.1215524370896,14234200
2023-09-19,302.95379638671875,304.04617196316946,297.73027427943487,300.3817663465524,15924400
2023-09-20,297.59124755859375,305.92303162981295,297.3528917945429,302.93390184979273,19379500
2023-09-21,293.6785583496094,298.1771329325282,291.2356013293581,293.64876766916143,21319600
2023-09-22,297.0053405761719,303.2616571736316,296.2009617759947,297.22381570127465,25369600
2023-09-25,298.7431640625,298.86235709344436,291.6626494973639,293.58919436823385,18987000
2023-09-26,296.8861389160156,298.21683984687155,293.9566209246884,295.5951689952112,19417200
2023-09-27,295.67462158203125,299.20992407915827,284.80059794210763,298.3658446206744,36429800
2023-09-28,301.8514404296875,304.2049950422856,294.6418231934781,296.8662747588232,22167100
2023-09-29,298.12744140625,308.48511176016746,297.28333177621215,305.2477166099444,25373700
2023-10-02,304.6916198730469,305.04910803314016,299.5376200905421,300.6399055567097,16265600
2023-10-03,298.8524169921875,304.64196163237807,297.561447061845,302.14939381555854,17362300
2023-10-04,303.46026611328125,304.77111692642563,296.42939137112893,296.65780683741343,16880500
2023-10-05,302.67572021484375,304.0858528897177,297.42240776565654,302.51682647716126,19130000
2023-10-06,313.24188232421875,314.11578268990155,298.82261720809345,299.3489394320778,21803900
2023-10-09,316.1515808105469,318.1079164958756,309.6569694053864,310.33224509730616,22503700
2023-10-10,319.6074523925781,322.40789785267475,315.9529871386854,316.9063193123349,19038000
2023-10-11,325.54595947265625,326.55887294556385,320.70974692421356,320.7693282869798,22036300
2023-10-12,321.9113464355469,328.24709402590145,320.45154242865993,325.72470520119657,20530500
2023-10-13,312.50701904296875,322.79513787238227,310.2031054536438,321.28569292034854,21341000
2023-10-16,318.9222106933594,319.58757630951493,313.3312605530342,316.42964290324574,16536100
2023-10-17,321.7524108886719,322.1496300261243,315.098876689302,315.972776975224,16387800
2023-10-18,314.7712097167969,323.67898687087495,313.37098711933334,319.16056192127786,16851000
2023-10-19,310.64007568359375,319.65710588726887,309.5874311888656,317.6610392954345,18709200
2023-10-20,306.5090026855469,313.11286802616956,304.3441318152121,311.96094118766933,22312300
2023-10-23,311.831787109375,315.15852460578594,305.1286104668236,307.35306235106145,17796800
2023-10-24,310.38189697265625,316.141681826323,308.4752325634926,314.58256529909806,19525500
2023-10-25,297.45220947265625,308.723482489642,296.76699346232584,307.84958205293754,42192500
2023-10-26,286.3497619628906,292.95362577078447,277.46183475359373,292.95362577078447,66684100
2023-10-27,294.6716613769531,297.23375116036493,290.93773395671207,292.43726912288247,29596300
2023-10-30,300.560546875,307.253783927351,296.97557254496706,297.0153035632579,28435100
2023-10-31,299.18011474609375,301.5734004979503,294.8007027575976,301.20597199311294,19434200
2023-11-01,309.6867370605469,310.57054746980504,299.7561059558693,299.7561059558693,20434600
2023-11-02,308.71356201171875,316.60842682665236,306.1911729173726,315.0989513185942,21631800
2023-11-03,312.41766357421875,313.36105535457233,308.86248063376854,310.38186599494384,16764300
2023-11-06,313.6093444824219,316.1217931505225,312.2687334154871,313.788118889779,12887700
2023-11-07,316.6083984375,318.77326881523226,312.93405268705885,314.86059760841897,14055600
2023-11-08,317.56170654296875,319.10094217538756,312.6957035729342,315.9330988711721,13609700
2023-11-09,318.3263854980469,321.9312096368401,316.588524958862,317.2042495782576,16103100
2023-11-10,326.4894104003906,326.8171382608574,317.24399349706147,317.7206747914282,19096200
2023-11-13,326.90643310546875,330.02463537350303,323.44065270317503,323.9371842361514,16908900
2023-11-14,333.9770812988281,335.7546729067874,331.0177420621796,332.21937035057084,17179400
2023-11-15,330.4020080566406,336.05253939255226,327.7306659534748,335.58579853385356,14531200
2023-11-16,331.87176513671875,332.25904399287276,324.11594462578523,327.0851936445304,18932600
2023-11-17,332.7159118652344,333.1727124637397,327.0653796824367,327.9690708551846,14494400
2023-11-20,337.6116943359375,339.4985083381047,331.8717903028424,332.56694665905934,16960500
2023-11-21,334.6424560546875,337.542183696788,333.5699308017252,335.9830671620636,12027900
2023-11-22,339.12109375,340.5411969544513,336.2312766164619,336.856911191521,10702700
2023-11-24,335.8837585449219,339.4885523054197,334.4338645325488,337.77057245981536,5467500
2023-11-27,332.3782653808594,337.54217584072387,331.88173378053295,333.84797952206,15684500
2023-11-28,336.6383972167969,337.02570631123444,331.08717900432345,331.08717900432345,12637200
2023-11-29,329.8956298828125,337.54219886591414,328.48546670710334,337.33366406519946,16024500
2023-11-30,324.880615234375,331.18657252656726,320.1635651009382,329.5877553439527,23146400
2023-12-01,322.5667724609375,324.59259942151226,318.5349385863459,323.22219776202286,15276400
2023-12-04,317.8000183105469,318.6341876147369,311.48415201916026,315.08897564839896,19037100
2023-12-05,316.08209228515625,319.64718551244295,313.20221508572604,316.76730831301273,16952100
2023-12-06,315.2478942871094,320.0145850609323,314.840734778022,319.6967975944425,11294300
2023-12-07,324.3244934082031,325.96304155910934,315.56566907383996,315.56566907383996,15905100
2023-12-08,330.4417724609375,330.8588723302626,320.7594064759814,320.8487785252904,14087400
2023-12-11,323.0235290527344,327.60156520813075,317.7801576635214,327.1149437337118,25802500
2023-12-12,331.90155029296875,332.1498160678182,322.3085571160803,322.3482881257028,18485500
2023-12-13,332.41790771484375,336.0227313491347,330.33249960438513,331.61352908803747,16353300
2023-12-14,330.85888671875,332.3782722348448,326.3603115392627,331.5341624357067,19607300
2023-12-15,332.59674072265625,336.31078739773227,328.9223947553969,329.6870425102997,31776900
2023-12-18,342.2294006347656,345.1490085729094,334.682115014434,335.138945860617,18993900
2023-12-19,347.9295959472656,351.14714120990925,342.72595466047795,343.182755230737,17729400
2023-12-20,346.8570556640625,352.49764642963856,345.37740143974463,346.23142110305116,16369900
2023-12-21,351.6337585449219,353.93767253205505,346.7876050912574,350.53147289681993,15289600
2023-12-22,350.9385986328125,354.72216678296945,348.7836382780297,353.1133790344546,11772800
2023-12-26,352.36859130859375,354.5037013689945,350.9981895908106,352.5274850525142,9898600
2023-12-27,355.3477478027344,356.50964493837427,352.84523975673784,353.59997739376473,13207900
2023-12-28,355.8344421386719,359.38959535023514,355.3279701674536,357.2048743154604,11798800
2023-12-29,351.504638671875,357.5027488323767,349.3794992017642,356.4997453113809,14987100
2024-01-02,343.8878173828125,350.710155792769,337.651382544702,348.8829233892459,19042200
2024-01-03,342.0804748535156,345.5363456303031,340.79941486556845,342.58694677323774,15451100
2024-01-04,344.7121276855469,345.73498167183214,341.0179309990423,342.1103066897078,12099900
2024-01-05,349.5085754394531,351.04781114531914,343.8580438907482,344.5829605689194,13920700
2024-01-08,356.1720275878906,356.4898150644595,349.60786450736515,352.2395060594666,13890200
2024-01-09,354.9505615234375,358.138316118868,352.8949134884514,353.9277076707349,13463900
2024-01-10,367.9001159667969,370.3529832233645,356.58911184712105,357.671577377967,22117200
2024-01-11,367.1056518554687,370.19406356936474,360.41238591073494,369.54857861141966,17205400
2024-01-12,371.8922119140625,374.44439150060066,366.97656747114235,367.59226177945345,19310000
2024-01-16,364.9109497070313,373.00440772159226,364.68256459513566,371.05801257675466,15306900
2024-01-17,365.8146362304687,365.9834702860252,356.12233102281436,363.758988413489,12724800
2024-01-18,373.5208435058594,374.2358501785285,368.37678371670535,368.9130159917957,16354300
2024-01-19,380.7900390625,381.69369976981744,375.3480426324147,376.37089636280143,21670800
2024-01-22,379.1316528320313,387.6422114050381,378.5159585204416,385.2588658770631,17680500
2024-01-23,382.5279541015625,385.6858877821844,379.42957148217187,381.9519604782741,15506100
2024-01-24,387.98980712890625,393.4019834239674,385.1198399136178,387.294650761596,15698500
2024-01-25,390.4525451660156,392.7465185188865,382.9847215109349,387.4634458217214,15091100
2024-01-26,391.4059448242187,394.0375562472737,388.8736154766164,391.6144796109066,13163700
2024-01-29,398.2381591796875,400.13491336467393,390.3731162858589,392.2499898127957,18742400
2024-01-30,397.2848510742187,403.5411369497702,396.7982598167087,400.7903628671586,18614700
2024-01-31,387.4336853027344,395.23914738517544,384.41476473655706,386.3015787257117,20180800
2024-02-01,392.04150390625,397.72182684014746,390.3234935943001,391.20733442299183,29727100
2024-02-02,471.6950378417969,482.5889413919977,449.8675300371521,456.4118123081212,84707600
2024-02-05,456.22314453125,468.6264935538415,456.0344601086298,466.6205169046831,40832400
2024-02-06,451.565673828125,463.879650746446,449.8576040090562,460.7812985876426,21655200
2024-02-07,466.3324890136719,468.24909348841373,453.0155094480888,454.82289153063925,23066000
2024-02-08,466.7396240234375,467.3255275743359,461.804099552912,465.0712854067221,18815100
2024-02-09,464.86279296875,470.30479013249504,464.2272482894295,469.6692454531746,18413100
2024-02-12,465.6472778320313,475.82617452622054,463.34336418491074,464.9422115222754,19382000
2024-02-13,456.92822265625,464.64434291204145,451.93311610453,453.70076734156714,20916600
2024-02-14,469.9969177246094,470.8211467892726,462.8567913837344,464.68402390922387,16858400
2024-02-15,480.6723327636719,485.230488771925,468.9442599360806,471.9830306082493,24212300
2024-02-16,470.03668212890625,475.63754283013776,465.9551766088898,474.79343304710864,23324600
2024-02-20,468.4775085449219,472.87677072112166,463.3235087291464,466.4615917023691,18015500
2024-02-21,465.2765197753906,466.2408143576262,459.0732401837944,463.75552217021885,12921800
2024-02-22,483.2699890136719,487.1072651737646,473.25922588434,477.41462669114475,21625800
2024-02-23,481.1823120117187,491.4515243217583,479.512203212814,485.178650281534,18374300
2024-02-26,478.90582275390625,483.2799609921054,477.7725453653091,480.6256557583817,12101400
2024-02-27,484.1845397949219,484.4032466884035,477.0965130147055,477.15615759128826,10809600
2024-02-28,481.17242431640625,488.16106452209016,479.90990684515685,482.1466697460405,12715500
2024-02-29,487.2464904785156,488.80726119471376,479.7707124432421,485.5664305958888,17732000
2024-03-01,499.3448181152344,501.28335786141463,488.95631655672304,489.2147662749882,16273600
2024-03-04,495.2590637207031,501.45242246523446,493.49948786126953,500.040763224294,12324100
2024-03-05,487.3359375,492.6643889703307,485.0196587114357,492.0878145767347,15325300
2024-03-06,493.1714172363281,500.01094591801206,491.38201906781137,494.7023656575051,11757900
2024-03-07,509.1766662597656,516.7915739517953,498.430266500058,500.3190822784107,18586400
2024-03-08,502.973388671875,520.4897211921858,496.41221196459594,511.1649010956574,18597100
2024-03-11,480.7449340820313,494.3941685090311,473.199591298322,494.0859947316571,20428300
2024-03-12,496.8099060058594,499.3548427671604,481.8782815334404,490.3580972248313,15448200
2024-03-13,492.6544799804687,498.032655619547,488.1411811210766,492.47554623392085,12090700
2024-03-14,488.93646240234375,498.40047394838774,485.2880706609728,497.3168902547745,12620000
2024-03-15,481.251953125,488.93645663935973,478.46840785801584,486.1330702959338,29153600
2024-03-18,494.0561828613281,494.4935966845107,483.9460015609113,489.0160033565001,11755300
2024-03-19,493.3205261230469,493.7082462490932,478.4485468375205,485.2980263600341,10903100
2024-03-20,502.5459289550781,505.2101851162554,492.2568440355169,496.56135656046746,11711100
2024-03-21,504.7727661132813,512.0099050096288,503.0330616786882,511.68189014587995,9712500
2024-03-22,506.58203125,506.9697513685857,501.37286886802445,504.0172232261066,8120600
2024-03-25,500.06060791015625,504.2359104892771,497.2969644965207,502.81433078593295,8380600
2024-03-26,492.97259521484375,506.9995687205203,492.2965727329748,502.158224751726,11205400
2024-03-27,490.9544982910156,496.94905159749567,485.1985839795798,496.362495999964,9989700
2024-03-28,482.72320556640625,489.9902270320551,482.2957426384375,489.9405029909663,15212800
2024-04-01,488.4592895507813,494.5035062693651,478.9455846143477,484.3337109507277,9247000
2024-04-02,494.4438781738281,494.60294050567774,481.79871100314176,482.2460757075962,11081000
2024-04-03,503.7587585449219,504.25581696566337,495.815774689645,495.99470843998273,12099200
2024-04-04,507.9141845703125,526.8819203543317,507.5761581503475,513.3817968019891,26476300
2024-04-05,524.237548828125,527.5777665151929,511.3835659737272,513.8191641240741,19263300
2024-04-08,516.1951293945312,528.363108870354,515.8372619219651,526.1661496559301,13260600
2024-04-09,513.8590698242188,522.7762696387927,503.7588077496046,519.1576694200891,10863800
2024-04-10,516.7717895507812,519.4857091896904,502.82430073937064,506.29378924573456,11418500
2024-04-11,520.08203125,520.7779250286168,514.246571465826,518.0441042866726,10369500
2024-04-12,508.8883666992187,517.1296031880806,506.33347932820783,514.7039558507993,11984500
2024-04-15,497.2870788574219,515.4794352711156,494.3544220379405,513.6800255378373,13512900
2024-04-16,496.81982421875,501.8003287823735,494.185390414838,495.1795072199256,9847900
2024-04-17,491.2627258300781,500.1998263981414,484.2740857486125,500.1401818155544,12193700
2024-04-18,498.8477783203125,509.19656777647754,496.10403669099543,496.87944655072096,14808700
2024-04-19,478.2397766113281,499.8419152749836,472.9311965359609,499.8419152749836,25215400
2024-04-22,478.8959045410156,489.1154241927228,470.61489447706913,486.8388881901566,17271100
2024-04-23,493.1813354492187,495.8256896968282,486.0932780281285,488.3598630492171,15079200
2024-04-24,490.5966491699219,506.99957664976733,481.7291138138992,505.0709875978213,37772700
2024-04-25,438.78326416015625,443.1474209983465,412.061400567235,418.920800202677,82890700
2024-04-26,440.68206787109375,443.8135298876652,429.41870694726816,438.8628170424118,32691400
2024-04-29,430.0747985839844,437.1728069896792,426.0386868647591,436.97397149750554,21502600
2024-04-30,427.63922119140625,437.0336063968029,427.1918565129434,428.51401845869754,18429500
2024-05-01,436.6061706542969,447.31279793430986,424.5972224229701,426.0784771215956,20344900
2024-05-02,439.08154296875,441.34812827617054,429.7368502219474,436.25825462708866,15221300
2024-05-03,449.3009948730469,451.49801471944727,441.2387226459596,443.30647212359105,16489100
2024-05-06,462.9402770996094,463.41746405742725,450.6728801447899,452.89969193853585,15094600
2024-05-07,465.4852600097656,468.7559129119254,458.59603758146096,463.5467503722718,13406800
2024-05-08,469.8196105957031,472.782059273929,460.2760831496155,460.77314155474465,11683900
2024-05-09,472.6230163574219,473.2791067395544,464.8788380898599,467.2348900216278,9437700
2024-05-10,473.3984069824219,474.6907466181051,466.83723038564307,474.2831551113348,10750000
2024-05-13,465.256591796875,470.56517162323166,460.12694570512866,469.9686955031615,14668800
2024-05-14,469.0740356445313,469.75997868916056,457.3732610557371,460.6439139443861,10478600
2024-05-15,478.70703125,479.6613749209952,468.4278667730867,472.185627211796,13100500
2024-05-16,470.4458923339844,474.8796446556367,469.9687053603125,472.2054681039629,16608200
2024-05-17,469.1336669921875,470.0184151764491,465.6642090368279,468.060003849129,10807300
2024-05-20,466.0816955566406,470.4160603822013,464.292297533688,467.18518092995544,11745100
2024-05-21,461.8965148925781,467.93081142737947,459.55038336084,464.3718561303109,11742200
2024-05-22,465.0279846191406,470.9330412080675,462.9105108484193,465.11745149618025,10078600
2024-05-23,463.0397033691406,471.56921182322856,458.824658013912,470.0979384344224,11747900
2024-05-24,475.406494140625,477.02690923157047,463.5566096119078,464.8688509498796,12024300
2024-05-28,477.0965270996094,478.0309689396704,472.0463969875921,473.77615043562696,10175800
2024-05-29,471.5692443847656,477.02696640517695,470.91315397517894,471.8674976362521,9226200
2024-05-30,464.3022155761719,468.9547050193101,461.9759860236206,468.8950604414013,10719600
2024-05-31,464.0835266113281,466.36006254960574,451.786306802676,463.05958753361114,16919800
2024-06-03,474.6807861328125,476.7783882019674,465.4852064106632,468.08978738058096,11279400
2024-06-04,474.1837768554687,476.0726231021899,470.4459182059382,474.1937277319372,7088700
2024-06-05,492.1474304199219,493.7280723944885,481.0630348468315,481.59986638058245,15690500
2024-06-06,490.8551330566406,499.86182906109696,488.0020226239272,490.07972314692046,10667300
2024-06-07,490.0597839355469,495.974790725418,487.28622005011016,492.9924404793725,9380700
2024-06-10,499.64312744140625,499.70277202447545,490.5071912988335,490.95452567185265,11220900
2024-06-11,504.4844665527344,504.6137065941105,495.3385796246827,497.2174749867736,9673700
2024-06-12,505.8463745117187,510.98597157055474,501.5020890731281,510.9660698187759,11983200
2024-06-13,501.13427734375,506.363311002543,498.4103767232153,502.7347908052071,9954600
2024-06-14,501.6915283203125,504.6668789222054,498.2982207663716,500.1889118858626,10243300
2024-06-17,504.14947509765625,508.249298155344,493.5814769288384,499.2137684390171,11266600
2024-06-18,497.0444030761719,503.5225387370223,492.596287734658,502.0895867902152,13060400
2024-06-20,499.24359130859375,501.2039470199272,494.3377064682487,499.5421103029458,11801200
2024-06-21,492.3574523925781,500.9850156207208,489.979170124031,500.9850156207208,22359200
2024-06-24,496.4672546386719,505.3137118811253,491.86987981067074,496.75584325197343,13525300
2024-06-25,508.1000061035156,508.2094529447459,493.0739326572807,494.6163313992583,12063200
2024-06-26,510.6076354980469,511.2942595205893,502.2089573502192,504.16931296840505,8882300
2024-06-27,517.0160522460938,520.3198036670298,511.383792286214,511.7320542707282,10121200
2024-06-28,501.751220703125,519.3247568056853,501.37307641419807,514.6179354412975,15855100
2024-07-01,502.2090148925781,504.0997061759719,490.75538997483915,502.4777123736727,10328200
2024-07-02,507.0054016113281,508.0005054417723,497.0046202626273,498.30820385105653,7739500
2024-07-03,507.4631042480469,508.77664849779654,503.5423930095908,503.89068539874273,6005600
2024-07-05,537.2664184570312,538.2217398856855,509.0950651660791,509.0950651660791,21354100
2024-07-08,526.7283325195312,540.1522726002711,524.0714224714271,539.6945030030015,14917500
2024-07-09,527.4050903320312,534.8484483976972,525.6039546228031,531.1367301221164,8753200
2024-07-10,532.0719604492188,536.2414470734433,525.772937487705,528.1910320115911,10983300
2024-07-11,510.1897583007813,532.8383317448535,505.8809416050376,528.2906998418636,16458300
2024-07-12,496.4274291992187,505.6022874749347,491.8101633460848,495.3228785549261,19750500
2024-07-15,493.730712890625,504.1991941002853,490.9543647414635,496.188620530373,12539200
2024-07-16,487.3918762207031,501.4825490228506,483.4114612043278,499.0445326780581,14075800
2024-07-17,459.72802734375,476.8239349161113,456.87208409476005,476.8239349161113,28076600
2024-07-18,473.5201721191406,476.8935583722376,462.2655500283145,472.6743277747539,19267200
2024-07-19,474.45556640625,484.3269794518845,473.38083725734424,473.7291296735296,15149400
2024-07-22,485.01361083984375,489.6507984290717,481.5307473618028,484.19761839377304,12023100
2024-07-23,486.2972717285156,492.7952982379557,485.3320198411337,487.4416350090635,9455500
2024-07-24,459.0115051269531,473.96791357765954,458.32488109609346,469.9974592525505,17649700
2024-07-25,451.19000244140625,461.28033884291114,440.4826761953806,460.99178061568097,18240500
2024-07-26,463.41986083984375,467.4699103049838,457.1706100687651,461.9272051107502,14222400
2024-07-29,463.4298095703125,471.63941640526457,462.7431854783001,467.579406023424,11339600
2024-07-30,460.9221496582031,470.41544878621977,454.4639354603108,464.7134928556887,11390400
2024-07-31,472.505126953125,474.166963671529,464.4647015607264,468.7137838808179,24285800
2024-08-01,495.302978515625,524.5888774106356,489.6906086164732,518.4491036879097,43083100
2024-08-02,485.7499694824219,498.6962488962436,473.8186546145976,486.6057441489951,24044700
2024-08-05,473.4007568359375,481.11281153240685,448.5927952293006,449.1401205576873,21396200
2024-08-06,491.67083740234375,500.0993678802894,476.3064321601276,476.6547245669501,20955000
2024-08-07,486.5261840820313,507.65221922463576,484.4762422275854,500.6666011821778,20105300
2024-08-08,507.134765625,507.4631365242445,492.2977639959644,495.0641514061811,16156800
2024-08-09,515.2349243164062,515.8021407821636,503.22401392066257,505.2241519485124,13696600
2024-08-12,513.4237670898438,515.4836390409224,506.6073006588977,514.3292847345034,9767400
2024-08-13,525.9521484375,528.8976775945399,515.6130659607747,517.4639444796859,13743800
2024-08-14,524.1809692382812,531.3855121572074,520.5687370214526,525.474592232972,11444200
2024-08-15,534.6991577148438,537.1272134882921,524.1211991482853,529.186243628135,13482100
2024-08-16,524.8375854492188,531.047022925906,522.0910894723046,529.2956914023695,14776700
2024-08-19,526.6885986328125,529.0568899352673,520.2005020489785,524.2903643248923,9879700
2024-08-20,524.1509399414062,528.4896381293336,523.3051261111399,525.7630030379831,7944400
2024-08-21,532.5396728515625,536.7589635856626,524.3499887826099,524.5689431809233,13423300
2024-08-22,529.3255615234375,541.5653262197158,526.0019488156585,534.3707451204748,15708300
2024-08-23,525.4148559570312,537.2267343182201,522.4892480796358,534.2911656840746,11323900
2024-08-26,518.5685424804688,525.4148622106036,512.4287683884583,525.0167963537939,9584000
2024-08-27,516.558349609375,521.444343197647,512.7869281357935,516.4389420142859,6282700
2024-08-28,514.249755859375,518.5386506823367,509.9409395253756,515.1353520558432,9106100
2024-08-29,515.6826782226562,524.6187519270367,513.1551363566217,516.5086314086758,8317400
2024-08-30,518.757568359375,520.9766304354436,512.677498614824,518.797350646977,9157500
2024-09-03,509.2543029785156,522.9170579810492,506.1296626380859,517.0957253590994,12459100
2024-09-04,510.2294921875,514.0606781053099,501.6019595944186,503.5921671144299,8335200
2024-09-05,514.329345703125,519.0760103589896,508.6473113953943,509.2145278610141,8640900
2024-09-06,497.820556640625,522.011557449387,495.8104579393683,519.3247650985389,14744500
2024-09-09,502.3184509277344,508.82640785276607,499.6216977903083,503.6817382618634,11047800
2024-09-10,502.3184509277344,511.6624597294251,497.5817471669727,505.6719458429353,9899000
2024-09-11,509.3239440917969,510.6076364452127,493.1734295034738,504.5275670486504,10782500
2024-09-12,523.0265502929688,524.1311617071216,512.6973676482601,514.5184246686891,11970500
2024-09-13,522.05126953125,524.9967981863681,514.5780314373401,517.7922575123035,10321400
2024-09-16,531.1752319335938,531.9919419852342,515.3579036757625,522.469676680895,9527600
2024-09-17,534.2032470703125,539.9604028191319,528.4759413037808,535.4781635235854,11690800
2024-09-18,535.8267822265625,542.0521141587554,531.7927792933529,534.9502506269691,10323500
2024-09-19,556.893310546875,559.8516201147253,544.3630052709944,547.8292508952223,15647000
2024-09-20,559.1343994140625,562.2719910868118,554.1043432735547,557.7897520081747,22066800
2024-09-23,562.1823120117188,571.7145476196829,560.1902057812791,567.2522491176607,12830700
2024-09-24,561.1066284179688,565.5091662433006,552.0026881920077,564.4433820957124,12993000
2024-09-25,566.06689453125,574.6030762858749,561.4949843782488,561.8236989002396,16543400
2024-09-26,565.598876953125,575.1211431321373,560.1304938071579,573.4576905129869,14400800
2024-09-27,565.1207275390625,568.587034006437,562.2820002439122,567.8499035731115,9398400
2024-09-30,570.1806640625,572.4118133775064,562.5708034533277,565.4593818880203,12792300
2024-10-01,574.1947021484375,580.7387783195545,567.8498487564399,575.6987520585425,15259300
2024-10-02,570.5492553710938,573.7266676462524,567.0929798010694,572.5911523592456,6524700
2024-10-03,580.4698486328125,581.0574858806771,566.4852250655888,567.8996641519551,11581000
2024-10-04,593.5879516601562,594.494333330652,579.1352098739677,581.4261200952628,14169500
2024-10-07,582.4719848632812,600.5702534093805,581.7348544719052,595.8588807132597,12014200
2024-10-08,590.5499267578125,591.2172653007906,583.6571956540708,587.3625447345094,7857400
2024-10-09,588.1792602539062,592.0439507147165,579.3143643342203,591.6455052014218,9529700
2024-10-10,581.525634765625,587.9003374315595,580.2208077791677,585.2508632249344,7740400
2024-10-11,587.62158203125,588.8766187572965,580.4101667801536,582.5217946450296,8587100
2024-10-14,588.089599609375,597.7313854257404,587.6314541342896,591.8745888786619,8252000
2024-10-15,583.9560546875,588.2788909804673,577.850244485156,587.8306549386698,9564200
2024-10-16,574.5134887695312,579.7826489722071,571.7644330744417,579.1053401086986,11268400
2024-10-17,574.6529541015625,582.6611997864444,572.9298015535481,581.0277187741455,8701200
2024-10-18,574.1947021484375,581.6651004084903,572.9795465460454,578.8064328711839,7694300
2024-10-21,572.889892578125,574.9617001148115,566.8637832891501,573.7565147335716,8171900
2024-10-22,579.7129516601562,581.226972027945,569.8619705986506,572.0233890911012,8544500
2024-10-23,561.465087890625,582.6909737505193,560.2797824524224,577.6807982479728,14248400
2024-10-24,565.5390625,566.6346966004356,559.3037603206038,564.8916036624881,7184700
2024-10-25,570.9874267578125,578.9956716161158,569.463436367779,571.6647355552979,11337900
2024-10-28,575.8780517578125,581.4460155123639,571.8540189924909,579.7029225322412,10925100
2024-10-29,590.9384765625,591.3268911100713,573.1290403357294,577.8602930748424,13019100
2024-10-30,589.4641723632812,598.8270951847134,587.0537410474774,598.6079319045934,26864900
2024-10-31,565.33984375,587.571756560939,560.7878737214265,582.6910719821886,26838400
2024-11-01,564.9215087890625,571.4058248782926,560.339688365465,565.3697448899991,15303200
2024-11-04,558.4671020507812,566.4454979265795,555.6881355028934,561.8735869795249,12064600
2024-11-05,570.170654296875,571.2164978665354,564.433378859103,565.0608971597502,9775400
2024-11-06,569.7921752929688,570.7384379160791,552.9787937592303,560.5288934332871,18305400
2024-11-07,589.3646850585938,592.4524256318628,572.9397776720764,574.6131397370345,14653700
2024-11-08,587.0139770507812,590.7590857439004,582.2129936797714,589.205245296399,9415700
2024-11-11,580.8682250976562,584.6831252027152,574.2345387059856,584.0456366766098,10209100
2024-11-12,582.5117797851562,597.2931737075237,578.0893016004109,586.217068126676,16287700
2024-11-13,577.7107543945312,583.3285080451261,572.899801262269,580.3104381986861,10757600
2024-11-14,574.8820190429688,578.4678469202681,570.7484348770021,574.7226772857438,11053700
2024-11-15,551.89306640625,570.3100767540825,549.3232326292208,568.965368719872,17712900
2024-11-18,552.2119140625,557.690206619492,547.9189272359731,554.8414482862169,14327300
2024-11-19,558.87548828125,559.2141123072212,548.4268396780825,549.6818763732618,9522400
2024-11-20,563.2879638671875,564.1146441614266,552.012635573936,560.7081596102355,9797300
2024-11-21,560.8675537109375,567.7502537214924,546.8829296056848,567.272167698836,11154700
2024-11-22,556.9332275390625,561.6047197027932,552.4011974206409,561.325795612175,9164000
2024-11-25,562.879638671875,570.3301583372638,554.1940834953002,559.8815086561405,13599800
2024-11-26,571.2762451171875,575.2206370859942,562.9691967147016,563.7660269968359,10356600
2024-11-27,566.9534912109375,572.7106470696727,561.8735834357757,572.6210363268373,7200200
2024-11-29,572.0532836914062,576.1769585485704,564.6625859365694,566.7542733482691,7130500
2024-12-02,590.490234375,592.1536261932165,573.2983464509542,575.220721827725,12522400
2024-12-03,611.2279663085938,611.7757833163611,588.9163541140966,592.6515529773995,14907200
2024-12-04,611.3575439453125,615.3417566258435,602.7117489296108,610.5407730504924,14697000
2024-12-05,606.526611328125,617.453345528134,604.6540266228751,614.6444684702592,8081200
2024-12-06,621.30810546875,627.3043042136323,606.1282648810326,607.6920148593949,16935500
2024-12-09,611.1483154296875,623.9276938833166,603.7774980807178,621.4574408246348,11426000
2024-12-10,616.8756713867188,623.1209443670939,610.3216243479825,615.1226080382442,10938900
2024-12-11,630.1828002929688,635.8802550257312,619.0768458979735,620.9095493602466,10837200
2024-12-12,628.30029296875,634.1471196152161,624.7344667566571,629.0075125330641,7474700
2024-12-13,617.9014892578125,628.5891798937306,614.4551845907804,624.7443688921585,8453300
2024-12-16,622.2777709960938,629.1660843597223,616.6355892593001,627.9997182991576,10885600
2024-12-17,617.4928588867188,630.3822075101276,614.6019503899752,624.2016843799404,12897800
2024-12-18,595.312744140625,625.3878881375024,594.4454838407464,619.0478953096681,17075500
2024-12-19,593.6978759765625,609.5977504710141,593.1296604292414,608.4712976770209,14958100
2024-12-20,583.4102783203125,601.2141211648265,578.1767815903994,588.7235406079465,48989400
2024-12-23,597.9644165039062,599.2005698155671,584.4071908696653,587.746636194458,10205800
2024-12-24,605.8395385742188,606.0787743995681,597.3961932142544,600.8253211686514,4726100
2024-12-26,601.453369140625,604.3941081026211,597.0572585697707,603.576678438532,6081400
2024-12-27,597.924560546875,599.9581261267912,587.9460161502445,597.5257935657311,8084200
2024-12-30,589.3814086914062,595.0635027304218,583.739227850836,586.8992458198082,7025900
2024-12-31,583.6694946289062,592.1028621932754,582.0146786657892,590.4082547146103,6019500
2025-01-02,597.3563232421875,603.0084829766075,585.9722382113614,587.8662291946306,12682300
2025-01-03,602.7293701171875,607.5840565630332,594.5351777814667,602.8589663338769,11436800
2025-01-06,628.218994140625,629.0064888916852,603.7162437232414,609.906744646259,14560800
2025-01-07,615.9476928710938,630.112985152474,606.3180247667793,629.7142790484268,12071500
2025-01-08,608.8002319335938,614.5022833089956,600.895166417742,611.4718611566152,10085800
2025-01-10,613.9240112304688,627.9298324702991,595.4622707729309,608.112381815468,19256600
2025-01-13,606.4177856445312,607.0557276203978,596.5688376806378,605.1916106669787,10785000
2025-01-14,592.3820190429688,603.586677198732,586.6999244030517,603.1680144738151,13598000
2025-01-15,615.1801147460938,620.5033555415417,604.5935029582943,608.2918626953108,15524300
2025-01-16,609.37841796875,614.3128702309481,607.7934500715568,609.5778014543201,8355300
2025-01-17,610.8438110351562,623.0054123386464,601.7723798733631,622.0883213436317,17280600
2025-01-21,614.522216796875,619.5463519549992,607.0956232572347,615.8879054164239,11674000
2025-01-22,621.5401000976562,631.7080497498704,617.482886369199,621.3407166057895,12274000
2025-01-23,634.4493408203125,634.5988327915112,619.197448317166,625.3878883324852,9910200
2025-01-24,645.4546508789062,649.9504837452617,632.2064489650473,634.3995455880619,19065300
2025-01-27,657.8057250976562,661.7831731182577,623.1350240288891,624.6402872001196,28399200
2025-01-28,672.2103271484375,680.434394086623,657.3969918528114,663.9064946462431,20950100
2025-01-29,674.363525390625,678.9091891458575,663.5775294568425,672.8782187611764,21377800
2025-01-30,684.8405151367188,708.5557128184324,673.9747533685537,694.6296546921253,29322900
2025-01-31,687.0136108398438,703.082934049854,683.4249514874042,688.8278971175284,19303900
2025-02-03,695.2676391601562,701.7870595426608,673.1274317559399,673.7853303532094,21415700
2025-02-04,701.9764404296875,705.4853950757674,689.435967564897,700.291750368734,13826300
2025-02-05,702.6543579101562,715.8826654247008,696.8127924114283,701.338499801199,17778200
2025-02-06,709.7518920898438,716.6402049884904,701.2885896343017,703.6611131134636,13080700
2025-02-07,712.27392578125,722.7309407303161,709.5126138066624,714.5467269625192,16427100
2025-02-10,715.1448974609375,718.932940098342,709.0939710353202,716.3012242622654,12904300
2025-02-11,717.537353515625,721.3852053088176,707.8080235680292,711.077742352479,12998000
2025-02-12,723.099853515625,724.8144176821432,710.3599968194253,713.0515218383842,12016500
2025-02-13,726.2698364257812,726.7084557601091,715.7828856053137,719.2519879198333,12569100
2025-02-14,734.3543090820312,738.5809711848887,723.3390562017464,723.8574410856692,16901200
2025-02-18,714.1181640625,734.6833207719243,704.2193852371487,733.6864641630071,21938700
2025-02-19,701.5578002929688,704.7776276936228,693.2041369812721,701.886719169158,17535500
2025-02-20,692.6558227539062,703.4118828816584,691.4595827411689,695.088155137264,12587400
2025-02-21,681.4013061523438,701.6574392501641,680.2150443830811,694.3903766528952,15660400
2025-02-24,666.02978515625,685.1096345134455,660.3676471383606,684.122756243814,15677000
2025-02-25,655.4332885742188,665.900284057153,639.8424349858167,663.8766357256659,20579700
2025-02-26,671.5823364257812,680.8630693918321,655.9316748718801,657.576512679624,14488700
2025-02-27,656.1708374023438,686.485278775033,655.5029605584499,680.3047560748793,12500000
2025-02-28,666.0995483398438,667.5250458825946,640.579984557629,655.9714518798419,17534200
2025-03-03,652.9908447265625,679.1084974580099,648.7941177590432,671.5622863758869,10843800
2025-03-04,637.9882202148438,647.7075720071792,621.6896392388619,643.4809097831836,21495200
2025-03-05,654.406494140625,657.4269991717806,635.6556218898671,638.985150066886,13770000
2025-03-06,625.9561767578125,648.5150471759833,622.1481771276858,645.9630966353535,13446500
2025-03-07,623.6932373046875,632.7945424007281,598.7219930959255,623.4041708110899,21375700
2025-03-10,596.1102905273438,608.1921880983464,585.0252495931782,606.1586224627868,21999900
2025-03-11,603.8060302734375,612.9970188777876,591.4649407555324,593.1795048947525,17401500
2025-03-12,617.6124267578125,631.3391605894193,607.4344997247063,627.9199500067502,15747000
2025-03-13,588.7833862304688,618.549509168397,584.666363679096,618.300295022882,16480300
2025-03-14,606.2288818359375,607.4860482974414,593.4378646925935,601.43972556622,12364500
2025-03-17,603.5349731445312,611.716419847394,596.6505197119633,606.0891936692743,15473900
2025-03-18,581.0458374023438,598.895481615564,573.3632009688982,598.695920754158,20297700
2025-03-19,582.7420654296875,590.9834364727485,573.473050249603,582.9616006660708,20537500
2025-03-20,584.6776123046875,608.8230139342973,578.2022676048324,581.4449335433823,24336500
2025-03-21,594.904541015625,596.1916081624212,579.6390781803701,582.1034753081934,25015900
2025-03-24,617.4534912109375,621.1351668672481,610.818534005287,613.5822418688982,15741300
2025-03-25,624.896728515625,632.4496541118687,619.7782994932003,625.3457252697278,15312500
2025-03-26,609.6012573242188,625.3356905979604,605.2411234358802,623.479902445872,12609800
2025-03-27,601.2202758789062,612.8639250968658,598.745830668508,600.6415676163016,10436500
2025-03-28,575.4385986328125,600.3921742735024,572.6249545466391,598.9554211422102,17602800
2025-03-31,575.0594482421875,577.3941949049992,552.0514847999954,562.2284810192266,21124700
2025-04-01,584.6776123046875,588.5787620697387,568.713718453365,569.5518496754252,12836600
2025-04-02,582.6123046875,591.3225852084037,572.0661494891557,573.612639602056,13470800
2025-04-03,530.4203491210938,551.3130986556911,529.1033205063213,544.9873786131755,34777500
2025-04-04,503.5910949707031,516.8311404448868,493.0848569823107,505.4768143795348,38589800
2025-04-07,515.0850219726562,538.1528441381656,480.8125306436679,484.0053216518451,36606100
2025-04-08,509.2981567382813,546.1946900687835,501.72525715038495,542.0241297513288,28034200
2025-04-09,584.4481811523438,586.563392325636,500.9769327422793,508.1207792653783,39216600
2025-04-10,545.0572509765625,579.9882591353082,534.0920601322453,574.1913720884271,28173500
2025-04-11,542.3433837890625,546.1647580379857,527.3972072394978,534.3015744722139,17642300
2025-04-14,530.2807006835938,556.5114165099282,527.0879701726936,554.9149903570471,14130900
2025-04-15,520.3432006835938,536.7261316213554,516.3322523952014,530.9092700648307,15558700
2025-04-16,501.176513671875,512.2115538752881,494.5115946838527,507.36253528750194,18735100
2025-04-17,500.3484191894531,506.1552631934533,496.8862480413959,504.1099012067369,14593500
2025-04-21,483.56634521484375,492.38639367876976,478.71729620364266,490.22127698998224,16166000
2025-04-22,499.1510925292969,505.7362053967078,485.26249029169,490.7600664511802,17399400
2025-04-23,519.0960693359375,534.1320723212986,515.3545309290855,527.3374410103529,18173900
2025-04-24,531.9469604492188,532.6952680588365,516.3322506362241,517.5594556288198,13910000
2025-04-25,546.0350952148438,548.6192167322417,535.0399425493104,545.566124111354,17098900
2025-04-28,548.49951171875,557.2297674992926,539.3701950695558,554.3862228326028,15179000
2025-04-29,553.1889038085938,555.3141023170735,542.8921836696377,544.7679463052672,11835000
2025-04-30,547.7611694335938,547.8609194224242,528.305171612182,537.1851129255415,29244000
2025-05-01,570.9188232421875,591.6120134415539,569.2126599544815,590.7439814787114,31159000
2025-05-02,595.6727905273438,602.9762796011632,577.024963745963,582.143392314511,24739300
2025-05-05,597.917724609375,601.8488361583287,586.7230116613694,589.8858412822701,13887700
2025-05-06,585.9847412109375,594.6850963262071,585.2564079323492,591.1929940245881,10600700
2025-05-07,595.4632568359375,601.7191276587725,585.3461237925522,589.0277995025451,13139100
2025-05-08,596.6605834960938,609.9205723172726,595.2737054544873,604.9218677784463,14622800
2025-05-09,591.153076171875,605.6003835325008,590.3748678564078,602.3577169402795,10427300
2025-05-12,637.9871215820312,638.944977269137,619.628677643235,629.4963146177121,21965100
2025-05-13,654.5496826171875,659.4286019389394,641.3794565378789,644.083302386897,18570800
2025-05-14,657.8721313476562,661.1746598556101,652.8335389149222,659.7179933381154,12348200
2025-05-15,642.4271240234375,655.8268126376665,637.1390953699993,652.8036813375844,14341800
2025-05-16,638.8950805664062,638.9948305544648,624.7370982869602,636.5204462352993,18519000
2025-05-19,638.98486328125,641.5490713874889,626.3833579870233,626.8323547421304,9592400
2025-05-20,635.662353515625,637.9072763695222,630.8333091235804,634.5748472134089,6743500
2025-05-21,634.06591796875,645.150832304797,628.7479287022497,630.3642681060018,11464600
2025-05-22,635.133544921875,641.7984637515493,629.2867830155565,632.6192119816805,8228400
2025-05-23,625.6449584960938,631.022809904483,621.2449370057717,622.5918662034928,8454100
2025-05-27,640.8705444335938,641.6288391569669,631.322132840975,633.9761034753569,9508400
2025-05-28,642.1277465820312,649.4112615873161,641.1000415977985,641.1499165908115,9042900
2025-05-29,643.5944213867188,651.8457794764735,638.0569572367845,650.1795649115138,8858800
2025-05-30,646.0288696289062,647.9445199213626,631.3521030687026,641.0501397655987,16241000
2025-06-02,669.3861083984375,671.7407683371362,642.8062081386795,642.9359196596392,15766300
2025-06-03,665.34521484375,674.0555568287034,663.5293753010757,669.9348713872049,11585000
2025-06-04,686.3976440429688,687.4452625248051,667.0613703936261,667.8096780088563,14031900
2025-06-05,683.0750732421875,692.8130584501095,680.7104262850396,690.0991647687987,13083100
2025-06-06,696.1356201171875,701.2240874679378,690.3087714429512,694.5990561951916,11728000
2025-06-09,692.4938354492188,703.5987252238476,692.3741111037318,696.8839311085023,12773200
2025-06-10,700.8150024414062,701.6430856337115,689.9994369756769,699.7673231326536,10850100
2025-06-11,692.5736694335938,707.2704113136799,690.4284966062165,702.1220817843749,9582500
2025-06-12,691.79541015625,693.8108714889893,685.4497761885773,691.7355479828731,7322700
2025-06-13,681.3291015625,693.00271273635,679.4733132608307,686.3976556130428,9274400
2025-06-16,701.0746459960938,706.097186349852,692.4774795938313,698.2888218186604,13720300
2025-06-17,696.19189453125,704.9188720421186,695.0236535754563,700.9548121157454,10066100
2025-06-18,694.734130859375,700.5454731369719,693.8654310237622,697.1405159449071,10068300
2025-06-20,681.3340454101562,700.7750888089137,677.659531763817,699.7066745861354,22538600
2025-06-23,697.4900512695312,698.009235646563,677.7394706648903,682.6721183845542,11080100
2025-06-24,711.1396484375,712.1281647182683,701.0646441862544,703.840534417847,13823200
2025-06-25,707.6248779296875,715.5131404309827,704.329803307428,712.2579843149763,9320400
2025-06-26,725.0089721679688,727.1357448031094,709.9913257897466,713.2963951875835,13964800
2025-06-27,732.5377197265625,734.335027558332,724.7792688020234,725.4383202717177,18775700
2025-06-30,736.9911499023438,746.7865422233173,733.1568401231899,743.4414931754206,15402100
2025-07-01,718.149169921875,736.6516110389775,714.3049263192432,735.7829112020786,13431200
2025-07-02,712.507568359375,719.2275285170003,711.7386953151484,714.2649576351612,9336700
2025-07-03,717.9395141601562,727.9446154194361,713.3563211505465,725.5281745483136,8601700
2025-07-07,717.2804565429688,725.9176023238477,712.4476967305745,716.5315731843128,9457100
2025-07-08,719.5969848632812,721.8336399994789,713.7457243829997,720.4956692403485,7770700
2025-07-09,731.6890258789062,736.4319538163115,721.6439452565418,721.6439452565418,11418000
2025-07-10,726.1572265625,734.704479422628,718.5285868802704,730.4608071076664,9913600
2025-07-11,716.4417724609375,724.080346484783,708.6434025181652,721.4243335394181,10873900
2025-07-14,719.8466186523438,726.9160944373699,715.4831299390246,716.5315544248375,8939400
2025-07-15,709.3323974609375,723.3913915043134,708.7632387544227,722.8222937420867,11529500
2025-07-16,701.8634033203125,712.9069335357998,698.2288692710704,712.3078512596281,13067600
2025-07-17,700.3656616210938,704.8490277671435,696.0720759709156,703.3412662167694,11803300
2025-07-18,703.2314453125,703.6607977835126,690.6202449112741,701.1445302429636,12779800
2025-07-21,711.908447265625,715.932476351091,704.7092210614702,705.7476506911312,9404400
2025-07-22,703.7606201171875,715.5330442831794,700.3656579311477,715.1236815394241,8921100
2025-07-23,712.517578125,713.5660026063329,703.880432607157,705.3182910497592,8771600
2025-07-24,713.7357788085938,722.5426547237513,712.9369820539731,715.9824289621253,10920800
2025-07-25,711.618896484375,719.5770617883383,710.8400895031193,715.8525738749273,8271700
2025-07-28,716.5615844726562,723.6609843506268,711.6189419324959,714.1352096135126,8715700
2025-07-29,698.957763671875,723.3913008144071,698.8678708582052,718.9279854910714,13267000
2025-07-30,694.1749267578125,707.4451173939698,690.170887478499,707.0357546566921,27077300
2025-07-31,772.2884521484375,783.5816106103192,764.3702661872821,774.0458414913344,38831100
2025-08-01,748.8933715820312,764.8595554226001,744.2003568990668,759.5973820600149,19028700
2025-08-04,775.214111328125,775.6933771870287,757.2808287946278,758.8684883686742,15801700
2025-08-05,762.3233032226562,781.9639994147884,761.863966178597,775.2939526074297,11640300
2025-08-06,770.8406372070312,772.488205034118,759.327834976083,768.853609707056,9733900
2025-08-07,760.6957397460938,773.8461140652291,758.4191051508143,772.3383525306105,9019700
2025-08-08,768.1546630859375,768.7538063796192,757.4506521481833,761.6144268371896,7320800
2025-08-11,764.729736328125,772.3084628390361,763.531510748687,768.9334902466898,7612000
2025-08-12,788.8237915039062,792.4883102810505,771.2799436630941,771.849102319645,14563100
2025-08-13,778.9186401367188,794.2757473900336,777.0713578354987,789.9721665216805,8811800
2025-08-14,780.9655151367188,786.6370510429252,771.3598429397638,776.7218428333804,8116200
2025-08-15,784.0609130859375,795.0645257736991,779.6575056048304,782.9825648931883,13375400
2025-08-18,766.2274780273438,774.6549143701418,755.4335751910228,773.9360156125421,16513700
2025-08-19,750.3611450195312,766.0277875160474,748.2443062415024,765.977874147037,12286700
2025-08-20,746.6067504882812,749.083099657565,729.911672806752,746.4570103778062,11898200
2025-08-21,737.9995727539062,744.3900685450179,732.0185006665147,743.6012666698691,8876300
2025-08-22,753.6661987304688,755.7731035460037,733.2966081137474,738.1293678852983,10612700
2025-08-25,752.1784057617188,757.7501148109367,749.0131426125197,753.6961621486424,6861200
2025-08-26,752.9772338867188,753.7461069744401,746.8264320177999,749.6821592803592,7601800
2025-08-27,746.2672729492188,753.0272129802489,741.7340542390842,751.1799307743298,8315400
2025-08-28,749.99169921875,751.9288132977724,739.6970516455432,742.8922995313089,7468000
2025-08-29,737.6002197265625,746.0276565106426,734.2551707121078,744.1704403453122,9070500
2025-09-02,734.0155029296875,734.9041924629622,720.655419120511,724.9589996576248,9350900
2025-09-03,735.95263671875,739.1478846127889,732.8971950134412,734.9042121918441,7699300
2025-09-04,747.535400390625,760.0267237435045,744.7095967582477,747.4555024338443,11439100
2025-09-05,751.3297119140625,756.821523128746,743.9207763942886,751.4994417417535,9663400
2025-09-08,751.1798706054688,765.3687349414048,750.9003191950952,754.8743737770961,13087800
2025-09-09,764.5599975585938,765.1590798691678,752.3082462809408,756.3621991005824,10999000
2025-09-10,750.8604125976562,764.5600175863916,749.8818911499914,763.990858904295,12478300
2025-09-11,749.7820434570312,755.9727638030715,747.2557810059183,753.5264602522736,7923300
2025-09-12,754.4650268554688,756.4420593260343,742.6526235095245,747.6151944100551,8248600
2025-09-15,763.5614624023438,772.9175066813722,750.8703641812288,756.3421855933647,10533800
2025-09-16,777.8401489257812,780.1966205012909,763.960820221922,765.8580156945753,11782500
2025-09-17,774.5650634765625,782.1238004242355,765.1691000860621,778.828725718326,9400900
2025-09-18,779.0883178710938,787.6056471582369,772.2085614820411,779.5875734416616,10955000
2025-09-19,777.2210693359375,789.6225600448605,768.0447499547826,785.2490765825911,23696800
2025-09-22,764.5364379882812,785.0896826443245,763.8469978355404,781.2128396094075,11706900
2025-09-23,754.784423828125,769.9719880546131,750.4579354131178,768.6231126086477,10872600
2025-09-24,760.0401000976562,760.4897455830934,751.9167814613187,756.8827020619125,8828200
2025-09-25,748.2996826171875,756.1533238123261,743.9432502397539,752.8360219788784,10591100
2025-09-26,743.1439208984375,751.3172477286904,736.7491118404043,749.3888277967437,9696300
2025-09-29,742.794189453125,750.1681799899285,738.5476529969768,748.1098002440084,9246800
2025-09-30,733.7815551757812,742.3645209926972,725.7081225297242,741.6451369970716,16226800
2025-10-01,716.7554321289062,721.2617054862658,709.6212362201944,720.9020135039985,20419600
2025-10-02,726.45751953125,727.176964520395,717.5548070653372,721.9911913779041,11415300
2025-10-03,709.98095703125,730.4043027655052,709.6012618171895,729.0354240673363,16154300
2025-10-06,715.0767822265625,716.2958197616522,689.9473135389625,704.6153434967972,21654700
2025-10-07,712.4989013671875,717.9144673294414,705.1748577839295,717.135073707775,12062900
2025-10-08,717.2550659179688,719.063588526951,707.233209995552,712.8686286502683,10790600
2025-10-09,732.9122314453125,732.9122314453125,711.8593952481671,717.694662739213,12717200
2025-10-10,704.7252197265625,734.6708280741015,703.9358854737135,730.3243364156914,16980100
2025-10-13,715.1167602539062,719.353295154282,707.0633311027989,712.4289500007787,9251800
2025-10-14,708.072509765625,714.966850016347,698.7600977854659,707.2032236513401,8829800
2025-10-15,716.9652709960938,723.3101331023296,708.9318445822669,716.4756800447307,10246800
2025-10-16,711.48974609375,724.898793146875,703.3064176322127,716.9652609619593,9017000
2025-10-17,716.3357543945312,717.9544293541486,705.5445676686097,706.5038073054051,12232400
2025-10-20,731.5733032226562,733.1720358988009,719.5930841941394,720.602270855396,8900200
2025-10-21,732.6724853515625,737.898203963144,728.156149137632,735.4202444049121,7647300
2025-10-22,732.8123168945312,739.9964601984101,723.4400167690366,733.2320185457676,8734500
2025-10-23,733.40185546875,741.8049752352916,732.5025644943078,734.1012972282697,9856000
2025-10-24,737.75830078125,740.6060149267306,730.5542151922721,736.1895728454068,9151300
2025-10-27,750.2081298828125,755.1341048828856,747.4004223192904,749.1189913399045,11321100
2025-10-28,750.82763671875,757.7819868095911,744.9124781386814,752.0166693998259,12193800
2025-10-29,751.0574340820312,758.5413205942342,741.9049255575367,754.1349412128479,26818600
2025-10-30,665.9268798828125,680.405123547836,649.6401745693712,668.6047496805471,88440100
2025-10-31,647.8216552734375,674.3400676801817,645.0439523217459,673.9603724515775,56953200
2025-11-03,637.1903686523438,658.792746197499,635.6615861365713,655.4654426520216,33003600
2025-11-04,626.8087768554688,641.2170082918374,625.4998468710925,627.528160823027,27356600
2025-11-05,635.4317626953125,641.7066132741587,626.0293969573662,631.7947143740674,20219900
2025-11-06,618.4356079101562,635.4817027165644,617.4963715076051,635.3318005623231,23628800
2025-11-07,621.203369140625,621.6230097922952,600.7100736857968,615.9875913853423,29946800
2025-11-10,631.2451782226562,634.4825281361091,617.606277436272,630.5757412925083,19245000
2025-11-11,626.5690307617188,629.0469903781388,618.8852946435945,627.4882640088713,13302200
2025-11-12,608.5137329101562,628.4774318700306,607.2747531328254,627.6181473129036,24493300
2025-11-13,609.3930053710938,617.1466913787408,602.5086055074847,612.5704066192014,20973800
2025-11-14,608.96337890625,613.1799107961393,594.7149894844074,601.2995852054279,20724100
2025-11-17,601.5194091796875,611.1915132655756,594.914810553651,608.54364845602,16501300
2025-11-18,597.2029418945312,603.1680476389258,583.3043040560937,591.1178778321469,25500600
2025-11-19,589.8389282226562,594.8448550993957,580.7763124672824,593.236120814011,24744700
2025-11-20,588.669921875,606.225550290049,582.8745995478572,603.0082035639184,20603000
2025-11-21,593.7657470703125,597.6325885375659,581.38582901572,588.0204327318114,21052600
2025-11-24,612.5504150390625,616.1974650582393,597.1429978306941,598.2320754408486,23554900
2025-11-25,635.7014770507812,636.5308177101258,617.7960982049689,623.4914651316196,25213000
2025-11-26,633.0936279296875,637.8397569399452,631.1152610365342,637.1703200291516,15209500
2025-11-28,647.4219970703125,647.5218911860414,634.9821303911365,635.5616748244524,11033200
2025-12-01,640.3477172851562,644.7941029489796,637.2402664201815,639.028785702615,13029900
2025-12-02,646.5726318359375,647.3420238521164,637.5500224020741,641.8165621493692,11640900
2025-12-03,639.0787353515625,648.3211970895987,637.0304181904862,643.8848130159247,11134300
2025-12-04,660.990966796875,675.5490404402168,659.512131337801,675.4491463216154,29874600
2025-12-05,672.8712158203125,674.1402004180294,661.8502358329807,663.4589092143041,21207900
2025-12-08,666.256591796875,676.1585499822719,664.528021142878,668.7945609027437,13161000
2025-12-09,656.4246826171875,663.9385132978894,652.807637338328,663.2291308887899,12997100
2025-12-10,649.6002197265625,653.9766553823684,642.8757234590145,649.4203737252112,16910900
2025-12-11,652.1781005859375,654.7460135009795,640.2777724038347,642.7657334383907,13056700
2025-12-12,643.7050170898438,710.4206277669183,638.0896015354143,649.2704855848336,14016900
2025-12-15,647.510009765625,653.0,638.7000122070312,645.7000122070312,15549100
2025-12-16,657.1500244140625,662.5399780273438,643.2000122070312,643.5,14309100
2025-12-17,649.5,661.22998046875,649.2000122070312,655.6099853515625,15598500
2025-12-18,664.4500122070312,670.5599975585938,656.4600219726562,657.030029296875,20260300
2025-12-19,658.77001953125,671.0,658.1799926757812,666.4199829101562,49977100
2025-12-22,661.5,673.5800170898438,656.6500244140625,661.6500244140625,15659400
2025-12-23,664.9400024414062,666.0,658.25,660.0499877929688,8486800
2025-12-24,667.5499877929688,668.1799926757812,662.2000122070312,662.530029296875,5627500
2025-12-26,663.2899780273438,668.9500122070312,661.3200073242188,668.0599975585938,7133800
2025-12-29,658.6900024414062,660.25,654.3900146484375,658.010009765625,8506500
2025-12-30,665.9500122070312,672.219970703125,657.8400268554688,658.6900024414062,9187500
2025-12-31,660.0900268554688,665.0,659.4400024414062,664.75,7940400
2026-01-02,650.4099731445312,664.3900146484375,643.5,662.72998046875,13726500
2026-01-05,658.7899780273438,664.5399780273438,647.75,651.010009765625,12213700
2026-01-06,660.6199951171875,665.52001953125,651.9000244140625,659.5700073242188,11074400
2026-01-07,648.6900024414062,659.1500244140625,644.8099975585938,655.6400146484375,12846300
2026-01-08,646.0599975585938,647.0999755859375,635.719970703125,645.8800048828125,11921700
2026-01-09,653.0599975585938,654.9500122070312,642.8499755859375,645.4400024414062,11634900
2026-01-12,641.969970703125,653.969970703125,641.22998046875,652.530029296875,14797200
2026-01-13,631.0900268554688,642.27001953125,624.0999755859375,642.27001953125,18030400
2026-01-14,615.52001953125,628.4500122070312,614.8200073242188,626.5,15527900
2026-01-15,620.7999877929688,624.1699829101562,614.22998046875,618.47998046875,13076100
2026-01-16,620.25,629.0800170898438,620.0800170898438,624.1799926757812,17012500
2026-01-20,604.1199951171875,611.4000244140625,600.0,607.8800048828125,15169600
2026-01-21,612.9600219726562,618.27001953125,600.0800170898438,606.739990234375,14494700
2026-01-22,647.6300048828125,660.5700073242188,626.5499877929688,629.3499755859375,21394700
2026-01-23,658.760009765625,666.489990234375,644.4500122070312,644.77001953125,22797700
2026-01-26,672.3599853515625,675.280029296875,661.2899780273438,665.1300048828125,16327400
2026-01-27,672.969970703125,676.8200073242188,664.6599731445312,674.5900268554688,13297400
2026-01-28,668.72998046875,677.6799926757812,666.0999755859375,674.5,25709600
2026-01-29,738.3099975585938,744.0,712.5499877929688,737.4299926757812,59852900
2026-01-30,716.5,732.1699829101562,713.5900268554688,727.5,23744600
2026-02-02,706.4099731445312,721.2999877929688,703.52001953125,714.5999755859375,14365200
2026-02-03,691.7000122070312,717.0,686.4099731445312,707.3699951171875,13760700
2026-02-04,668.989990234375,688.8300170898438,667.4600219726562,687.72998046875,16882800
2026-02-05,670.2100219726562,681.5,653.5,663.5800170898438,17131800
2026-02-06,661.4600219726562,671.989990234375,646.5,665.489990234375,18159300
2026-02-09,677.219970703125,683.3099975585938,658.780029296875,663.1799926757812,14837500
2026-02-10,670.719970703125,680.6500244140625,669.7899780273438,677.5999755859375,10455800
2026-02-11,668.6900024414062,679.27001953125,657.0999755859375,674.0,14323800
2026-02-12,649.8099975585938,676.0,645.280029296875,669.969970703125,14960100
2026-02-13,639.77001953125,651.4299926757812,634.5700073242188,645.0999755859375,12316700
