Date,Open,High,Low,Close,Volume
2021-02-22 05:00:00,14.733316330627298,15.090811453956276,14.284827635904886,14.315491676330566,325884000.0
2021-02-23 05:00:00,14.035778314628121,14.198820593637908,13.35195136230545,14.102341651916504,391780000.0
2021-02-24 05:00:00,14.083145503096832,14.466068467380678,13.717423274073871,14.45833969116211,448320000.0
2021-02-25 05:00:00,14.006110991803554,14.33443798699334,13.179187133736889,13.270180702209473,824436000.0
2021-02-26 05:00:00,13.713933240960111,13.815647436688753,13.323531609545643,13.676040649414062,500932000.0
2021-03-01 05:00:00,13.836090305328044,13.885950280412095,13.515242901527062,13.802933692932129,353184000.0
2021-03-02 05:00:00,13.861021202997064,13.881463899435085,13.358434810228255,13.368656158447266,264116000.0
2021-03-03 05:00:00,13.38859986982293,13.41377854511925,12.762859005310784,12.768842697143555,377592000.0
2021-03-04 05:00:00,12.764853610702268,12.938615575725441,12.04986423160692,12.33556079864502,573344000.0
2021-03-05 05:00:00,12.514805563806275,12.514805563806275,11.646497027872458,12.426553726196289,542840000.0
2021-03-08 05:00:00,12.41508648345778,12.436276664198935,11.534063968796627,11.560739517211914,543112000.0
2021-03-09 05:00:00,12.100408589821392,12.5857115477266,12.029583156574535,12.489449501037598,521824000.0
2021-03-10 05:00:00,12.808911083089319,12.948067565563633,12.42685387625009,12.437577247619629,384376000.0
2021-03-11 05:00:00,12.918142518050555,13.014156273626458,12.703172774674462,12.961535453796387,299916000.0
2021-03-12 05:00:00,12.617135882333454,12.85704471942903,12.55902969809042,12.82437515258789,243964000.0
2021-03-15 04:00:00,12.833102427316174,13.17426110970681,12.73584243101685,13.158799171447754,221988000.0
2021-03-16 04:00:00,13.323639558080519,13.479255898576616,13.0844794904959,13.258550643920898,272128000.0
2021-03-17 04:00:00,13.00767018394586,13.4201527389685,12.957543753879627,13.308428764343262,243864000.0
2021-03-18 04:00:00,13.104182253321333,13.151565052474703,12.685713947139764,12.691200256347656,293896000.0
2021-03-19 04:00:00,12.718634595532432,12.889712905578849,12.581473040159986,12.814148902893066,299208000.0
2021-03-22 04:00:00,12.880981041263372,13.361545328853861,12.87499528552396,13.153807640075684,297804000.0
2021-03-23 04:00:00,13.221643113543065,13.311671106919352,12.989216509091099,13.038595199584961,222048000.0
2021-03-24 04:00:00,13.118897393362214,13.126878086028931,12.605663414562246,12.611897468566895,245840000.0
2021-03-25 04:00:00,12.468749258322461,12.6834697198719,12.241808987248234,12.504410743713379,295144000.0
2021-03-26 04:00:00,12.523614443030619,12.82462229390924,12.343059962632033,12.807663917541504,363968000.0
2021-03-29 04:00:00,12.788707939251315,13.030362373781267,12.668754041085375,12.916393280029297,273520000.0
2021-03-30 04:00:00,12.81040644183664,12.943328859463614,12.673743402077953,12.840083122253418,200204000.0
2021-03-31 04:00:00,12.98348265572809,13.437363304695063,12.950563841520216,13.315414428710938,314776000.0
2021-04-01 04:00:00,13.5388611010894,13.835878123071739,13.47801034601489,13.777771949768066,308276000.0
2021-04-05 04:00:00,13.833385038729487,13.979524270576526,13.699215418219154,13.953089714050293,255672000.0
2021-04-06 04:00:00,13.965307570164205,14.019673114856985,13.739614501010701,13.827397346496582,191744000.0
2021-04-07 04:00:00,13.846598487062993,14.208456055878774,13.677765362047403,14.108702659606934,251284000.0
2021-04-08 04:00:00,14.217687357595498,14.435899213055192,14.213945783814793,14.281779289245605,244416000.0
2021-04-09 04:00:00,14.179032137087,14.372555124634204,14.140128521718337,14.364574432373047,195172000.0
2021-04-12 04:00:00,14.254596031105418,15.314731433707978,14.104465977801848,15.171584129333496,869324000.0
2021-04-13 04:00:00,15.194028535206293,15.661376111521582,15.088538607928012,15.640926361083984,676212000.0
2021-04-14 04:00:00,15.586561501348141,15.681826557633755,15.190039338700716,15.239418029785156,385500000.0
2021-04-15 04:00:00,15.62396691847129,16.174359665359855,15.593043048827143,16.097549438476562,598480000.0
2021-04-16 04:00:00,16.01350646843604,16.12598008943115,15.826218501412095,15.873353004455566,335208000.0
2021-04-19 04:00:00,15.498276894788122,15.768610086032313,15.195523394059228,15.323956489562988,404420000.0
2021-04-20 04:00:00,15.28555384611717,15.458876336209281,14.926190558835732,15.133928298950195,334132000.0
2021-04-21 04:00:00,15.0815550200728,15.32470592597656,15.06509609224263,15.322710990905762,216776000.0
2021-04-22 04:00:00,15.337174711025497,15.400518892869922,14.747129626728535,14.813715934753418,277788000.0
2021-04-23 04:00:00,14.897510379080412,15.29727466051768,14.863594577488568,15.227696418762207,227500000.0
2021-04-26 04:00:00,15.147644806930623,15.44092122976747,15.087791990367876,15.439923286437988,197796000.0
2021-04-27 04:00:00,15.540174924345006,15.631948601560827,15.316726012485972,15.34390926361084,164572000.0
2021-04-28 04:00:00,15.326703691397503,15.494041387544131,15.178070060901838,15.239169120788574,209416000.0
2021-04-29 04:00:00,15.362112884221467,15.398523064906703,15.034421258054362,15.28704833984375,173196000.0
2021-04-30 04:00:00,15.137172118355222,15.327202807389392,14.960108034536171,14.972577095031738,201912000.0
2021-05-03 04:00:00,15.087788953016753,15.209239297695012,14.751119662695535,14.800248146057129,203912000.0
2021-05-04 04:00:00,14.601240371190695,14.601489619166298,13.975783018917165,14.315943717956543,405324000.0
2021-05-05 04:00:00,14.672814191288305,14.777057880701475,14.35210528482162,14.422930717468262,292024000.0
2021-05-06 04:00:00,14.459590514112755,14.535403762388006,14.183023228828954,14.487272262573242,193380000.0
2021-05-07 04:00:00,14.771822278211939,14.933921959028272,14.635657709157325,14.775812149047852,229328000.0
2021-05-10 04:00:00,14.750872395980661,14.769576460567666,14.214944484231708,14.230655670166016,268904000.0
2021-05-11 04:00:00,13.790989321233113,14.319435968974824,13.716174016861329,14.271055221557617,285584000.0
2021-05-12 04:00:00,13.97503424774267,14.225167908494997,13.675523802229213,13.724652290344238,303408000.0
2021-05-13 04:00:00,13.999224078927785,14.046109333462992,13.42588811866728,13.631630897521973,285404000.0
2021-05-14 04:00:00,13.855830733479957,14.292752972906976,13.714678353750243,14.207962036132812,258616000.0
2021-05-17 04:00:00,14.122170379507207,14.134390188646014,13.819417829880699,14.13064956665039,216980000.0
2021-05-18 04:00:00,14.231903945136112,14.368816262318823,13.969550427599062,13.981271743774414,186256000.0
2021-05-19 04:00:00,13.533123876129947,14.044862298330735,13.509931447897435,14.031146049499512,344000000.0
2021-05-20 04:00:00,14.26731179439951,14.64762419791001,14.235390933936266,14.576549530029297,321592000.0
2021-05-21 04:00:00,15.126447037395607,15.184554169231506,14.832921353406686,14.954870223999023,672992000.0
2021-05-24 04:00:00,15.17507511104745,15.706265365867367,15.13866492809838,15.573593139648438,554816000.0
2021-05-25 04:00:00,15.727213823403543,15.779584439719866,15.444411543967227,15.609254837036133,435408000.0
2021-05-26 04:00:00,15.695541043507959,15.754894404271841,15.547905385492475,15.661375045776367,370440000.0
2021-05-27 04:00:00,15.66112686872143,15.71125330157703,15.421966770902706,15.449897766113281,581476000.0
2021-05-28 04:00:00,15.462864882329143,16.237454287840492,15.462864882329143,16.20453453063965,644536000.0
2021-06-01 04:00:00,16.229970749633473,16.34792970805996,15.864122363370912,16.224483489990234,472804000.0
2021-06-02 04:00:00,16.212265926193794,16.87712625493025,16.195556800663763,16.736970901489258,594168000.0
2021-06-03 04:00:00,16.659667835136663,17.2165450107908,16.54220732332526,16.92800521850586,580008000.0
2021-06-04 04:00:00,17.070401602049834,17.617552324507795,17.053445127711075,17.53500747680664,617120000.0
2021-06-07 04:00:00,17.528021981905518,17.768677543429288,17.150453185888143,17.575653076171875,575756000.0
2021-06-08 04:00:00,17.484127777541314,17.578145619108973,17.208556601691306,17.414051055908203,323848000.0
2021-06-09 04:00:00,17.476663064864983,17.535780721881775,17.21724304760244,17.31951332092285,381656000.0
2021-06-10 04:00:00,17.311284529275444,17.452967859710565,17.137673016665815,17.38611602783203,287772000.0
2021-06-11 04:00:00,17.440493617838474,17.899218794058417,17.404823958700685,17.785472869873047,416308000.0
2021-06-14 04:00:00,17.866041024862966,17.999242253062135,17.623333969257686,17.978538513183594,321376000.0
2021-06-15 04:00:00,17.87502480453141,17.9760485675202,17.688441808318867,17.74880599975586,243032000.0
2021-06-16 04:00:00,17.75105249680479,17.914686108212543,17.54526157802343,17.7705078125,307124000.0
2021-06-17 04:00:00,17.734834323579165,18.792966905127752,17.716625537466296,18.61561393737793,809656000.0
2021-06-18 04:00:00,18.742082709800528,19.331763460015086,18.542528261234434,18.597156524658203,968856000.0
2021-06-21 04:00:00,18.394109040503217,18.4951346885807,17.782976662910134,18.386127471923828,672384000.0
2021-06-22 04:00:00,18.430284092496997,18.921436154060395,18.344974156997278,18.844606399536133,580144000.0
2021-06-23 04:00:00,18.96533567291674,19.11001257671834,18.865558432257274,19.014724731445312,332356000.0
2021-06-24 04:00:00,19.184844909364667,19.37666521172069,19.045654629248613,19.162643432617188,320924000.0
2021-06-25 04:00:00,19.237478474504314,19.302333968295713,18.852340103189597,18.988534927368164,278364000.0
2021-06-28 04:00:00,19.31804607968373,20.033945692644743,19.275890678564842,19.940404891967773,495436000.0
2021-06-29 04:00:00,19.838130514850587,20.05389740507961,19.613133627200476,19.982059478759766,367632000.0
2021-06-30 04:00:00,19.954618077883516,20.117503722352236,19.819420518954878,19.957860946655273,326568000.0
2021-07-01 04:00:00,20.08009486539896,20.410355677231596,19.974330486109007,20.166900634765625,480136000.0
2021-07-02 04:00:00,20.39463747913961,20.45949296291919,20.24247763436387,20.441282272338867,342764000.0
2021-07-06 04:00:00,20.691221944768234,20.795488562446426,20.30483712715848,20.65230941772461,446708000.0
2021-07-07 04:00:00,20.80696363579524,20.82841529094071,20.28662778206436,20.3262882232666,418428000.0
2021-07-08 04:00:00,19.812189314423424,20.088071080613446,19.656786608504444,19.858335494995117,503300000.0
2021-07-09 04:00:00,19.917958546256678,20.035445985545486,19.71017315573477,20.005512237548828,296624000.0
2021-07-12 04:00:00,20.194835290071577,20.486931440280244,20.142701974510995,20.46672821044922,321984000.0
2021-07-13 04:00:00,20.35497651465563,20.41559191282485,20.069116801359257,20.20481300354004,290708000.0
2021-07-14 04:00:00,20.312324625479327,20.37219021147144,19.708675050402782,19.797225952148438,380100000.0
2021-07-15 04:00:00,19.767541563589802,19.802712615853245,18.81641780631907,18.923927307128906,550564000.0
2021-07-16 04:00:00,18.988032725090143,19.114249610724638,18.032668986212673,18.120471954345703,688224000.0
2021-07-19 04:00:00,17.87527352298777,18.99950826063208,17.82563325949376,18.737844467163086,749060000.0
2021-07-20 04:00:00,18.688203709705867,18.795962510715192,18.123466749051826,18.570466995239258,434687000.0
2021-07-21 04:00:00,18.83986423648893,19.48342535694125,18.700177259556888,19.36668586730957,371017000.0
2021-07-22 04:00:00,19.598170937456786,19.842623177456858,19.232986505120362,19.550277709960938,323826000.0
2021-07-23 04:00:00,19.612137498497777,19.656039936097546,19.207043356145515,19.51435661315918,195672000.0
2021-07-26 04:00:00,19.267915943444258,19.398622283169367,18.871800428681755,19.250953674316406,203943000.0
2021-07-27 04:00:00,19.222006433543775,19.578210080581876,18.699175656661474,19.16513442993164,248863000.0
2021-07-28 04:00:00,19.275888967902034,19.60215891676379,18.952612583216847,19.4594783782959,202191000.0
2021-07-29 04:00:00,19.47544535320664,19.808701619528385,19.284871556554233,19.618127822875977,190781000.0
2021-07-30 04:00:00,19.374669578351813,19.586196410986457,19.220016666249848,19.455490112304688,183497000.0
2021-08-02 04:00:00,19.656041136379148,19.91645840741657,19.317796898621157,19.705928802490234,217444000.0
2021-08-03 04:00:00,19.695947175204367,20.176871874335998,19.177107171863515,19.770780563354492,301811000.0
2021-08-04 04:00:00,19.945387459474443,20.27265647160843,19.783748345309515,20.2287540435791,231309000.0
2021-08-05 04:00:00,20.454254685259734,20.68673455278522,20.296606314971207,20.5909481048584,211435000.0
2021-08-06 04:00:00,20.4782011954325,20.52409807521408,20.164900800366695,20.320552825927734,178497000.0
2021-08-09 04:00:00,20.400376028225207,20.462237955728927,20.098052643578864,20.249713897705078,146443000.0
2021-08-10 04:00:00,20.276654093629627,20.38441290505014,19.790739367084083,19.891515731811523,179238000.0
2021-08-11 04:00:00,19.9982710212323,20.0042581491868,19.3866400361588,19.655038833618164,185925000.0
2021-08-12 04:00:00,19.8256587030102,19.984302369421908,19.576216606059397,19.860580444335938,151652000.0
2021-08-13 04:00:00,19.860584414299286,20.168894922983885,19.806704058002392,20.14295196533203,183063000.0
2021-08-16 04:00:00,20.09006796888295,20.24172919957382,19.409588774585117,19.905481338500977,210876000.0
2021-08-17 04:00:00,19.641070192734382,19.725881495356077,19.224003737171717,19.41457748413086,204585000.0
2021-08-18 04:00:00,19.456481498919505,19.590183225168474,18.957597357921568,18.997509002685547,285913000.0
2021-08-19 04:00:00,19.450501709268725,20.449269491332213,18.720134701148606,19.75382423400879,766555000.0
2021-08-20 04:00:00,19.946386836987667,20.818436946088394,19.88851761093091,20.769546508789062,675741000.0
2021-08-23 04:00:00,20.924203397298,21.947912925807106,20.903250350633197,21.909000396728516,575807000.0
2021-08-24 04:00:00,21.704461657874393,21.91000137513957,21.4869476815513,21.74437141418457,297299000.0
2021-08-25 04:00:00,21.688491659774787,22.419855713761294,21.673525742463315,22.163429260253906,347701000.0
2021-08-26 04:00:00,22.15046036413365,22.29014733822545,21.741375451642853,22.018754959106445,237940000.0
2021-08-27 04:00:00,22.134498209537867,22.671297812529208,22.117535945744294,22.58548927307129,304722000.0
2021-08-30 04:00:00,22.77905630499496,22.991580355069562,22.50067954473319,22.637372970581055,262580000.0
2021-08-31 04:00:00,22.648353472960288,22.648353472960288,22.07453644264156,22.338991165161133,259850000.0
2021-09-01 04:00:00,22.438782848035817,22.650346976918826,22.311045692279038,22.394872665405273,201767000.0
2021-09-02 04:00:00,22.47171310768264,22.546559703912333,22.2491719184046,22.349964141845703,187834000.0
2021-09-03 04:00:00,22.279112296634487,22.93875292763135,22.15436923092753,22.79604721069336,280532000.0
2021-09-07 04:00:00,22.786065507103327,22.851929824701582,22.475703964992363,22.61541748046875,198107000.0
2021-09-08 04:00:00,22.46672724531443,22.563527993240072,21.931827737265916,22.2930850982666,254434000.0
2021-09-09 04:00:00,22.26613522548103,22.491670487300535,22.085507536787368,22.131412506103516,196856000.0
2021-09-10 04:00:00,22.302061280830465,22.579489705395595,22.224222499927517,22.431795120239258,248376000.0
2021-09-13 04:00:00,22.637374292609916,22.91679945314238,21.813071877295915,22.106468200683594,297500000.0
2021-09-14 04:00:00,22.22921073103916,22.363933451036715,22.040600065099298,22.196279525756836,199755000.0
2021-09-15 04:00:00,22.2631425592537,22.321023900271747,21.920847204700245,22.295076370239258,166538000.0
2021-09-16 04:00:00,22.13740079198433,22.231207426856813,21.881926512429214,22.196279525756836,156033000.0
2021-09-17 04:00:00,22.25415976266025,22.275116504076188,21.785126571378843,21.854982376098633,294503000.0
2021-09-20 04:00:00,21.10253035461788,21.388941027272594,20.619526053194374,21.069599151611328,349440000.0
2021-09-21 04:00:00,21.372973831688537,21.380956807798107,20.906934767163182,21.20232582092285,204688000.0
2021-09-22 04:00:00,21.32208000784405,21.91485886480449,21.152429377866472,21.895898818969727,268726000.0
2021-09-23 04:00:00,22.094491122204907,22.488679665471388,21.845004991544315,22.435789108276367,248555000.0
2021-09-24 04:00:00,22.02463694288499,22.103475038068282,21.81606688764935,22.035614013671875,217655000.0
2021-09-27 04:00:00,21.66537306934412,21.754190825746935,21.28116613158087,21.615476608276367,245215000.0
2021-09-28 04:00:00,21.170394880020993,21.374973422098716,20.608550508955098,20.656452178955078,343069000.0
2021-09-29 04:00:00,20.89695571031384,20.9737970920563,20.424926544672726,20.474824905395508,218394000.0
2021-09-30 04:00:00,20.725307380902738,21.022695124605836,20.645471911080165,20.67341423034668,221009000.0
2021-10-01 04:00:00,20.707346685202516,20.816121880682246,20.161470205057466,20.699363708496094,240978000.0
2021-10-04 04:00:00,20.461853071607546,20.499775067963235,19.51480436585159,19.69144058227539,345635000.0
2021-10-05 04:00:00,19.90899820816738,20.60556358693941,19.813194843679714,20.408967971801758,279282000.0
2021-10-06 04:00:00,20.07864575757577,20.677410981952494,20.038727060788936,20.657453536987305,297202000.0
2021-10-07 04:00:00,21.048646320675772,21.27817502268132,20.92889403595207,21.03168296813965,256919000.0
2021-10-08 04:00:00,21.05762098118724,21.162404668273087,20.732290949773294,20.788175582885742,151258000.0
2021-10-11 04:00:00,20.532707830127908,21.019703686500428,20.46883830414969,20.6524600982666,163388000.0
2021-10-12 04:00:00,20.785184469191023,21.013713821439726,20.485801919360195,20.628507614135742,162134000.0
2021-10-13 04:00:00,20.87500311019732,20.946855619421928,20.670424556091195,20.895959854125977,180652000.0
2021-10-14 04:00:00,21.24424093983298,21.710280040317638,21.07858180049667,21.7012996673584,243589000.0
2021-10-15 04:00:00,21.765167314945042,21.88591887935075,21.61747272820035,21.817060470581055,226994000.0
2021-10-18 04:00:00,21.704288144979333,22.24517369848927,21.599502561280218,22.176315307617188,189494000.0
2021-10-19 04:00:00,22.230205709624432,22.332994609355918,21.991698611888154,22.244178771972656,161473000.0
2021-10-20 04:00:00,22.259153972227175,22.38689113624754,21.93681792130958,22.05756950378418,146276000.0
2021-10-21 04:00:00,22.051577096140026,22.664315265498782,22.03760593572372,22.645353317260742,187590000.0
2021-10-22 04:00:00,22.776091527866924,23.082459754709564,22.51463088804122,22.679290771484375,249384000.0
2021-10-25 04:00:00,22.92578121243362,23.306996024882274,22.72319933879343,23.118385314941406,230235000.0
2021-10-26 04:00:00,23.939692534950368,25.207082591726095,23.874825605142483,24.666194915771484,485898000.0
2021-10-27 04:00:00,24.42369310756561,25.038426104852544,24.23208643543216,24.400739669799805,245990000.0
2021-10-28 04:00:00,24.826864037496623,24.89871654547079,24.47259418957567,24.889734268188477,234204000.0
2021-10-29 04:00:00,24.94960969141113,25.656154574337645,24.94861229510661,25.514446258544922,292503000.0
2021-11-01 04:00:00,25.59627881018903,25.84077414831852,25.17514534532995,25.77391242980957,265740000.0
2021-11-02 04:00:00,25.768922765601214,26.62316223217399,25.746966723249745,26.346731185913086,294112000.0
2021-11-03 04:00:00,26.615181750416074,26.728947751139437,26.181076395550274,26.5433292388916,239910000.0
2021-11-04 04:00:00,27.17302698343725,31.30052452350246,27.06225509891964,29.7397403717041,1153631000.0
2021-11-05 04:00:00,30.124948877614052,31.335454820246646,29.34954562668809,29.69084358215332,851260000.0
2021-11-08 05:00:00,30.087030149356973,31.036075621512847,29.845526991670436,30.740684509277344,503101000.0
2021-11-09 05:00:00,32.215648353623784,32.24359067998347,29.902412030400054,30.59398651123047,646746000.0
2021-11-10 05:00:00,29.29565811512244,30.786586602763936,28.718845203917095,29.39844512939453,636206000.0
2021-11-11 05:00:00,30.405370591178073,30.527119549916076,29.715791021450595,30.327529907226562,332172000.0
2021-11-12 05:00:00,29.948311870229972,30.616934698783563,29.56909192980548,30.327529907226562,413054000.0
2021-11-15 05:00:00,30.48919878124828,30.581008726244367,29.186880973756832,29.963281631469727,384909000.0
2021-11-16 05:00:00,29.697831126511854,30.32753271977368,29.644938667134358,30.14091682434082,264484000.0
2021-11-17 05:00:00,30.355472726652906,30.446287176657105,28.74079861985027,29.200851440429688,428508000.0
2021-11-18 05:00:00,32.30046499188138,32.69265486336279,31.25661378214152,31.609886169433594,781711000.0
2021-11-19 05:00:00,32.17672282311157,33.01998709870693,31.839418254930216,32.917198181152344,533867000.0
2021-11-22 05:00:00,33.4481023989034,34.57578069243723,31.834427549306902,31.89031219482422,754335000.0
2021-11-23 05:00:00,31.470181244113295,32.293486259552104,30.81652687837705,31.680747985839844,532163000.0
2021-11-24 05:00:00,31.396332208296116,32.787465936329255,30.86442684819975,32.60683822631836,435162000.0
2021-11-26 05:00:00,32.53298515826952,32.64275964880542,31.28555659079967,31.438241958618164,283069000.0
2021-11-29 05:00:00,32.299473639315565,33.34332123751521,31.970150118608004,33.307395935058594,454964000.0
2021-11-30 05:00:00,33.100816111812016,33.284439797778,31.798500284928068,32.608829498291016,622066000.0
2021-12-01 05:00:00,33.154776861217016,33.22464122012574,31.319329740346443,31.374223709106445,484368000.0
2021-12-02 05:00:00,31.153649310235703,32.41520534090074,30.965013655135916,32.06388473510742,472890000.0
2021-12-03 05:00:00,31.93812964626088,32.066881845701786,30.071744357446725,30.633657455444336,544325000.0
2021-12-06 05:00:00,29.82223155843537,30.18253369080409,27.983793678236385,29.97892951965332,658938000.0
2021-12-07 05:00:00,30.8971555680558,32.38627185620061,30.59174545827344,32.36431121826172,593053000.0
2021-12-08 05:00:00,31.937136928475184,32.227574704104825,31.36025335466527,31.76447105407715,475551000.0
2021-12-09 05:00:00,31.672645621504326,32.142737576964656,30.369170849219458,30.43105125427246,488507000.0
2021-12-10 05:00:00,31.089775108201945,31.24447612099294,29.80326766525303,30.139616012573242,488825000.0
2021-12-13 05:00:00,30.190516381869546,30.235429453900565,28.06163905199242,28.106552124023438,598344000.0
2021-12-14 05:00:00,27.64545182448379,28.622559317485557,27.19732042319622,28.28221893310547,667035000.0
2021-12-15 05:00:00,28.345094654187285,30.44103516074104,27.784180879721173,30.400114059448242,698297000.0
2021-12-16 05:00:00,31.091768471801842,31.09975242520128,28.038682990123437,28.33211326599121,707366000.0
2021-12-17 05:00:00,27.930899629261937,28.86608848233591,27.706334221568074,27.747255325317383,713758000.0
2021-12-20 05:00:00,27.25221181922181,28.089588585739136,27.09252129792592,27.6654109954834,461847000.0
2021-12-21 05:00:00,28.319142478736474,29.063700457531855,27.348022192079924,29.018787384033203,524385000.0
2021-12-22 05:00:00,28.835142056766554,29.49785781843981,28.39399529208839,29.343156814575195,395184000.0
2021-12-23 05:00:00,29.697472444063603,30.00088555963705,29.374099442198006,29.58269500732422,343022000.0
2021-12-27 05:00:00,29.60265640931932,31.02689755121152,29.582694619627713,30.88517189025879,403686000.0
2021-12-28 05:00:00,31.25146195093205,31.26942679962951,29.953974216379613,30.263376235961914,420591000.0
2021-12-29 05:00:00,30.214470446589925,30.488938376760974,29.309222561431618,29.942995071411133,343139000.0
2021-12-30 05:00:00,29.76933233244258,30.39811536049081,29.482888465222835,29.528799057006836,308864000.0
2021-12-31 05:00:00,29.616629435851035,29.97194206030295,29.274292165132447,29.354137420654297,266530000.0
2022-01-03 05:00:00,29.75735697767053,30.651624582903967,29.727414293582168,30.06276512145996,391547000.0
2022-01-04 05:00:00,30.2184669283259,30.409097659269086,28.294194767957748,29.233375549316406,527154000.0
2022-01-05 05:00:00,28.893025463090652,29.359123461073573,27.479764888679558,27.550626754760742,498064000.0
2022-01-06 05:00:00,27.586565577715643,28.383023214393035,27.012678313347315,28.123525619506836,454186000.0
2022-01-07 05:00:00,28.086597173535353,28.367054067504238,27.004691277778065,27.194324493408203,409939000.0
2022-01-10 05:00:00,26.529606264497083,27.415889845673522,25.594417635721964,27.347023010253906,594681000.0
2022-01-11 05:00:00,27.27017541907624,28.010741462593767,26.787111899859354,27.763219833374023,404089000.0
2022-01-12 05:00:00,28.01273741876915,28.539716512904818,27.55462517038909,27.944869995117188,383413000.0
2022-01-13 05:00:00,28.32412762393461,28.42493216832066,26.44676410515577,26.523616790771484,540171000.0
2022-01-14 05:00:00,26.24915451358075,27.144421643836736,26.15932835464321,26.88991355895996,395832000.0
2022-01-18 05:00:00,26.20922874593393,26.586498173895528,25.72017634780918,25.85291862487793,424270000.0
2022-01-19 05:00:00,26.028576108979475,26.491677750894784,25.00356141134251,25.018531799316406,488315000.0
2022-01-20 05:00:00,25.255077800339837,25.529545731359246,24.031446427083026,24.103307723999023,435181000.0
2022-01-21 05:00:00,23.46155585638915,24.775011728644085,23.218028078937195,23.328813552856445,718958000.0
2022-01-24 05:00:00,22.286829332930466,23.33479860637558,20.847617715138355,23.326814651489258,913982000.0
2022-01-25 05:00:00,22.502406991705346,22.89864065896213,21.957463151064083,22.28083610534668,664616000.0
2022-01-26 05:00:00,23.195069558309832,24.010489477432596,22.256886340278513,22.72797393798828,755959000.0
2022-01-27 05:00:00,23.52243384836739,23.948608321885434,21.63309226715212,21.901573181152344,573353000.0
2022-01-28 05:00:00,21.969444731157765,22.813809883208478,21.254829324418658,22.79584503173828,543774000.0
2022-01-31 05:00:00,23.137178118250812,24.461614007193518,23.007430303531233,24.438657760620117,564680000.0
2022-02-01 05:00:00,25.055468908649303,25.096390012740084,23.843815119185024,24.590370178222656,518925000.0
2022-02-02 05:00:00,25.744131998569852,25.767086343817308,24.505530149134337,25.193199157714844,543419000.0
2022-02-03 05:00:00,24.4107113163615,25.02851397918987,23.734022713171655,23.901697158813477,410178000.0
2022-02-04 05:00:00,23.9256491963557,24.58736736304779,23.586306449146388,24.2719783782959,354829000.0
2022-02-07 05:00:00,24.32488219866303,25.133315720726692,24.1552107776214,24.680194854736328,376868000.0
2022-02-08 05:00:00,24.311905294054206,25.18122165390177,23.933638315079907,25.059457778930664,410359000.0
2022-02-09 05:00:00,25.572463535153865,26.673331693511606,25.303984503910602,26.653369903564453,524282000.0
2022-02-10 05:00:00,25.944743476270883,26.87294386426825,25.55050669154954,25.774072647094727,513200000.0
2022-02-11 05:00:00,25.865894587572004,26.1014383680604,23.727038196145745,23.90269660949707,605472000.0
2022-02-14 05:00:00,23.88772874556484,24.82690950810967,23.70907395093763,24.22008514404297,440424000.0
2022-02-15 05:00:00,24.900764591183574,26.49367965605607,24.73608458162661,26.443777084350586,699869000.0
2022-02-16 05:00:00,26.208231811287334,26.530607279677454,25.502597989095346,26.45974349975586,732676000.0
2022-02-17 05:00:00,25.580443580769725,25.735144573729002,24.118277908301224,24.45961570739746,810595000.0
2022-02-18 05:00:00,24.620307973876027,24.937693968010514,23.055340541376445,23.59629249572754,761255000.0
2022-02-22 05:00:00,22.990464861191477,24.017474761924387,22.955532681143488,23.344778060913086,633422000.0
2022-02-23 05:00:00,23.755982820677037,24.10830099326957,22.257885303841995,22.343717575073242,566511000.0
2022-02-24 05:00:00,20.97436790845925,23.75398309385858,20.84960958989138,23.702083587646484,735801000.0
2022-02-25 05:00:00,23.675138387578873,24.1701778047602,23.33579559273523,24.110294342041016,528866000.0
2022-02-28 05:00:00,23.945614559981106,24.617313720025166,23.661165729918974,24.337854385375977,477319000.0
2022-03-01 05:00:00,24.2440354711342,24.32986963799387,23.08727591797761,23.431608200073242,412056000.0
2022-03-02 05:00:00,23.714111250736686,24.365959685395882,23.373712936549165,24.177291870117188,389642000.0
2022-03-03 05:00:00,24.219216091275733,24.28310431664372,23.42761517996613,23.672183990478516,365095000.0
2022-03-04 05:00:00,23.342769336842796,23.63824694769257,22.442359346497184,22.895559310913086,431415000.0
2022-03-07 05:00:00,22.77676302621287,22.992383631131677,21.292385748895306,21.314346313476562,450821000.0
2022-03-08 05:00:00,21.271430009401858,22.333553243090844,20.61359149961065,21.4760684967041,557467000.0
2022-03-09 05:00:00,22.347522120331348,23.17905339926174,22.20776960420363,22.973417282104492,492742000.0
2022-03-10 05:00:00,22.491268951508776,22.74781572701485,21.8434132311393,22.618045806884766,428066000.0
2022-03-11 05:00:00,22.98140654078104,23.10419076158427,22.00712760972228,22.061033248901367,367209000.0
2022-03-14 04:00:00,21.830436104622745,22.222742745585133,21.12168901899386,21.292387008666992,385354000.0
2022-03-15 04:00:00,21.480053405797772,22.997373395671712,21.284399897959517,22.93248748779297,491996000.0
2022-03-16 04:00:00,23.458564260775105,24.553630127058703,23.131143481350605,24.452808380126953,671422000.0
2022-03-17 04:00:00,24.077469296534115,24.798194389496683,23.86384594867932,24.72233009338379,471941000.0
2022-03-18 04:00:00,24.755270261820684,26.5221495744112,24.5805796111346,26.406352996826172,730719000.0
2022-03-21 04:00:00,26.46025822521899,27.104121306196102,25.921209533056214,26.686857223510742,591727000.0
2022-03-22 04:00:00,26.679871236174723,27.189971767703643,26.026027424283942,26.477230072021484,547007000.0
2022-03-23 04:00:00,26.079931563168326,26.56507466192013,25.529904449568786,25.58880043029785,502120000.0
2022-03-24 04:00:00,26.119860134581526,28.27006117432525,25.861316069512192,28.100360870361328,877379000.0
2022-03-25 04:00:00,27.83682948218481,28.307997346511723,27.22291411401015,27.643171310424805,579016000.0
2022-03-28 04:00:00,27.70706177223805,28.20019024482992,27.158030377292455,28.16924476623535,425494000.0
2022-03-29 04:00:00,28.644401446440966,28.894958306684245,27.930662062478252,28.605470657348633,488984000.0
2022-03-30 04:00:00,28.254090010683303,28.445750877229376,27.454501887834226,27.641172409057617,463487000.0
2022-03-31 04:00:00,27.733014073153115,28.198192021006374,27.22191770517372,27.23788833618164,523440000.0
2022-04-01 04:00:00,27.326726985234544,27.44751390350654,26.22068102801102,26.66489601135254,517235000.0
2022-04-04 04:00:00,26.680868720371922,27.509405029535966,26.566071738835454,27.31175422668457,397120000.0
2022-04-05 04:00:00,27.205941957892414,27.270827874661148,25.774470555611817,25.88527488708496,436615000.0
2022-04-06 04:00:00,24.89003332893193,25.25538717602562,23.960675226004746,24.363962173461914,703833000.0
2022-04-07 04:00:00,24.397904594724462,24.6784092608977,23.436603251438946,24.165315628051758,557992000.0
2022-04-08 04:00:00,23.874826939519217,23.88081687759532,23.021335019105305,23.07823371887207,524781000.0
2022-04-11 04:00:00,22.174828362922163,22.280640436406088,21.62180443778006,21.87835121154785,575207000.0
2022-04-12 04:00:00,22.497259071532707,22.684927279513232,21.244471063259667,21.466079711914062,662258000.0
2022-04-13 04:00:00,21.689689827546903,22.46032799731564,21.41717046528089,22.163850784301758,516943000.0
2022-04-14 04:00:00,22.465317170334803,22.736838829968864,21.125684399232618,21.220516204833984,569097000.0
2022-04-18 04:00:00,21.162616730014566,22.049049416277743,21.041829811732452,21.74458885192871,525701000.0
2022-04-19 04:00:00,21.681701448367473,22.33354992197156,21.276417192204843,22.158859252929688,512781000.0
2022-04-20 04:00:00,22.477293204743273,22.630023279185664,21.16261619627235,21.44411849975586,468974000.0
2022-04-21 04:00:00,21.670715478053655,22.352511560597314,19.964729691481665,20.14740753173828,656209000.0
2022-04-22 04:00:00,20.26719955217862,20.44987743487539,19.465615971491907,19.480588912963867,624713000.0
2022-04-25 04:00:00,19.168140672030763,19.909830566482615,19.062328587721677,19.866907119750977,641566000.0
2022-04-26 04:00:00,19.683233812845796,19.753110084844213,18.637081301820754,18.754873275756836,653143000.0
2022-04-27 04:00:00,18.565210045352984,19.13320710369272,18.25775441052897,18.38253402709961,499460000.0
2022-04-28 04:00:00,18.933554552267157,20.001669421051762,18.457396362070916,19.74711799621582,570327000.0
2022-04-29 04:00:00,19.367789431189383,20.092509128467537,18.484349698064364,18.514297485351562,500435000.0
2022-05-02 04:00:00,18.508304867075665,19.539482298603552,18.358569760292387,19.49855613708496,572049000.0
2022-05-03 04:00:00,19.365792728207555,19.790044492832212,19.099263315754698,19.56743621826172,475751000.0
2022-05-04 04:00:00,19.887872567785628,20.364030816650885,18.717938127306436,20.298147201538086,648855000.0
2022-05-05 04:00:00,19.83196677519654,19.88986315661059,18.46737678729166,18.81077003479004,626331000.0
2022-05-06 04:00:00,18.702962121693464,19.47759284066745,17.958277283967274,18.64206886291504,633297000.0
2022-05-09 04:00:00,18.002198783908664,18.22280783313179,16.797326507132865,16.92011070251465,644455000.0
2022-05-10 04:00:00,17.657804659889177,18.16590781619085,16.994976064340783,17.5639705657959,761474000.0
2022-05-11 04:00:00,17.316410271106523,17.721694464260565,16.538784636687943,16.60067367553711,670167000.0
2022-05-12 04:00:00,16.190397869341577,16.75839468902169,15.539548188281776,16.146474838256836,708728000.0
2022-05-13 04:00:00,16.758395637485194,17.896384717582276,16.56373981104597,17.674776077270508,670437000.0
2022-05-16 04:00:00,17.478125554261457,17.75663289781755,17.07583632290922,17.233556747436523,521446000.0
2022-05-17 04:00:00,18.042128040603696,18.338605199613887,17.602905299530796,18.144947052001953,585830000.0
2022-05-18 04:00:00,17.673784269460523,18.086056216509657,16.83426743111135,16.90813636779785,545161000.0
2022-05-19 04:00:00,16.90713478134416,17.655812285056605,16.704491716469843,17.09380531311035,621310000.0
2022-05-20 04:00:00,17.301439650730654,17.379301231839957,15.727219718341468,16.66456413269043,739105000.0
2022-05-23 04:00:00,16.245302043892696,16.885172429110426,16.150470255550008,16.868202209472656,639889000.0
2022-05-24 04:00:00,16.48089009745048,16.56773659401327,15.75217672510654,16.125516891479492,588550000.0
2022-05-25 04:00:00,15.991754187297795,17.080830153303886,15.971788994098624,16.945070266723633,781132000.0
2022-05-26 04:00:00,16.00772274521179,18.06009712140226,15.993747492579688,17.819522857666016,996575000.0
2022-05-27 04:00:00,18.15393407231878,18.84770829801262,18.068085271445213,18.77783203125,738379000.0
2022-05-31 04:00:00,18.946531790942434,19.166145079805915,18.317643518254673,18.639076232910156,664100000.0
2022-06-01 04:00:00,18.690983767171357,19.01940218977042,18.09004412210462,18.287694931030273,544514000.0
2022-06-02 04:00:00,18.25974616242298,19.584405973838475,18.165912046478592,19.557453155517578,648656000.0
2022-06-03 04:00:00,19.048355791835018,19.297914997640287,18.489341799961554,18.686992645263672,598779000.0
2022-06-06 04:00:00,19.105254520476123,19.302905366003518,18.53126758487554,18.75287628173828,422406000.0
2022-06-07 04:00:00,18.439427797960548,18.96649663523193,18.15592818906813,18.892627716064453,388914000.0
2022-06-08 04:00:00,18.76982140154583,19.15023056017206,18.50623122330773,18.619056701660156,363252000.0
2022-06-09 04:00:00,18.45231558845677,18.903613680842092,18.0129980018534,18.019987106323242,395574000.0
2022-06-10 04:00:00,17.572678573964275,17.669528115431987,16.84281246150541,16.947650909423828,465248000.0
2022-06-13 04:00:00,15.975163876009786,16.28667984582384,15.581775412240182,15.622712135314941,604153000.0
2022-06-14 04:00:00,15.706581974951327,16.04106201936239,15.388076889347474,15.811419486999512,469680000.0
2022-06-15 04:00:00,16.070014185322673,16.841814932140252,15.901276860613777,16.501344680786133,563936000.0
2022-06-16 04:00:00,15.835381941791066,15.91725539358905,15.377094762123194,15.576784133911133,545749000.0
2022-06-17 04:00:00,15.62370932462703,15.970170797325055,15.304206366327632,15.85534954071045,630334000.0
2022-06-21 04:00:00,16.44942865985989,16.981600402488183,16.381533414039843,16.540287017822266,483089000.0
2022-06-22 04:00:00,16.200809608671182,16.63613355859748,16.15488149414136,16.33460235595703,437135000.0
2022-06-23 04:00:00,16.49335423638741,16.55925175967928,15.82838875234843,16.199811935424805,463680000.0
2022-06-24 04:00:00,16.47438527374452,17.11339112344329,16.28467969796983,17.09941291809082,472153000.0
2022-06-27 04:00:00,17.28513052368087,17.303102235686215,16.600194433475785,16.842817306518555,427968000.0
2022-06-28 04:00:00,16.873765723191674,17.175296973833603,15.920248247332506,15.957191467285156,461149000.0
2022-06-29 04:00:00,15.789452817507586,15.795443069795565,15.146452414426411,15.517874717712402,482352000.0
2022-06-30 04:00:00,15.337156508002591,15.542837079558034,14.83893146631367,15.135470390319824,686070000.0
2022-07-01 04:00:00,14.87587455574691,15.039619559909022,14.369661530656511,14.500457763671875,577610000.0
2022-07-05 04:00:00,14.152998117707567,14.947762114562595,14.033184492904027,14.940773010253906,651397000.0
2022-07-06 04:00:00,14.986703204362323,15.295223620632287,14.766045548164252,15.10651683807373,529066000.0
2022-07-07 04:00:00,15.432009036553442,15.920249363063476,15.365112647572856,15.83338451385498,492903000.0
2022-07-08 04:00:00,15.406048858995538,16.012106984675512,15.365112136209438,15.81341552734375,467972000.0
2022-07-11 04:00:00,15.50189899317143,15.502897844600374,15.014656599989385,15.128479957580566,437321000.0
2022-07-12 04:00:00,15.244300136553319,15.407047229010848,14.85390726583204,15.058588981628418,458483000.0
2022-07-13 04:00:00,14.567352563950944,15.35113388131245,14.442546597436209,15.140460968017578,521918000.0
2022-07-14 04:00:00,15.084548659761676,15.44898186604473,14.705138394189763,15.348138809204102,456235000.0
2022-07-15 04:00:00,15.63469092075148,15.757499164605429,15.421022439601394,15.737530708312988,385935000.0
2022-07-18 04:00:00,16.276696063894367,16.870771818679195,15.977162485969991,16.076007843017578,670517000.0
2022-07-19 04:00:00,16.460410653190557,17.083442634965255,16.146898863611145,16.965625762939453,702366000.0
2022-07-20 04:00:00,16.920694158582595,17.90516367987839,16.774920881624166,17.77935791015625,760538000.0
2022-07-21 04:00:00,17.857241184682085,18.115838067216817,17.517768741299832,18.021984100341797,557049000.0
2022-07-22 04:00:00,17.865224557589684,17.93910909409701,17.110397569443286,17.292116165161133,536671000.0
2022-07-25 04:00:00,16.992582454358388,17.09742092220505,16.623157829488665,16.997575759887695,480748000.0
2022-07-26 04:00:00,16.862783963132348,16.8927380811664,16.452422639321977,16.50733757019043,397865000.0
2022-07-27 04:00:00,17.005563430899105,17.908161524582788,16.886748654316154,17.762388229370117,569776000.0
2022-07-28 04:00:00,17.947098395523145,18.11184128131467,17.412929010303365,17.956083297729492,474646000.0
2022-07-29 04:00:00,17.785352344678618,18.21568315008048,17.664539858114644,18.134809494018555,435460000.0
2022-08-01 04:00:00,18.153777639044684,18.816748460231146,17.96207621952918,18.412376403808594,476469000.0
2022-08-02 04:00:00,18.09386602418229,18.908599199934613,18.06391191246353,18.497238159179688,489527000.0
2022-08-03 04:00:00,18.155775030673695,18.93855851148196,18.108847099868385,18.86367416381836,418146000.0
2022-08-04 04:00:00,18.81974007621488,19.244079552001388,18.730877537420913,19.185171127319336,409652000.0
2022-08-05 04:00:00,18.78080304823543,19.199153311398565,18.63702746035856,18.95952606201172,386068000.0
2022-08-08 04:00:00,17.47483784250626,18.210693536837958,17.215241131914066,17.765384674072266,981859000.0
2022-08-09 04:00:00,17.225219526625484,17.41991651210645,16.69803929354924,17.059476852416992,668263000.0
2022-08-10 04:00:00,17.670531610147734,18.08987982144917,17.29012242671847,18.068912506103516,597422000.0
2022-08-11 04:00:00,18.10285217554872,18.67795814995378,17.848246996098702,17.91414451599121,509327000.0
2022-08-12 04:00:00,18.131808897875185,18.68894324186174,17.925129506160957,18.679956436157227,478094000.0
2022-08-15 04:00:00,18.671969218975686,19.13424981351242,18.584106483223596,19.00245475769043,457666000.0
2022-08-16 04:00:00,18.89063575298122,19.11229132519246,18.472285427042593,18.849699020385742,451240000.0
2022-08-17 04:00:00,18.49424742554819,18.65899030543156,18.11683393671878,18.306537628173828,446799000.0
2022-08-18 04:00:00,18.27258906814681,18.835712659380874,18.154772227670087,18.74385643005371,415447000.0
2022-08-19 04:00:00,18.37742938799248,18.491252751209018,17.742416940160584,17.8212947845459,441588000.0
2022-08-22 04:00:00,17.462848398941674,17.530743628369223,16.93966168585565,17.007556915283203,409593000.0
2022-08-23 04:00:00,16.962629795617797,17.43789077526951,16.94365828212294,17.15433120727539,369986000.0
2022-08-24 04:00:00,16.98559171254238,17.378981119005086,16.868774654974345,17.195266723632812,522661000.0
2022-08-25 04:00:00,16.81785208888546,17.919140487325382,16.806869484666464,17.88519287109375,770691000.0
2022-08-26 04:00:00,17.829283522466564,17.89617896439729,16.211797175282506,16.23476219177246,769127000.0
2022-08-29 04:00:00,15.995132957792901,16.312638221113218,15.742525425220169,15.776472091674805,496132000.0
2022-08-30 04:00:00,15.93522467499421,16.01410156014586,15.158432518208786,15.443988800048828,530181000.0
2022-08-31 04:00:00,15.360118825458853,15.515876799554972,14.93577837401633,15.070569038391113,573710000.0
2022-09-01 04:00:00,14.186942340955959,14.35767736958631,13.249400817146027,13.915365219116211,1178865000.0
2022-09-02 04:00:00,14.07811421619894,14.149003156104582,13.569903514231424,13.62581729888916,743157000.0
2022-09-06 04:00:00,13.709684383392407,13.75761020490667,13.330274168921454,13.444097518920898,535751000.0
2022-09-07 04:00:00,13.545970723388965,13.820626019078334,13.329243169761526,13.696781158447266,512657000.0
2022-09-08 04:00:00,13.442100625906576,13.990412045199538,13.352214429237836,13.972434043884277,624873000.0
2022-09-09 04:00:00,14.139223880637113,14.455826240046429,14.108263619948604,14.368935585021973,486612000.0
2022-09-12 04:00:00,14.350958876155167,14.528734878407432,14.18017310182383,14.486787796020508,484159000.0
2022-09-13 04:00:00,13.784671426649664,13.904520650543393,13.082553985169255,13.114513397216797,714956000.0
2022-09-14 04:00:00,13.237358200305806,13.273313250736237,12.896786750675185,13.111516952514648,588507000.0
2022-09-15 04:00:00,12.99865891833725,13.216384660038566,12.77394104372565,12.912766456604004,523625000.0
2022-09-16 04:00:00,12.726002043403634,13.195412225015103,12.601158980925465,13.181429862976074,670751000.0
2022-09-19 04:00:00,12.995663732250092,13.446097722537223,12.993666387993636,13.365199089050293,569685000.0
2022-09-20 04:00:00,13.198407796353832,13.4660709531129,13.040606184015623,13.159456253051758,524818000.0
2022-09-21 04:00:00,13.196410364553508,14.013383142940281,13.09353904887106,13.244349479675293,807679000.0
2022-09-22 04:00:00,13.053589709999544,13.132490994300221,12.412396524843558,12.545228958129883,759162000.0
2022-09-23 04:00:00,12.404405964748552,12.595166136683892,12.241610515089357,12.500285148620605,663309000.0
2022-09-26 04:00:00,12.475317729313494,12.643107026349453,12.198665076002735,12.212647438049316,547343000.0
2022-09-27 04:00:00,12.491295081972565,12.720007620899862,12.242608152089579,12.39741325378418,553854000.0
2022-09-28 04:00:00,12.394418888771625,12.806900467165594,12.338489441525518,12.720009803771973,542414000.0
2022-09-29 04:00:00,12.432370978846492,12.48430573642893,11.931001405248,12.204657554626465,532763000.0
2022-09-30 04:00:00,12.071823561069651,12.617138488258727,12.059838544347494,12.123758316040039,565638000.0
2022-10-03 04:00:00,12.331496475400929,12.66208117925796,12.089799766259942,12.496289253234863,547478000.0
2022-10-04 04:00:00,12.86282750128622,13.203399862538964,12.86282750128622,13.150465965270996,584182000.0
2022-10-05 04:00:00,12.89479000485159,13.304275082018679,12.60515414886924,13.192415237426758,507131000.0
2022-10-06 04:00:00,13.203402054182803,13.638854510072967,13.086548373024156,13.11351490020752,644157000.0
2022-10-07 04:00:00,12.48929899981872,12.654091789877265,12.006905646417971,12.060837745666504,672478000.0
2022-10-10 04:00:00,12.021887648057012,12.108778315761493,11.393677626274178,11.655348777770996,698699000.0
2022-10-11 04:00:00,11.546483912922639,11.831125915365966,11.268833090820673,11.571453094482422,667482000.0
2022-10-12 04:00:00,11.564464576624944,11.720267924034884,11.330758126794377,11.485563278198242,492590000.0
2022-10-13 04:00:00,10.95722491597618,12.062835356186497,10.799423302844042,11.94498348236084,850103000.0
2022-10-14 04:00:00,12.0418607547837,12.095792850477494,11.189932138993667,11.212903022766113,713432000.0
2022-10-17 04:00:00,11.503538245021701,11.93299866407715,11.502540049196641,11.87307357788086,580774000.0
2022-10-18 04:00:00,12.328500398811965,12.476314329749629,11.603412151905342,11.951973915100098,659362000.0
2022-10-19 04:00:00,11.864084673089435,12.334493965352559,11.819141098000895,12.035868644714355,523131000.0
2022-10-20 04:00:00,12.097792276636184,12.752968818354741,12.089801947112008,12.178690910339355,652398000.0
2022-10-21 04:00:00,12.082808061772408,12.482306351508834,11.872073525922902,12.450345993041992,609494000.0
2022-10-24 04:00:00,12.492296031938748,12.69404207682602,12.048853249537009,12.583181381225586,517457000.0
2022-10-25 04:00:00,12.678061955431058,13.283301022718456,12.648098936943423,13.244349479675293,505482000.0
2022-10-26 04:00:00,12.852842851331863,13.371190325371368,12.692044742302587,12.87980842590332,532953000.0
2022-10-27 04:00:00,13.612886696752097,13.820625721091393,13.105524152883197,13.159456253051758,583113000.0
2022-10-28 04:00:00,13.087547371735592,13.832611021415424,13.04460113938634,13.816630363464355,521040000.0
2022-10-31 04:00:00,13.760701235922447,13.820626323430826,13.280305197439352,13.480053901672363,486341000.0
2022-11-01 04:00:00,13.793656450678526,13.907513613093192,13.502023317977857,13.525993347167969,432817000.0
2022-11-02 04:00:00,13.832609351575078,14.192156967485618,13.194411785659703,13.202401161193848,672628000.0
2022-11-03 04:00:00,13.026624339335722,13.763697674159971,12.939733677148814,13.404149055480957,500065000.0
2022-11-04 04:00:00,13.9684389349222,14.211133849312025,13.679801299085328,14.138225555419922,612576000.0
2022-11-07 05:00:00,14.210135563074418,14.39390455505636,13.93648037167957,14.28304386138916,410061000.0
2022-11-08 05:00:00,14.782417320777444,14.872304480207193,14.198151736961071,14.583667755126953,595292000.0
2022-11-09 05:00:00,14.14421826011374,14.193157476096932,13.741724378458798,13.758703231811523,454414000.0
2022-11-10 05:00:00,14.781419393511896,15.753197404946452,14.528736765629825,15.730226516723633,700819000.0
2022-11-11 05:00:00,15.787154735164645,16.36842382289729,15.462562957739296,16.306501388549805,655487000.0
2022-11-14 05:00:00,16.197635066244544,16.519231225758354,15.9020062807447,16.274538040161133,527852000.0
2022-11-15 05:00:00,16.701002374204336,16.97665487250418,16.3614291584318,16.64507293701172,545876000.0
2022-11-16 05:00:00,16.14170762768842,16.341455364463524,15.853069985925872,15.890023231506348,649547000.0
2022-11-17 05:00:00,15.69526955824207,16.24557835765425,15.515495248164541,15.657317161560059,710894000.0
2022-11-18 05:00:00,15.945952068716577,15.981908069637043,15.101014621390979,15.389652252197266,492072000.0
2022-11-21 05:00:00,15.127981966089996,15.45756754683471,15.06106570167587,15.297768592834473,404739000.0
2022-11-22 05:00:00,15.308753778828079,16.037837664544167,15.103012110863446,16.01786231994629,472866000.0
2022-11-23 05:00:00,16.07778579296999,16.506247963835023,16.027849338465916,16.49825668334961,427241000.0
2022-11-25 05:00:00,16.297514736034802,16.466301288756735,16.151698119802433,16.249574661254883,167934000.0
2022-11-28 05:00:00,16.005876536577063,16.336462207153392,15.7052557881983,15.807126998901367,303741000.0
2022-11-29 05:00:00,15.807124564354263,15.911993203602524,15.500510878759341,15.61936092376709,298384000.0
2022-11-30 05:00:00,15.681299942560486,16.91306749227581,15.581400530805857,16.90607452392578,565298000.0
2022-12-01 05:00:00,16.982002826008905,17.24773568748677,16.618366478545138,17.11786651611328,470977000.0
2022-12-02 05:00:00,16.642337412278103,16.916063514428913,16.42855076225467,16.859119415283203,371389000.0
2022-12-05 05:00:00,16.662320750441012,16.97800471429634,16.455527032443175,16.5933895111084,352255000.0
2022-12-06 05:00:00,16.513469290675516,16.556425555356533,15.803179908628083,15.971012115478516,352694000.0
2022-12-07 05:00:00,15.75622928850062,16.169815824778205,15.65133378658821,16.1038818359375,372388000.0
2022-12-08 05:00:00,16.256726814348887,17.161820901316364,15.943039749464951,17.151830673217773,515456000.0
2022-12-09 05:00:00,17.142838730956267,17.565416038789124,16.95802427651782,16.983997344970703,465338000.0
2022-12-12 05:00:00,17.019962525032387,17.52046094302297,16.78020276960981,17.51746368408203,457328000.0
2022-12-13 05:00:00,18.512469006153694,18.77121078174227,17.693289316822757,18.05392837524414,656589000.0
2022-12-14 05:00:00,17.969011087419783,18.233747362128558,17.402578696343596,17.65632438659668,496888000.0
2022-12-15 05:00:00,17.128853387661163,17.302679168965806,16.683300254847847,16.935047149658203,478542000.0
2022-12-16 05:00:00,16.84713627352837,17.02395931877001,16.39358980223308,16.554428100585938,478232000.0
2022-12-19 05:00:00,16.55542806937623,16.592389818438555,16.128855034819484,16.23774528503418,354039000.0
2022-12-20 05:00:00,16.0479374093435,16.293691733158465,15.836150439306303,16.06891632080078,403260000.0
2022-12-21 05:00:00,16.09788497158055,16.610372416442008,16.085895936024823,16.4844970703125,325025000.0
2022-12-22 05:00:00,16.07790496925897,16.12186159180077,14.867117143254697,15.323659896850586,565045000.0
2022-12-23 05:00:00,15.180803762657309,15.32366040889023,14.868117043970384,15.190793991088867,349326000.0
2022-12-27 05:00:00,15.058926299176873,15.084900321940324,14.04194370104502,14.106879234313965,464902000.0
2022-12-28 05:00:00,13.913073815046728,14.247738871660683,13.870116591640242,14.021965026855469,351066000.0
2022-12-29 05:00:00,14.387596879617865,14.668315033901369,14.212771707873936,14.588395118713379,354923000.0
2022-12-30 05:00:00,14.319663660456738,14.614368696054798,14.218764842042592,14.599384307861328,310490000.0
2023-01-03 05:00:00,14.836147214679976,14.981002656191748,14.081902182591683,14.30068302154541,401277000.0
2023-01-04 05:00:00,14.552432867835895,14.838146156406989,14.226758666083303,14.73425006866455,431324000.0
2023-01-05 05:00:00,14.476509114267246,14.549436068229195,14.133851704136582,14.25073528289795,389168000.0
2023-01-06 05:00:00,14.45952485401676,14.994989063943777,14.01996530735585,14.84414005279541,405044000.0
2023-01-09 05:00:00,15.268716532503397,16.039943899153194,15.1258589291099,15.612372398376465,504231000.0
2023-01-10 05:00:00,15.491491850303234,15.9460367412462,15.456527005264633,15.89309024810791,384101000.0
2023-01-11 05:00:00,15.824158513514837,16.011970219679487,15.547435115356448,15.984996795654297,353285000.0
2023-01-12 05:00:00,16.083897626620722,16.620359284778843,15.476504976085742,16.49448585510254,551409000.0
2023-01-13 05:00:00,16.26172177332806,16.90507877525791,16.14883581061509,16.88210105895996,447287000.0
2023-01-17 05:00:00,16.882101069354157,17.71027253708016,16.882101069354157,17.684297561645508,511102000.0
2023-01-18 05:00:00,17.64933195026429,17.8551253151724,17.264716740500983,17.359622955322266,439624000.0
2023-01-19 05:00:00,17.018966570445794,17.179806805603878,16.7142731124436,16.74823760986328,452932000.0
2023-01-20 05:00:00,16.99398826883285,17.838144467896704,16.80817535561797,17.8211612701416,564967000.0
2023-01-23 05:00:00,18.045934566497856,19.22575518813864,17.80018219062393,19.17380714416504,655163000.0
2023-01-24 05:00:00,18.808169697179686,19.47550276564291,18.801176728770063,19.245731353759766,496204000.0
2023-01-25 05:00:00,18.894084898187952,19.350628576512324,18.561417754150824,19.303674697875977,449537000.0
2023-01-26 05:00:00,19.681299120426033,20.14583427066666,19.258721787064815,19.782197952270508,489535000.0
2023-01-27 05:00:00,19.44253994391752,20.60737443261839,19.385597730575345,20.344636917114258,542142000.0
2023-01-30 05:00:00,19.930047598821574,20.119856196776876,19.130846582408306,19.14283561706543,488611000.0
2023-01-31 05:00:00,19.150828232771158,19.667311381220713,18.931048939885837,19.5174617767334,498017000.0
2023-02-01 05:00:00,19.671307485536968,21.17080582248784,19.591387567845597,20.922056198120117,660477000.0
2023-02-02 05:00:00,20.97899588183488,21.927046101235472,20.679296702842173,21.687286376953125,564276000.0
2023-02-03 05:00:00,20.978999007184377,21.723254810357187,20.76820957509745,21.078899383544922,429366000.0
2023-02-06 05:00:00,20.785187565135388,21.54842327682784,20.765207113780754,21.06790542602539,452197000.0
2023-02-07 05:00:00,21.360614360794933,22.23673802068742,21.12884604934928,22.15082359313965,664150000.0
2023-02-08 05:00:00,22.364607929403398,22.85511796527084,21.985987290163227,22.182790756225586,559651000.0
2023-02-09 05:00:00,22.583391079267905,22.996976567245348,22.097877100421048,22.314659118652344,523876000.0
2023-02-10 05:00:00,21.668308556927258,22.05591910392087,20.790187926657033,21.243732452392578,550737000.0
2023-02-13 05:00:00,21.51645868835971,22.025948836069368,20.94103456636859,21.76620864868164,474919000.0
2023-02-14 05:00:00,21.556421868382394,23.025951590397128,21.34463396769386,22.948030471801758,675474000.0
2023-02-15 05:00:00,22.526446803874055,22.832140505930372,22.083890994896432,22.74123191833496,420575000.0
2023-02-16 05:00:00,22.110863322037478,22.527446080733473,21.905069975862954,21.979995727539062,412026000.0
2023-02-17 05:00:00,21.609370428776998,21.718260686432036,20.954026263972718,21.366613388061523,465888000.0
2023-02-21 05:00:00,20.97899838851901,21.472503832330847,20.597380448319672,20.63434410095215,410015000.0
2023-02-22 05:00:00,20.68629006455199,21.082892354016522,20.400574910962913,20.73324203491211,513184000.0
2023-02-23 05:00:00,23.416558173795323,23.86411008296413,23.001972300962063,23.64033317565918,1117995000.0
2023-02-24 05:00:00,23.201772660724565,23.450524180326013,22.924050815235166,23.262710571289062,589716000.0
2023-02-27 05:00:00,23.646326795039013,23.856115851316737,23.43054322131306,23.477495193481445,452994000.0
2023-02-28 05:00:00,23.348623650908365,23.80117159295259,23.18278931411265,23.192779541015625,455963000.0
2023-03-01 05:00:00,23.16880605034979,23.2327431288166,22.48549007597283,22.67530059814453,460026000.0
2023-03-02 05:00:00,22.46551148905175,23.356617727044704,22.409565830943126,23.29068374633789,389415000.0
2023-03-03 05:00:00,23.296676418290033,23.876096260572954,23.106865911464638,23.866106033325195,412393000.0
2023-03-06 05:00:00,23.867107967065923,24.223749385629638,23.463510762437853,23.530445098876953,437429000.0
2023-03-07 05:00:00,23.580400752368433,24.104964362524335,23.221697740559055,23.268659591674805,515154000.0
2023-03-08 05:00:00,23.467497114785473,24.179906326422394,23.4045497011768,24.160921096801758,513573000.0
2023-03-09 05:00:00,24.154924912871536,24.43369447307599,23.36358275312628,23.416540145874023,501257000.0
2023-03-10 05:00:00,23.389563980500274,23.60738338746073,22.70713050905303,22.945932388305664,474866000.0
2023-03-13 04:00:00,22.733108829622278,23.278654989366956,22.27848671220757,22.946929931640625,421890000.0
2023-03-14 04:00:00,23.476487867060463,24.19888701960605,23.44051655907677,24.04301643371582,474910000.0
2023-03-15 04:00:00,23.74126688899198,24.26583051123997,23.340600837359847,24.2078800201416,524486000.0
2023-03-16 04:00:00,24.007051552436884,25.566754419975947,23.874160651808026,25.519794464111328,583253000.0
2023-03-17 04:00:00,25.960426557252433,26.37708012413153,25.646686200323746,25.70363998413086,848547000.0
2023-03-20 04:00:00,25.59372917074599,26.00238993506894,25.109131303094223,25.87849235534668,432747000.0
2023-03-21 04:00:00,26.158260863210074,26.370084715171625,25.359924553123577,26.177244186401367,547408000.0
2023-03-22 04:00:00,26.40305656588551,27.566091472465203,26.215212950904103,26.446022033691406,797295000.0
2023-03-23 04:00:00,27.092483687984217,27.476165594948146,26.66783736695665,27.168420791625977,564889000.0
2023-03-24 04:00:00,27.008555018771276,27.14444177136707,26.333115738961876,26.756763458251953,454920000.0
2023-03-27 04:00:00,26.814715931188335,26.977580691716717,26.343107731941966,26.508970260620117,361026000.0
2023-03-28 04:00:00,26.42503717383145,26.490982347841836,25.828532839951382,26.3880672454834,356104000.0
2023-03-29 04:00:00,26.802727159767205,27.055515439693604,26.57491583467265,26.961593627929688,393694000.0
2023-03-30 04:00:00,27.206388565387414,27.47616480917353,27.079493220776026,27.360260009765625,364516000.0
2023-03-31 04:00:00,27.117459050662813,27.810882913038117,27.0824882713584,27.753931045532227,433933000.0
2023-04-03 04:00:00,27.486159344006186,27.976750876466422,27.313302654961962,27.94178009033203,398716000.0
2023-04-04 04:00:00,27.942773097172072,27.97674525566726,27.284320017791455,27.430198669433594,368592000.0
2023-04-05 04:00:00,26.80672004860662,26.97557842011288,26.37308045320567,26.85867691040039,515015000.0
2023-04-06 04:00:00,26.561920652211157,27.05750899579146,26.405051458084227,27.014545440673828,397654000.0
2023-04-10 04:00:00,26.800724345120734,27.598061968083517,26.64685290782655,27.55609703063965,395279000.0
2023-04-11 04:00:00,27.700978013397847,27.76692318959248,27.103473133288535,27.146438598632812,314378000.0
2023-04-12 04:00:00,27.347274949110663,27.445193150748228,26.426039620920893,26.47300148010254,446259000.0
2023-04-13 04:00:00,26.71179772670093,26.86467054430278,26.307135282820585,26.441022872924805,353615000.0
2023-04-14 04:00:00,26.481990027168322,26.860675005002047,26.198225472529604,26.73577880859375,395660000.0
2023-04-17 04:00:00,26.542942510363897,26.983576314494652,26.41105214594061,26.97957992553711,321471000.0
2023-04-18 04:00:00,27.51013630310621,28.086656800927294,27.334281866827425,27.644023895263672,604812000.0
2023-04-19 04:00:00,27.33827814990457,27.976747432102734,27.2093855674829,27.907804489135742,358660000.0
2023-04-20 04:00:00,27.648020038897844,28.00672306467075,26.977577746060568,27.081491470336914,427713000.0
2023-04-21 04:00:00,26.929620174009735,27.160429263560324,26.699811611017537,27.096481323242188,345103000.0
2023-04-24 04:00:00,26.990565542768596,27.34327110236509,26.64884862147501,27.019540786743164,339282000.0
2023-04-25 04:00:00,27.055514550596037,27.22437484436602,26.20322411553106,26.219209671020508,378527000.0
2023-04-26 04:00:00,26.97957605431513,27.307302770987576,26.682821824060706,26.933612823486328,406337000.0
2023-04-27 04:00:00,27.34027738715415,27.472167737847915,26.60288938694917,27.20339012145996,377161000.0
2023-04-28 04:00:00,27.20239283065348,27.734949268700237,27.04851947681164,27.7259578704834,292216000.0
2023-05-01 04:00:00,27.81688091763852,29.033869862760206,27.756931277189757,28.8859920501709,570329000.0
2023-05-02 04:00:00,28.656185891505462,28.812056494254247,28.05968148797479,28.186574935913086,402730000.0
2023-05-03 04:00:00,27.81688204976608,28.34344486027376,27.449187603389927,27.778913497924805,383387000.0
2023-05-04 04:00:00,27.628038892272958,27.835866361148614,27.217380869969254,27.539113998413086,321850000.0
2023-05-05 04:00:00,27.802896049466895,28.731123640899572,27.707975614848607,28.656187057495117,361494000.0
2023-05-08 04:00:00,28.498313634929115,29.19573394414959,28.326457491586734,29.12679100036621,344979000.0
2023-05-09 04:00:00,28.87500228440972,28.94894023981755,28.426375730996305,28.547273635864258,314869000.0
2023-05-10 04:00:00,28.98091460956097,29.08882663839483,28.437367605326653,28.86101531982422,369350000.0
2023-05-11 04:00:00,28.87200267964506,28.92595868810787,28.222542865572727,28.55426597595215,322149000.0
2023-05-12 04:00:00,28.505307600656668,28.756100516190692,28.022708903166627,28.316465377807617,274222000.0
2023-05-15 04:00:00,28.484328689651942,28.94494635477983,28.128625289421656,28.928958892822266,293926000.0
2023-05-16 04:00:00,28.817050841568992,29.845197623603145,28.808059443130762,29.18874168395996,449405000.0
2023-05-17 04:00:00,29.55943412398546,30.173923220986072,29.405562670982768,30.15294075012207,432535000.0
2023-05-18 04:00:00,30.384744840658275,31.801566483071674,30.294819431722896,31.651691436767578,748725000.0
2023-05-19 04:00:00,31.509808665820064,31.55377274893197,30.890324642750546,31.238035202026367,473908000.0
2023-05-22 04:00:00,30.875340877060037,31.493828286869693,30.654525616110014,31.150114059448242,372000000.0
2023-05-23 04:00:00,30.974256822059314,31.262017766354816,30.60556376728732,30.66251564025879,356253000.0
2023-05-24 04:00:00,30.184915137347215,30.58158676598894,29.781251257198175,30.512643814086914,721419000.0
2023-05-25 04:00:00,38.49100796728165,39.44721397289926,36.60457534049064,37.94845962524414,1543911000.0
2023-05-26 04:00:00,37.85853900635431,39.13747499196258,37.51882115873588,38.91366195678711,714397000.0
2023-05-30 04:00:00,40.56129320908205,41.903176556488546,39.91582970590061,40.077693939208984,923401000.0
2023-05-31 04:00:00,39.45520761311079,40.26153667698876,37.79059071532984,37.802581787109375,1002580000.0
2023-06-01 04:00:00,38.45704197696047,40.01674674166672,38.30816742592722,39.73698043823242,635873000.0
2023-06-02 04:00:00,40.06371085972058,40.46637615978603,39.025571992882654,39.294349670410156,482731000.0
2023-06-05 04:00:00,38.87669004097322,39.5321435245976,38.674858118858616,39.13847351074219,396094000.0
2023-06-06 04:00:00,38.79775882224138,39.12748282035394,38.116322111286685,38.62190246582031,388729000.0
2023-06-07 04:00:00,38.886705495226614,39.47028049803264,37.32883713586247,37.447750091552734,511998000.0
2023-06-08 04:00:00,37.69657436729438,38.835744998272645,37.47773561947334,38.48200225830078,417772000.0
2023-06-09 04:00:00,39.00861783598584,39.68212760699857,38.53896213031096,38.74181365966797,427717000.0
2023-06-12 04:00:00,39.17150019392895,39.50125828347373,38.58992260823452,39.45329284667969,388701000.0
2023-06-13 04:00:00,40.15678529799824,41.07112100095235,39.711110397236205,40.9921760559082,613208000.0
2023-06-14 04:00:00,40.794327015832565,42.96874400584985,40.52252155664653,42.96574783325195,740465000.0
2023-06-15 04:00:00,42.571032403423146,43.25753327513272,42.116361328067455,42.62199401855469,568622000.0
2023-06-16 04:00:00,43.41840556812391,43.68920841570231,42.62997783526068,42.66095733642578,655709000.0
2023-06-20 04:00:00,42.96674106849241,43.95802045275375,42.642975308832675,43.77614974975586,451153000.0
2023-06-21 04:00:00,43.469375994641815,43.583295347445485,42.04941138244555,43.01370620727539,551603000.0
2023-06-22 04:00:00,42.22227910485018,43.39442663272672,42.20329572401854,42.99372100830078,417737000.0
2023-06-23 04:00:00,42.433137569938786,42.777884229423044,41.98446259496919,42.178321838378906,358140000.0
2023-06-26 04:00:00,42.43013574055072,42.73291690766179,40.070851773400804,40.60246658325195,594322000.0
2023-06-27 04:00:00,40.76934141492228,41.90951081905212,40.418598644089215,41.845558166503906,462175000.0
2023-06-28 04:00:00,40.63044389045078,41.81458388032518,40.488548818702085,41.08711242675781,582639000.0
2023-06-29 04:00:00,41.527785226902004,41.56975450915622,40.57048152757147,40.792320251464844,380514000.0
2023-06-30 04:00:00,41.649698416136715,42.51906484775984,41.470827697536826,42.271244049072266,501148000.0
2023-07-03 04:00:00,42.486092309128985,42.866815875282846,42.171322657706185,42.38216781616211,198209000.0
2023-07-05 04:00:00,42.104365108899316,43.14560736549417,42.05440222255246,42.28623580932617,323618000.0
2023-07-06 04:00:00,41.81358472410437,42.14834029261051,41.31594563009927,42.07239532470703,303582000.0
2023-07-07 04:00:00,42.29123113247118,43.18258476591584,42.14933607210184,42.47209930419922,355881000.0
2023-07-10 04:00:00,42.62598448947878,42.77987184120869,41.61871419976329,42.149330139160156,353908000.0
2023-07-11 04:00:00,42.45011335397041,42.72691238917329,42.0364166991454,42.374168395996094,298244000.0
2023-07-12 04:00:00,43.001715152832105,43.903059808967086,42.74590075117866,43.87008285522461,481277000.0
2023-07-13 04:00:00,44.48564153669653,46.12144883056754,44.459659460176354,45.943580627441406,478204000.0
2023-07-14 04:00:00,46.549128177642544,48.05303491082442,45.0272367895013,45.43593978881836,772075000.0
2023-07-17 04:00:00,46.25535497097536,46.462201427028674,45.2291010485681,46.42722702026367,510488000.0
2023-07-18 04:00:00,46.66704612621804,47.86117699331049,45.700750131517545,47.459468841552734,569164000.0
2023-07-19 04:00:00,47.42949003823852,47.78323273939186,46.708014876201304,47.04277038574219,427502000.0
2023-07-20 04:00:00,46.473189933800484,47.052770110424305,45.029240736563175,45.486907958984375,537865000.0
2023-07-21 04:00:00,45.75470382328609,45.83265003376799,44.06793151342547,44.27677917480469,963769000.0
2023-07-24 04:00:00,44.69847992512501,45.076207287411634,44.00798419764258,44.579566955566406,382516000.0
2023-07-25 04:00:00,44.90832769720461,46.14942147302996,44.8903392287754,45.645790100097656,348081000.0
2023-07-26 04:00:00,45.98754334626847,46.01952157703273,44.59755574079193,45.4189567565918,364237000.0
2023-07-27 04:00:00,46.48518386639015,47.36054650639366,45.71674188711987,45.866634368896484,455976000.0
2023-07-28 04:00:00,46.63406993246034,46.9928100852104,46.34727984222391,46.71601104736328,331194000.0
2023-07-31 04:00:00,46.7200135632976,47.09573967930946,46.472192750297545,46.695030212402344,251055000.0
2023-08-01 04:00:00,46.42622359131387,46.86590615971662,45.99353971547932,46.47319030761719,237858000.0
2023-08-02 04:00:00,45.79768501941141,45.80667734864654,43.35546141010275,44.236820220947266,530142000.0
2023-08-03 04:00:00,43.768151421029266,45.08519387093538,43.768151421029266,44.48263168334961,324176000.0
2023-08-04 04:00:00,44.95229672936695,45.6088167758493,44.36072805590183,44.647518157958984,362666000.0
2023-08-07 04:00:00,45.07820630485827,45.506895294186684,44.53060434183165,45.38398361206055,322154000.0
2023-08-08 04:00:00,44.820388704613485,45.20910580762462,44.0239673068551,44.631526947021484,353843000.0
2023-08-09 04:00:00,44.2418106099287,44.279784996235016,42.10336702177276,42.52306365966797,586449000.0
2023-08-10 04:00:00,42.129350474246436,43.54232399177734,41.80458597956359,42.35718536376953,492705000.0
2023-08-11 04:00:00,41.720650731912684,41.987458754323995,40.60945953043557,40.82530212402344,533085000.0
2023-08-14 04:00:00,40.456564582325726,43.76815430441539,40.28169257903262,43.721187591552734,690286000.0
2023-08-15 04:00:00,44.527610226384226,45.2350957564997,43.67822581342224,43.908058166503906,676512000.0
2023-08-16 04:00:00,44.487636389026356,44.6425224910749,43.37444399152848,43.45438766479492,527451000.0
2023-08-17 04:00:00,43.93802900451183,44.029961162547856,42.9697318315635,43.31248474121094,452395000.0
2023-08-18 04:00:00,42.603998420369834,43.54631355808522,41.6297088674994,43.26751708984375,583768000.0
2023-08-21 04:00:00,44.46165562877054,47.030785847728,44.18985399309083,46.932857513427734,692573000.0
2023-08-22 04:00:00,48.100005574504046,48.15196972371808,45.30004440741636,45.63479995727539,755293000.0
2023-08-23 04:00:00,45.83265396797378,47.16568370903834,45.17513142560614,47.08174514770508,779046000.0
2023-08-24 04:00:00,50.179489575369686,50.22945246000163,47.124712989648934,47.12870788574219,1156044000.0
2023-08-25 04:00:00,46.97782350910496,47.7702462695261,44.99126600172495,45.98454666137695,925341000.0
2023-08-28 04:00:00,46.44820509438741,46.945844136189635,44.85536600768865,46.80094909667969,685192000.0
2023-08-29 04:00:00,46.632071231077255,49.04531628812588,46.35726964870884,48.748531341552734,701397000.0
2023-08-30 04:00:00,49.008338674508195,49.89069606305402,48.389789269751844,49.228179931640625,735206000.0
2023-08-31 04:00:00,49.34410184954682,49.70783563609758,48.922407758819745,49.31911849975586,528570000.0
2023-09-01 04:00:00,49.72582320725818,49.76379378137674,48.10699823052651,48.473731994628906,463830000.0
2023-09-05 04:00:00,48.18794605289678,48.81549172198567,47.825210956107306,48.51271057128906,382653000.0
2023-09-06 04:00:00,48.409770048373865,48.5176983121161,46.54996984821671,47.03065872192383,468670000.0
2023-09-07 04:00:00,45.49565878737646,46.31413115212792,45.122898103314355,46.21119689941406,433330000.0
2023-09-08 04:00:00,45.912385845022,46.575955463730146,45.241816956969146,45.54262161254883,473069000.0
2023-09-11 04:00:00,46.11825605447847,46.13324577689998,44.28344083510268,45.14888381958008,473966000.0
2023-09-12 04:00:00,44.709153407474325,45.643551923371255,44.502286142152805,44.841068267822266,349256000.0
2023-09-13 04:00:00,44.571245445404095,45.90038984188142,44.474307858028645,45.4556770324707,398355000.0
2023-09-14 04:00:00,45.920385958902,45.95736086196473,45.10191356092752,45.5516242980957,370097000.0
2023-09-15 04:00:00,45.31176544872774,45.56959852066616,43.779752923471165,43.87169647216797,506831000.0
2023-09-18 04:00:00,42.720443095064276,44.213479451862526,41.972924204170205,43.93765640258789,500271000.0
2023-09-19 04:00:00,43.80474129556245,43.93765497175379,42.97427575565499,43.491943359375,373064000.0
2023-09-20 04:00:00,43.571891798323115,43.874697872716084,42.1957805773011,42.211769104003906,367108000.0
2023-09-21 04:00:00,41.55619180268766,42.0728567871405,40.953579913724376,40.99055480957031,450736000.0
2023-09-22 04:00:00,41.54519433277662,42.087847304445255,41.20441459488325,41.58317184448242,479236000.0
2023-09-25 04:00:00,41.564184746897794,42.50857517454085,41.15045020013546,42.19477844238281,419091000.0
2023-09-26 04:00:00,41.97392192797056,42.79239417282539,41.62814431891952,41.88397979736328,402282000.0
2023-09-27 04:00:00,42.30271271186717,42.844363114706354,41.60216441597511,42.44062042236328,444935000.0
2023-09-28 04:00:00,42.43262220486007,43.41798652388978,42.08784724239294,43.06121826171875,424663000.0
2023-09-29 04:00:00,43.79874253504086,44.11553949357653,43.27907734367155,43.47095489501953,397830000.0
2023-10-02 04:00:00,44.00160269233367,45.1458647096369,43.83271296572386,44.75312042236328,433298000.0
2023-10-03 04:00:00,44.77910920077743,45.10090400420974,43.2181160083425,43.48894119262695,470850000.0
2023-10-04 04:00:00,43.713800550252934,44.11454300550294,43.26408989829739,44.01260757446289,361821000.0
2023-10-05 04:00:00,44.02160569733858,44.87106009571042,43.859711368944936,44.65919494628906,393483000.0
2023-10-06 04:00:00,44.16450946291641,45.759481188953075,43.99761731119279,45.73249816894531,434436000.0
2023-10-09 04:00:00,44.813086880403254,45.57559541910592,44.33939347095082,45.24380874633789,409675000.0
2023-10-10 04:00:00,45.28079400115597,46.229179763507624,45.05893698303584,45.76847839355469,368582000.0
2023-10-11 04:00:00,46.16622566699854,46.82880037410646,46.02031985598865,46.77583312988281,378137000.0
2023-10-12 04:00:00,46.74684673062692,47.57831113328324,46.30013628160048,46.914737701416016,481325000.0
2023-10-13 04:00:00,46.92972831295685,47.08562979753359,45.25081094871752,45.43169403076172,474115000.0
2023-10-16 04:00:00,45.03394854361238,46.19519817588755,44.8830449142491,46.065284729003906,375099000.0
2023-10-17 04:00:00,43.971635905037324,44.72515146398081,42.452615298122,43.90967559814453,812333000.0
2023-10-18 04:00:00,42.56354235108208,43.19113966201485,41.79803732924531,42.16879653930664,627294000.0
2023-10-19 04:00:00,42.783401532452814,43.26908828015481,41.85499958396407,42.07386016845703,501233000.0
2023-10-20 04:00:00,41.86299127969732,42.44261916103959,41.05151453316081,41.36031723022461,477266000.0
2023-10-23 04:00:00,41.20242325687503,43.22012278548461,40.91860593108143,42.947296142578125,478530000.0
2023-10-24 04:00:00,43.04922503107713,43.668824208033044,42.663476137534204,43.63484573364258,401463000.0
2023-10-25 04:00:00,43.37001943801499,43.62185968396837,41.52820914347359,41.7520637512207,398379000.0
2023-10-26 04:00:00,41.826015100945305,42.22875513682953,39.85428765821612,40.29999923706055,541001000.0
2023-10-27 04:00:00,41.10348715819275,41.17943837928563,39.98920425077625,40.47389221191406,416784000.0
2023-10-30 04:00:00,41.06051827775502,41.73907765520457,40.454906082459445,41.13446807861328,388028000.0
2023-10-31 04:00:00,40.42392640316341,40.852650720636724,39.204711603972164,40.75371170043945,517969000.0
2023-11-01 04:00:00,40.857645026484356,42.353681706486846,40.84265530544935,42.2977180480957,437593000.0
2023-11-02 04:00:00,43.300064408208144,43.855705696322225,42.86634611035468,43.47795104980469,409172000.0
2023-11-03 04:00:00,43.99161716605405,45.27978369407566,43.69480778178644,44.975982666015625,424610000.0
2023-11-06 05:00:00,45.25580880956027,45.905391339762694,44.870056042056,45.72150802612305,400733000.0
2023-11-07 05:00:00,45.68952517362853,46.18820018807057,45.12888604597762,45.92537307739258,343165000.0
2023-11-08 05:00:00,46.07027857367067,46.83678620591324,45.93836370236791,46.543975830078125,346719000.0
2023-11-09 05:00:00,47.43639611181253,48.198904678121394,46.719859321767146,46.91973114013672,540496000.0
2023-11-10 05:00:00,47.46938357142801,48.4407571846076,47.2525243856,48.3038444519043,421245000.0
2023-11-13 05:00:00,48.28884773723465,49.08433598855006,48.06798954522677,48.588653564453125,384136000.0
2023-11-14 05:00:00,49.647968075180216,49.80186810947218,49.00838133866222,49.62398147583008,416954000.0
2023-11-15 05:00:00,49.902809365822506,49.927790961524366,48.168927272564574,48.856483459472656,475497000.0
2023-11-16 05:00:00,48.64761873945954,49.49307401570829,48.29884470682521,49.44810104370117,339756000.0
2023-11-17 05:00:00,49.49207615888525,49.68495254819164,48.975411113822275,49.2662239074707,325205000.0
2023-11-20 05:00:00,49.28021007685078,50.515413319946866,49.14929401076898,50.376502990722656,414120000.0
2023-11-21 05:00:00,50.09368225266799,50.48442900851123,49.1902657498463,49.911800384521484,565747000.0
2023-11-22 05:00:00,49.819862426084605,50.302548939584284,47.659253670052365,48.684593200683594,899420000.0
2023-11-24 05:00:00,48.43875395222816,48.88946341849403,47.71421905232239,47.745201110839844,294645000.0
2023-11-27 05:00:00,47.769182964937485,48.49871188238506,47.62127956875629,48.210899353027344,395662000.0
2023-11-28 05:00:00,48.20490212503735,48.291847835176796,47.442393546125054,47.79016876220703,401491000.0
2023-11-29 05:00:00,48.347811153163846,48.73056364947179,47.82914475163215,48.10896301269531,382005000.0
2023-11-30 05:00:00,47.9930306405447,48.078977532956486,46.3920662912035,46.73984146118164,526247000.0
2023-12-01 05:00:00,46.495004895434896,47.16956893202257,46.15722156787437,46.73484802246094,369317000.0
2023-12-04 05:00:00,46.047291437827624,46.047291437827624,44.980978046044385,45.480655670166016,437543000.0
2023-12-05 05:00:00,45.44068360016381,46.57405104711008,45.24579248346221,46.54007339477539,371718000.0
2023-12-06 05:00:00,47.188713605709914,47.36061873070036,45.38671600748787,45.477664947509766,380590000.0
2023-12-07 05:00:00,45.67455588233509,46.6030394870367,45.578608662273986,46.5700569152832,350823000.0
2023-12-08 05:00:00,46.56905734985708,47.71441917110969,46.52408042310089,47.479549407958984,359224000.0
2023-12-11 05:00:00,47.46456109151934,47.50453592444969,45.8044865345936,46.60103988647461,509728000.0
2023-12-12 05:00:00,46.02036339199116,47.63946032153252,46.02036339199116,47.63046646118164,372387000.0
2023-12-13 05:00:00,47.60248560623417,48.56694852407048,47.58149738885303,48.06122970581055,447792000.0
2023-12-14 05:00:00,48.36305298147659,48.64289584092454,47.395593515547255,48.32307434082031,391232000.0
2023-12-15 05:00:00,48.16716609290554,49.37649145661912,48.09320598416868,48.86277770996094,479948000.0
2023-12-18 05:00:00,49.37249683921415,50.40491882356695,49.12263603296827,50.04911804199219,412587000.0
2023-12-19 05:00:00,49.396473996646186,49.67232125952952,48.86776928450163,49.57637405395508,464444000.0
2023-12-20 05:00:00,49.6273523215611,49.971162561409855,48.07122000684809,48.08421325683594,397894000.0
2023-12-21 05:00:00,48.783821596134075,49.06766385409553,48.39203776733346,48.96272277832031,300425000.0
2023-12-22 05:00:00,49.16760912555352,49.35550417725914,48.440013817586234,48.80281448364258,252507000.0
2023-12-26 05:00:00,48.940732556066926,49.57238062064836,48.93273759007069,49.25156021118164,244200000.0
2023-12-27 05:00:00,49.483433835302336,49.65233845498923,49.05766853127738,49.38948440551758,233648000.0
2023-12-28 05:00:00,49.61535772949362,49.85622084400242,49.384483556355164,49.494422912597656,246587000.0
2023-12-29 05:00:00,49.78526123454254,49.969160695229064,48.7238523373362,49.494422912597656,389293000.0
2024-01-02 05:00:00,49.216575301212856,49.26754558758411,47.568495374432075,48.14117431640625,411254000.0
2024-01-03 05:00:00,47.45855812854748,48.15716638258974,47.29364909537562,47.542510986328125,320896000.0
2024-01-04 05:00:00,47.740404942993884,48.47299856752152,47.481550264732384,47.97127914428711,306535000.0
2024-01-05 05:00:00,48.43501546755193,49.5194103643003,48.27910029347317,49.06966018676758,415039000.0
2024-01-08 05:00:00,49.48442892614956,52.2458907620678,49.4514463575837,52.223899841308594,642510000.0
2024-01-09 05:00:00,52.371821875549315,54.29475029719907,51.66121544197603,53.110408782958984,773100000.0
2024-01-10 05:00:00,53.58614782430592,54.569597281107285,53.45921582315341,54.31973648071289,533796000.0
2024-01-11 05:00:00,54.96837295906674,55.31517984530642,53.530175126278365,54.79146957397461,596759000.0
2024-01-12 05:00:00,54.58958487431233,54.93939227133335,54.29974925258684,54.679534912109375,352994000.0
2024-01-16 05:00:00,54.98736610755934,56.80335188433168,54.86943178251625,56.35060501098633,449580000.0
2024-01-17 05:00:00,56.31562839717504,56.43955990801359,54.70952466514394,56.021793365478516,474394000.0
2024-01-18 05:00:00,57.22811763397988,57.567928484455464,56.0757597125632,57.07520294189453,491650000.0
2024-01-19 05:00:00,57.956711672124605,59.46687197330924,57.19313710812396,59.45787811279297,543501000.0
2024-01-22 05:00:00,60.01556528618006,60.29740976678535,59.037110289114665,59.620784759521484,452955000.0
2024-01-23 05:00:00,59.536831763324194,59.876642607504685,58.55237959065836,59.839664459228516,294654000.0
2024-01-24 05:00:00,60.27042173718701,62.81400277309229,59.90462440869122,61.32783126831055,560271000.0
2024-01-25 05:00:00,62.3152848013764,62.68408265284871,60.81611993386063,61.58269500732422,482777000.0
2024-01-26 05:00:00,60.92605348243829,61.748597055065574,60.53927175910999,60.997013092041016,390309000.0
2024-01-29 05:00:00,61.197898867345,62.45419882429467,60.87308290712382,62.430213928222656,348733000.0
2024-01-30 05:00:00,62.86498111554158,63.457649460395544,62.225334241470755,62.73904800415039,410735000.0
2024-01-31 05:00:00,61.40579108468123,62.23433190687522,60.666205224632265,61.49274444580078,453795000.0
2024-02-01 05:00:00,62.06541944015991,63.15581535659614,61.615673062934434,62.991905212402344,369146000.0
2024-02-02 05:00:00,63.938381369175765,66.56291878931643,63.654539090246594,66.1231689453125,476578000.0
2024-02-05 05:00:00,68.18701012748092,69.45830503749701,67.16758142852466,69.29339599609375,680078000.0
2024-02-06 05:00:00,69.59122707783612,69.71515858330277,66.26308702618283,68.18501281738281,683111000.0
2024-02-07 05:00:00,68.28095195120673,70.18089422020962,67.56235060844563,70.0599594116211,495575000.0
2024-02-08 05:00:00,70.03498384281633,70.75458420328539,69.41633280176669,69.60222625732422,414422000.0
2024-02-09 05:00:00,70.49374174629027,72.14482274694846,70.17292125397418,72.09285736083984,436637000.0
2024-02-12 05:00:00,72.55957267433736,74.56945447682682,71.21032591879988,72.20777130126953,613710000.0
2024-02-13 05:00:00,70.36081744123659,73.40911526024477,69.58125280309775,72.08785247802734,602580000.0
2024-02-14 05:00:00,73.16125433620005,74.19467532641171,71.89795802434332,73.8588638305664,504917000.0
2024-02-15 05:00:00,73.82787028335872,73.93380643951798,72.35968650824275,72.61753845214844,420122000.0
2024-02-16 05:00:00,74.05873462198204,74.36056840015162,72.46062602851259,72.57256317138672,495327000.0
2024-02-20 05:00:00,71.90694379478387,71.91594146829705,67.69629184561839,69.41333770751953,704833000.0
2024-02-21 05:00:00,67.9681399359681,68.84965273678795,66.21112295055113,67.43444061279297,673755000.0
2024-02-22 05:00:00,74.9832259524774,78.53124465919488,74.17867388920303,78.49427032470703,865100000.0
2024-02-23 05:00:00,80.7450259181588,82.34812926609345,77.5268172404039,78.77312469482422,829388000.0
2024-02-26 05:00:00,79.6556292519544,80.60110940022084,78.4612947940882,79.0479736328125,503973000.0
2024-02-27 05:00:00,79.3367948159067,79.43574633865495,77.11903628247967,78.65717315673828,391705000.0
2024-02-28 05:00:00,77.57678328073024,78.88904810428491,77.08205615581203,77.61975860595703,393110000.0
2024-02-29 05:00:00,79.04996729538055,79.94546455588929,78.30637821286784,79.06795501708984,507289000.0
2024-03-01 05:00:00,79.95544705800646,82.2541692109824,79.39075927311268,82.2331771850586,479135000.0
2024-03-04 05:00:00,84.08315120139147,87.64616854479111,83.67238457234258,85.18953704833984,615616000.0
2024-03-05 05:00:00,85.22652719248794,86.05310907669562,83.37447499815761,85.92017364501953,520639000.0
2024-03-06 05:00:00,87.97712182383515,89.67824984643924,86.9856232402923,88.65476989746094,582520000.0
2024-03-07 05:00:00,90.11202114454544,92.71969184649807,89.55630492024456,92.62174224853516,608119000.0
2024-03-08 05:00:00,95.08948806655721,97.35033567284756,86.46188588221935,87.48336791992188,1142269000.0
2024-03-11 04:00:00,86.38492752767289,88.75171621511622,84.1230810265849,85.73026275634766,678364000.0
2024-03-12 04:00:00,88.00410652239347,91.91310774958505,86.10607276758905,91.86613464355469,668075000.0
2024-03-13 04:00:00,91.00856657140831,91.45733510152752,88.38989990202793,90.8416519165039,635713000.0
2024-03-14 04:00:00,89.53131740403234,90.59977243652932,86.55583073162953,87.8991470336914,602318000.0
2024-03-15 04:00:00,86.88567820084742,89.500341723681,86.21302481365912,87.7922134399414,642086000.0
2024-03-18 04:00:00,90.34191762912647,92.35788758620774,87.04060020712583,88.40990447998047,668976000.0
2024-03-19 04:00:00,86.65579447616338,90.49783644933297,84.96666127835144,89.35242462158203,672171000.0
2024-03-20 04:00:00,89.75120872764549,90.36390274155225,88.17801382637771,90.32592010498047,479063000.0
2024-03-21 04:00:00,92.2529387505123,92.60076087628697,90.3589007516049,91.38837432861328,480372000.0
2024-03-22 04:00:00,91.09451627074266,94.72966241146648,90.78767363601877,94.24091339111328,586719000.0
2024-03-25 04:00:00,93.89309629655145,96.71665262612369,93.46231633076846,94.95355224609375,552136000.0
2024-03-26 04:00:00,95.8021249691622,96.32585986372577,92.4548335490284,92.51380157470703,513648000.0
2024-03-27 04:00:00,93.06451960589087,93.19245268869888,89.07755527294492,90.2039794921875,586067000.0
2024-03-28 04:00:00,89.95410761772509,91.25344777796057,89.14751991247192,90.30992889404297,435212000.0
2024-04-01 04:00:00,90.25295469319977,92.17796738530402,89.15851187965868,90.3169174194336,452441000.0
2024-04-02 04:00:00,88.40289389067334,90.04805823236576,87.57532082751612,89.40638732910156,433064000.0
2024-04-03 04:00:00,88.43888912667452,90.32792493292138,88.35493231864154,88.91864013671875,370067000.0
2024-04-04 04:00:00,90.35987886542738,90.58776700768702,85.83618676541171,85.86117553710938,434965000.0
2024-04-05 04:00:00,86.82170353525082,88.43588552210704,85.88218803532831,87.96312713623047,399678000.0
2024-04-08 04:00:00,88.65476426391245,88.78470285055779,86.68777315554529,87.08856964111328,283220000.0
2024-04-09 04:00:00,87.39739525078261,87.59029759028141,82.97965182031417,85.31045532226562,501700000.0
2024-04-10 04:00:00,83.8832095968993,87.35543726810234,83.66631737551937,86.99462127685547,431929000.0
2024-04-11 04:00:00,87.37542414329695,90.69273208355851,86.8816803570947,90.56979370117188,431637000.0
2024-04-12 04:00:00,89.65327386017714,90.1290367728089,87.48538077869667,88.14104461669922,426805000.0
2024-04-15 04:00:00,89.05255077772351,90.56677736779103,85.88516856234502,85.9571304321289,443077000.0
2024-04-16 04:00:00,86.38892089132743,88.0730591608871,86.02011339953525,87.37042236328125,370453000.0
2024-04-17 04:00:00,88.29494666403578,88.72973001771733,83.90718598900048,83.99214935302734,495400000.0
2024-04-18 04:00:00,84.9266740115763,86.14605313921993,82.35998267211264,84.62782287597656,447260000.0
2024-04-19 04:00:00,83.10760101811651,84.28099833646611,75.56744919546927,76.16114044189453,875198000.0
2024-04-22 04:00:00,78.0641671154843,80.03216479233348,76.36104131725212,79.47744750976562,596341000.0
2024-04-23 04:00:00,80.7278102893302,82.72679042021001,80.2230705514645,82.38096618652344,438559000.0
2024-04-24 04:00:00,83.90719166390734,84.03912814064545,79.14262401880819,79.6363754272461,512208000.0
2024-04-25 04:00:00,78.82778575977734,83.28051623028156,78.18311796504497,82.58987426757812,424641000.0
2024-04-26 04:00:00,83.77526671112514,88.28596627439501,83.34448669778978,87.69026947021484,551011000.0
2024-04-29 04:00:00,87.5503450405384,87.94713819551701,85.22252999218915,87.71226501464844,388971000.0
2024-04-30 04:00:00,87.195526189522,88.77372365378562,86.25601055156,86.35795593261719,363709000.0
2024-05-01 04:00:00,85.03361435183398,85.95614014617317,81.21355734292688,82.99864959716797,559863000.0
2024-05-02 04:00:00,84.40593290133356,86.19302312746696,83.15756927733226,85.77323913574219,377898000.0
2024-05-03 04:00:00,87.7442309865165,89.23546686580507,86.99561241116382,88.74372100830078,398341000.0
2024-05-06 04:00:00,89.34441239026923,92.17297098055205,89.00958414820802,92.09300994873047,376203000.0
2024-05-07 04:00:00,91.05153374398775,91.73418402804691,88.96560026111723,90.5078125,437342000.0
2024-05-08 04:00:00,89.43737100980039,91.14749704338682,89.37439959760155,90.36589813232422,325721000.0
2024-05-09 04:00:00,90.48283300975697,91.02555536852674,88.18600837888344,88.70174407958984,378013000.0
2024-05-10 04:00:00,90.25895279926722,91.3543946079418,89.18149955504683,89.83216857910156,335325000.0
2024-05-13 04:00:00,90.43185210687503,90.95159117174929,88.48384861830857,90.35289764404297,289680000.0
2024-05-14 04:00:00,89.55330988776338,91.60426546540805,88.88864807554503,91.30941772460938,296507000.0
2024-05-15 04:00:00,92.42482974673099,94.81360998714375,91.55227396981113,94.58172607421875,417735000.0
2024-05-16 04:00:00,94.86160408579778,95.77013712291551,94.05500878486642,94.31088256835938,323952000.0
2024-05-17 04:00:00,94.32089003310901,94.69169545244071,91.75919321941595,92.43184661865234,359691000.0
2024-05-20 04:00:00,93.70220057081201,95.15145822277206,93.39236106775267,94.73167419433594,318764000.0
2024-05-21 04:00:00,93.55126534071833,95.35134936664903,93.1324803037148,95.33735656738281,328946000.0
2024-05-22 04:00:00,95.41032394954395,95.97103489974472,93.20145177000462,94.90158081054688,548648000.0
2024-05-23 04:00:00,101.97598526792865,106.26579699236947,101.46824101677741,103.74608612060547,835065000.0
2024-05-24 04:00:00,104.39573676851408,106.42070464479184,102.94747814509458,106.41471099853516,429494000.0
2024-05-28 04:00:00,110.1877929460902,114.88039879120554,109.82697694894155,113.84292602539062,652728000.0
2024-05-29 04:00:00,112.99235261607853,115.43310102209165,110.84444643564275,114.76644134521484,557442000.0
2024-05-30 04:00:00,114.59155031014234,115.75995304588886,109.607093285824,110.44366455078125,484553000.0
2024-05-31 04:00:00,112.46260836488604,112.65951411190449,106.88546011300409,109.57708740234375,613263000.0
2024-06-03 04:00:00,113.56306583418551,114.94136047363281,111.94588702357191,114.94136047363281,438392000.0
2024-06-04 04:00:00,115.65699910856021,116.5405434101387,113.98684591549986,116.37762451171875,403324000.0
2024-06-05 04:00:00,118.31064561773049,122.38656157559062,117.40810617337777,122.37757110595703,528402000.0
2024-06-06 04:00:00,123.98473454180629,125.52295114690725,118.25965887862115,120.93629455566406,664696000.0
2024-06-07 04:00:00,119.70892124903274,121.62994584355768,117.9618191498612,120.82635498046875,412386000.0
2024-06-10 04:00:00,120.3086160214553,123.03721949599527,116.95032895624942,121.72789001464844,313434100.0
2024-06-11 04:00:00,121.71790911261488,122.81744468477636,118.68920642560704,120.85828399658203,222551200.0
2024-06-12 04:00:00,123.00734716397616,126.8257124975509,122.51755894250634,125.14643096923828,299595000.0
2024-06-13 04:00:00,129.33464307228707,129.74447132445016,127.10560139337456,129.55455017089844,260704500.0
2024-06-14 04:00:00,129.90441625095465,132.78317395786428,128.26511837192902,131.82359313964844,309320400.0
2024-06-17 04:00:00,132.9331153831068,133.67278906643185,129.52457044327446,130.92396545410156,288504400.0
2024-06-18 04:00:00,131.08388532556722,136.27166699428068,130.63408092847425,135.52198791503906,294335100.0
2024-06-20 04:00:00,139.74020619139688,140.69978702792184,129.46460449105635,130.72406005859375,517768400.0
2024-06-21 04:00:00,127.06560632081215,130.5741064780737,124.2468133432689,126.51583862304688,649445800.0
2024-06-24 04:00:00,123.18725776161229,124.40673688729653,117.9894861328688,118.05945587158203,476060900.0
2024-06-25 04:00:00,121.14814167969276,126.44587713171062,119.26894878077069,126.03604888916016,414192600.0
2024-06-26 04:00:00,126.07603561970313,128.0651821115694,122.54754706402704,126.3459243774414,362975900.0
2024-06-27 04:00:00,124.04689659574252,126.35591334202208,122.86740120783881,123.93694305419922,252571700.0
2024-06-28 04:00:00,124.52670042256338,127.65535851030685,122.69748155565787,123.48714447021484,315516700.0
2024-07-01 04:00:00,123.41718700299181,124.78659610560356,118.77917237025213,124.24683380126953,284885500.0
2024-07-02 04:00:00,121.07817351581278,123.35720445635805,120.97821782460922,122.61751556396484,218374000.0
2024-07-03 04:00:00,121.60795022813568,128.22511291503906,121.30807553564613,128.22511291503906,215749000.0
2024-07-05 04:00:00,127.32550112143423,128.7948810674807,125.62623147151251,125.77616882324219,214176700.0
2024-07-08 04:00:00,127.43544631776729,130.7140492483546,126.98564191819271,128.1451416015625,237677300.0
2024-07-09 04:00:00,130.29424856790877,133.76276548705792,128.59496354527897,131.3238067626953,285366600.0
2024-07-10 04:00:00,133.9726664675838,135.04221608834806,132.36335454676214,134.852294921875,248978600.0
2024-07-11 04:00:00,135.69192330087128,136.09174607157163,126.99564839391957,127.34549713134766,374782700.0
2024-07-12 04:00:00,128.20511597204649,131.86355363035963,127.16556766728102,129.18470764160156,252680500.0
2024-07-15 04:00:00,130.50414372087192,131.33379047542198,127.1255924372887,128.3850555419922,208326200.0
2024-07-16 04:00:00,128.38505064333017,128.9847847878456,124.52670149646414,126.30593872070312,214769500.0
2024-07-17 04:00:00,121.29808499297587,121.79787109317448,116.67006845054381,117.93952178955078,390086200.0
2024-07-18 04:00:00,121.79786207097416,122.34762979092075,116.51012460742739,121.0381851196289,320979500.0
2024-07-19 04:00:00,120.29850217085433,121.54796731102965,117.31978154730916,117.8795394897461,217223800.0
2024-07-22 04:00:00,120.2985068676328,124.01691649015211,119.80871864887781,123.48714447021484,258068900.0
2024-07-23 04:00:00,122.72745775509675,124.63664407277192,122.04774844122937,122.53753662109375,173911000.0
2024-07-24 04:00:00,119.1190116312528,119.89867669033677,113.39146746574805,114.20111846923828,327776900.0
2024-07-25 04:00:00,112.99164110995024,116.5801016063377,106.25452669437287,112.23196411132812,460067000.0
2024-07-26 04:00:00,116.14029297278634,116.15028320368103,111.53226465502331,113.01162719726562,293399100.0
2024-07-29 04:00:00,113.64136695751597,116.23025532001331,111.25238998649994,111.5422592163086,248152100.0
2024-07-30 04:00:00,111.47228355856528,111.94208369239041,102.49612986212257,103.68562316894531,486833300.0
2024-07-31 04:00:00,112.85168535455355,118.28935209111981,110.83254555393661,116.96991729736328,473174200.0
2024-08-01 04:00:00,117.47971689042026,120.10859659996095,106.76430191931924,109.16327667236328,523462300.0
2024-08-02 04:00:00,103.71561292679569,108.67349009112934,101.3266359945612,107.22410583496094,482027500.0
2024-08-05 04:00:00,92.020610744235,103.36576087778293,90.65120176374947,100.40702056884766,552842400.0
2024-08-06 04:00:00,103.79557030996848,107.66391734722711,100.50698458680512,104.20539855957031,409012100.0
2024-08-07 04:00:00,107.76386930019544,108.75345120343057,98.64777632103673,98.86768341064453,411440400.0
2024-08-08 04:00:00,101.95636396303468,105.45486664804078,97.4782771707294,104.92509460449219,391910000.0
2024-08-09 04:00:00,105.59480355882924,106.55439192807604,103.38574997554278,104.70518493652344,290844200.0
2024-08-12 04:00:00,106.27451625816647,111.02248421974713,106.214544366382,108.97335815429688,325559900.0
2024-08-13 04:00:00,112.3918952304853,116.18027460234957,111.53226256952769,116.0903091430664,312646700.0
2024-08-14 04:00:00,118.47929970941885,118.54926946313572,114.02120830914065,118.02949523925781,339246400.0
2024-08-15 04:00:00,118.7091971963176,123.18727640390337,117.41974813678404,122.80744171142578,318086700.0
2024-08-16 04:00:00,121.88783295977665,124.94652136236562,121.12815597457694,124.52670288085938,302589900.0
2024-08-19 04:00:00,124.22682769827617,129.9443817138672,123.36719502454015,129.9443817138672,318333600.0
2024-08-20 04:00:00,128.3450585172195,129.82443628728038,125.83613790062299,127.195556640625,300087400.0
2024-08-21 04:00:00,127.26552712895132,129.29466502006431,126.60581346882094,128.4450225830078,257883600.0
2024-08-22 04:00:00,129.96437709388331,130.69406050330699,123.04733191995243,123.68705749511719,376189100.0
2024-08-23 04:00:00,125.80614369005178,129.54454879248973,125.16641816339359,129.31463623046875,323230300.0
2024-08-26 04:00:00,129.5145768150302,131.20384101513017,124.3167968178151,126.40589904785156,331964700.0
2024-08-27 04:00:00,124.99650751528328,129.14472607274774,123.8270022374259,128.2451171875,303134600.0
2024-08-28 04:00:00,128.06517977661952,128.2750966404244,122.5875286310627,125.55625915527344,448101100.0
2024-08-29 04:00:00,121.30807947152184,124.37676573622443,116.66006734390899,117.53968811035156,453023300.0
2024-08-30 04:00:00,119.47885915972935,121.69791057687668,117.169849908653,119.31893157958984,333751600.0
2024-09-03 04:00:00,115.96037175405029,116.16028314135124,107.24410104783063,107.95379638671875,477155100.0
2024-09-04 04:00:00,105.36491282865293,113.22154357052297,104.07546373187543,106.16456604003906,372470300.0
2024-09-05 04:00:00,104.94507973247826,109.6030896936583,104.715182404582,107.16413116455078,306850700.0
2024-09-06 04:00:00,107.9937729521253,108.10372649561138,100.90680264312543,102.78600311279297,413638100.0
2024-09-09 04:00:00,104.83512996607128,106.50442134190934,103.64564422957986,106.42445373535156,273912000.0
2024-09-10 04:00:00,107.76386463370491,109.35318822314704,104.90508784485718,108.05374145507812,268283700.0
2024-09-11 04:00:00,109.34319840779227,117.13986433729632,107.37404002456883,116.8599853515625,441422400.0
2024-09-12 04:00:00,116.80000446674823,120.74865704096976,115.34050510922769,119.0992202758789,366052700.0
2024-09-13 04:00:00,119.03923719212747,119.91893319621943,117.5597404845181,119.0592269897461,238358300.0
2024-09-16 04:00:00,116.75001183404176,118.13953528569532,114.32084356482326,116.7400131225586,248772300.0
2024-09-17 04:00:00,118.12954900355818,118.75933823796504,114.79069593440207,115.55043029785156,231925900.0
2024-09-18 04:00:00,115.850318172966,117.659695980885,113.18123422247302,113.33118438720703,310318900.0
2024-09-19 04:00:00,117.30982462581498,119.6190390017094,117.20986038538442,117.82965087890625,293506400.0
2024-09-20 04:00:00,117.0199313836397,118.57940262799143,115.35050480567513,115.96029663085938,382462400.0
2024-09-23 04:00:00,116.51010886475667,116.94995306986277,114.82068489843978,116.22020721435547,206228500.0
2024-09-24 04:00:00,116.48011145817397,121.75831050299728,115.34050229413268,120.82862854003906,354966800.0
2024-09-25 04:00:00,121.9782246233193,124.8972307941946,121.56836894761845,123.46772003173828,284692900.0
2024-09-26 04:00:00,126.75660075164774,127.62629807870698,121.75831219877176,123.99754333496094,302582900.0
2024-09-27 04:00:00,123.9275641535197,123.9875411739155,119.21917738287792,121.35844421386719,271009200.0
2024-09-30 04:00:00,118.26949648274505,121.45840689022769,118.10955522149155,121.39842987060547,226553700.0
2024-10-01 04:00:00,121.72830933905863,122.39808576451375,115.7503608309228,116.95994567871094,302094500.0
2024-10-02 04:00:00,116.40014740227824,119.33913591399957,115.1005893150636,118.80931854248047,221845900.0
2024-10-03 04:00:00,120.87860561160097,124.31743049345978,120.2988023230489,122.80794525146484,277118000.0
2024-10-04 04:00:00,124.89722520655694,124.99718944297891,121.78828940510478,124.87722778320312,243678100.0
2024-10-07 04:00:00,124.94720840149982,130.59527568838965,124.90722118000957,127.67627716064453,346250200.0
2024-10-08 04:00:00,130.2153933149511,133.43429200303964,129.3756845929013,132.84449768066406,285722500.0
2024-10-09 04:00:00,134.06409064908044,134.473953954377,131.33502948270424,132.60458374023438,246191600.0
2024-10-10 04:00:00,131.86483875930813,134.95377710780917,130.9551466749852,134.7638397216797,242311300.0
2024-10-11 04:00:00,133.9641223517835,135.73352074472976,133.61425131031754,134.7538604736328,170209500.0
2024-10-14 04:00:00,136.42329237635488,139.5522259694365,136.25335239175735,138.0227508544922,232347700.0
2024-10-15 04:00:00,137.82280508502743,138.52257769243778,128.6959404665834,131.55496215820312,377831000.0
2024-10-16 04:00:00,133.93414345953184,136.57323935639468,131.53497091822635,135.67355346679688,264879700.0
2024-10-17 04:00:00,139.29229632563835,140.8417687676179,136.82314065604464,136.88311767578125,306435900.0
2024-10-18 04:00:00,138.62252759913224,138.85244459278235,137.23300404466042,137.9527587890625,176090200.0
2024-10-21 04:00:00,138.0827206747143,143.6608123779297,137.95276029474488,143.6608123779297,264554500.0
2024-10-22 04:00:00,142.86110303968678,144.3705808600113,141.731484819394,143.54086303710938,226311600.0
2024-10-23 04:00:00,141.9813779606296,142.38123492807873,137.41295033058282,139.51222229003906,285930000.0
2024-10-24 04:00:00,140.7718017861216,141.30161913611144,138.41260905173522,140.3619384765625,172354900.0
2024-10-25 04:00:00,140.8817548130095,144.08067171203157,140.75180968215267,141.49154663085938,205122100.0
2024-10-28 04:00:00,142.95105547012693,143.09100694226274,140.00206821568727,140.47190856933594,173586700.0
2024-10-29 04:00:00,140.2419668294209,142.21129364579818,138.8524432880062,141.20164489746094,157593600.0
2024-10-30 04:00:00,139.49222584841445,140.28196395700422,136.76316465511044,139.29229736328125,179418100.0
2024-10-31 04:00:00,137.55292462080052,137.5629157078968,132.06479759847417,132.71456909179688,270039600.0
2024-11-01 04:00:00,134.65389558133728,137.26300291330367,134.52395044654537,135.35365295410156,207127800.0
2024-11-04 05:00:00,137.16303982117785,138.91244079735898,135.52360180221356,136.00343322753906,187528200.0
2024-11-05 05:00:00,137.40294177771256,140.3219403030432,137.28298774012364,139.8621063232422,160537400.0
2024-11-06 05:00:00,142.9110784725191,146.43986910531262,141.91142072377156,145.56016540527344,242043900.0
2024-11-07 05:00:00,146.33990241230273,148.87902647248674,146.11997647950326,148.8290557861328,207323300.0
2024-11-08 05:00:00,148.71906153874144,149.71871911263233,146.2099112659944,147.57945251464844,175665800.0
2024-11-11 05:00:00,148.62909347800425,148.79904870323992,143.52085748188875,145.21026611328125,182325600.0
2024-11-12 05:00:00,146.7297346202135,149.59874692031187,145.95999403229789,148.2392120361328,198634700.0
2024-11-13 05:00:00,149.01898487542564,149.27889039349282,145.85005645366056,146.21994018554688,191903300.0
2024-11-14 05:00:00,147.58945090415918,148.94898588208457,145.5001701321721,146.70974731445312,194463300.0
2024-11-15 05:00:00,144.8203910682193,145.1902747512061,140.03203789439084,141.93138122558594,250132900.0
2024-11-18 05:00:00,139.45223367342163,141.50153478170088,137.10303223771245,140.1020050048828,221205300.0
2024-11-19 05:00:00,141.27163159656618,147.0796403153284,140.94174272954967,146.9596710205078,227834900.0
2024-11-20 05:00:00,147.35954130772643,147.50948385732136,142.68113546401185,145.84005737304688,309871700.0
2024-11-21 05:00:00,149.29888738883682,152.83766902515802,140.65183891204953,146.6197967529297,400946600.0
2024-11-22 05:00:00,145.88003080645086,147.10962067545384,141.05169787065546,141.90139770507812,236406200.0
2024-11-25 05:00:00,141.94140761937004,142.00138464304115,135.77352121027207,135.97344970703125,344941900.0
2024-11-26 05:00:00,137.65285491316135,139.25231324946176,135.62355111044974,136.8731231689453,190287700.0
2024-11-27 05:00:00,134.96376655836661,137.17301655731904,131.7548742168772,135.2936553955078,226370900.0
2024-11-29 05:00:00,136.7331843976686,139.30231211006736,136.0034385187834,138.2026824951172,141863200.0
2024-12-02 05:00:00,138.78246325473978,140.401903648449,137.77281459318448,138.58253479003906,171682800.0
2024-12-03 05:00:00,138.21267485883047,140.49189330582607,137.90278339727084,140.2119903564453,164414000.0
2024-12-04 05:00:00,141.95139223046513,145.7400881706811,140.24197086598,145.09031677246094,231224300.0
2024-12-05 05:00:00,145.07032934736787,146.49993108099994,143.9106428157812,145.0203399658203,172621200.0
2024-12-06 05:00:00,144.5604751692698,145.66016529709515,141.27136605108353,142.40106201171875,188505600.0
2024-12-09 05:00:00,138.93199359328304,139.91172129670065,137.0925004855475,138.77203369140625,189308600.0
2024-12-10 05:00:00,138.97197539548316,141.7812196768295,133.7534018405272,135.03306579589844,210020900.0
2024-12-11 05:00:00,137.32243273699547,140.13166176303284,135.173026862483,139.2718963623047,184905200.0
2024-12-12 05:00:00,137.04252103958567,138.40214979482639,135.76287224107875,137.3024444580078,159211400.0
2024-12-13 05:00:00,138.9020072444441,139.56183041879834,132.50374826625531,134.21328735351562,231514900.0
2024-12-16 05:00:00,134.14327863720246,134.36321966164874,130.3843129319086,131.96388244628906,237951100.0
2024-12-17 05:00:00,129.0546920799943,131.5540083659402,126.82530622422306,130.35433959960938,259410300.0
2024-12-18 05:00:00,133.82339933223892,136.6626191312432,128.2449232385065,128.874755859375,277444500.0
2024-12-19 05:00:00,131.72394769790225,133.99333094415113,129.51456085077075,130.6442413330078,209719200.0
2024-12-20 05:00:00,129.7745000485284,135.24300545668208,128.1849385069714,134.6631622314453,306528600.0
2024-12-23 05:00:00,136.2427181368804,139.75175245255647,135.08303180440205,139.6317901611328,176053500.0
2024-12-24 05:00:00,139.9617148258363,141.86118913948326,138.61207790245493,140.18165588378906,105157000.0
2024-12-26 05:00:00,139.66179080612986,140.811485448775,137.69232835527816,139.8917236328125,116205600.0
2024-12-27 05:00:00,138.5121216661011,138.9819943823141,134.67317523350815,136.9725341796875,170582600.0
2024-12-30 05:00:00,134.79311660884966,140.2316308377207,133.98334063995796,137.452392578125,167734700.0
2024-12-31 05:00:00,137.99226367763055,138.0322612848829,133.79341493856927,134.25328063964844,155659200.0
2025-01-02 05:00:00,135.96280522543205,138.84202245285945,134.5931847895647,138.2721710205078,198247200.0
2025-01-03 05:00:00,139.9717090810043,144.86037131104774,139.69178686675932,144.4304962158203,229322500.0
2025-01-06 05:00:00,148.54936300568127,152.11839407781596,147.77958455274808,149.38912963867188,265377400.0
2025-01-07 05:00:00,152.98814312185272,153.08812187242287,139.97169998670535,140.10166931152344,351782200.0
2025-01-08 05:00:00,142.54101155921632,143.91063203422854,137.5223800692543,140.07168579101562,227349900.0
2025-01-10 05:00:00,137.41242079266553,139.88174676307978,134.18330808313058,135.8728485107422,207602500.0
2025-01-13 05:00:00,129.95446851982027,133.4535116815908,129.4745887600242,133.19357299804688,204808900.0
2025-01-14 05:00:00,136.01278831507346,136.3426998783518,130.01442953826418,131.7239532470703,195590500.0
2025-01-15 05:00:00,133.61345527658474,136.4126928345012,131.25409986764885,136.2027587890625,185217300.0
2025-01-16 05:00:00,138.6020991142272,138.71206965350657,133.4535130811874,133.5334930419922,209235600.0
2025-01-17 05:00:00,136.65262268416788,138.46212527408701,135.4229633158422,137.67234802246094,201188800.0
2025-01-21 05:00:00,139.12194717769367,141.7912151745994,137.05250594430132,140.79148864746094,197749000.0
2025-01-22 05:00:00,144.62045561465226,147.74958954273308,143.6307207753195,147.02980041503906,237651400.0
2025-01-23 05:00:00,145.01034368405638,147.1897403093082,143.6807055002306,147.17974853515625,155915500.0
2025-01-24 05:00:00,148.32942123311412,148.92926325643236,141.84120577881646,142.58099365234375,234657600.0
2025-01-27 05:00:00,124.7658794397831,128.3648859520762,116.668088091544,118.38761901855469,818830900.0
2025-01-28 05:00:00,121.77668294561497,128.96471894622445,116.21820602712087,128.95472717285156,579666400.0
2025-01-29 05:00:00,126.46540553655986,126.85529827150769,120.01717249490751,123.66616821289062,467120600.0
2025-01-30 05:00:00,123.0663342199192,124.96581615087412,118.06770157388424,124.61591339111328,392925500.0
2025-01-31 05:00:00,123.74615511454752,127.81504199868698,119.15741376372098,120.03717041015625,388161100.0
2025-02-03 05:00:00,114.71862375628316,118.53757894355685,112.97910166242248,116.62810516357422,371235700.0
2025-02-04 05:00:00,116.92801344303115,121.16685177317855,116.66808241089754,118.6175537109375,256550000.0
2025-02-05 05:00:00,121.72670769553925,124.96581960402936,120.72698113870702,124.79586791992188,262230800.0
2025-02-06 05:00:00,127.38515593926263,128.7347928917548,125.17576116570511,128.64480590820312,251483600.0
2025-02-07 05:00:00,129.18464838201572,130.3343276557766,124.96580169637689,129.80447387695312,228186300.0
2025-02-10 05:00:00,130.05443339276326,134.9630947980064,129.92447930424598,133.5334930419922,216989100.0
2025-02-11 05:00:00,132.54374607533066,134.4432203933444,130.9841751187103,132.76368713378906,178902400.0
2025-02-12 05:00:00,129.9844674915493,132.20386194641324,129.0447219695379,131.10415649414062,160278600.0
2025-02-13 05:00:00,131.52401516963508,136.46266649297655,131.13412244698262,135.25299072265625,197430000.0
2025-02-14 05:00:00,136.44266486168982,139.21191146517995,135.46293718873886,138.81202697753906,195479600.0
2025-02-18 05:00:00,141.23137649622348,143.40078131766987,137.89227816645598,139.36187744140625,219176600.0
2025-02-19 05:00:00,139.47184726600554,141.32134750878612,137.18248014952957,139.19192504882812,167536000.0
2025-02-20 05:00:00,139.991705837455,140.62153843760984,136.7525863640224,140.07168579101562,143903600.0
2025-02-21 05:00:00,140.0017008694862,141.42132600995674,133.99334973043614,134.3932342529297,228217600.0
2025-02-24 05:00:00,136.52266681200447,138.55211066034528,130.04444248958205,130.244384765625,251381100.0
2025-02-25 05:00:00,129.94445760453814,130.16439867421266,124.40597902043103,126.59537506103516,271428700.0
2025-02-26 05:00:00,129.95446947322534,133.69343728770713,128.4548795357506,131.24411010742188,322553800.0
2025-02-27 05:00:00,134.96308744670299,134.9730792207777,119.97718824289691,120.11714935302734,443175800.0
2025-02-28 05:00:00,117.98771929899918,125.05578541630098,116.36816723503377,124.88583374023438,389091100.0
2025-03-03 05:00:00,123.47622912906817,123.66617198823369,112.2492965435478,114.02880859375,411381400.0
2025-03-04 05:00:00,110.6197462594264,119.27737437091366,110.07989299750376,115.95828247070312,398163300.0
2025-03-05 05:00:00,117.54785129486386,118.24765683915241,114.47869104666965,117.26792907714844,284337900.0
2025-03-06 05:00:00,113.49895407905146,115.31845609620828,110.18986163701831,110.53976440429688,321181900.0
2025-03-07 05:00:00,111.21957864470976,113.44897220636766,107.5305852358904,112.65918731689453,341755500.0
2025-03-10 04:00:00,109.8699441866197,111.81940781621753,105.43115607331026,106.95074462890625,366487400.0
2025-03-11 04:00:00,106.960734969355,112.20929903890595,104.74134094243277,108.73025512695312,354865700.0
2025-03-12 04:00:00,114.09929300935045,116.7388133095112,112.85951254411586,115.718994140625,323857500.0
2025-03-13 04:00:00,117.00876245655117,117.73863334670654,113.76935252443205,115.55902862548828,299033100.0
2025-03-14 04:00:00,118.58847644066721,121.85787967708788,118.12856083227834,121.64791870117188,277593500.0
2025-03-17 04:00:00,122.71772499646224,122.86769930249316,118.00858060635532,119.50830841064453,255501500.0
2025-03-18 04:00:00,117.97858323274161,118.99839474842913,114.51921213127834,115.40904998779297,299686900.0
2025-03-19 04:00:00,117.24871023501531,120.42813331851431,115.65900250727064,117.49866485595703,273426200.0
2025-03-20 04:00:00,116.5288475567653,120.17817892707569,116.44886024718888,118.50848388671875,248829700.0
2025-03-21 04:00:00,116.91877807414131,117.96858292451893,115.39904967929496,117.67863464355469,266498500.0
2025-03-24 04:00:00,119.85824123014483,122.19782052957932,119.31833831489072,121.38796997070312,228452500.0
2025-03-25 04:00:00,120.52812446850508,121.26798803028822,118.89841541478116,120.66809844970703,167447200.0
2025-03-26 04:00:00,118.70845626054094,118.81842927999459,112.68954449720724,113.7393569946289,293463300.0
2025-03-27 04:00:00,111.32979509417153,114.42923110356094,110.63992547504299,111.40978240966797,236902100.0
2025-03-28 04:00:00,111.46977019973694,112.84952470784617,109.05021109179135,109.65010070800781,229872500.0
2025-03-31 04:00:00,105.11091847763528,110.93986229194257,103.63119133667838,108.3603286743164,299212700.0
2025-04-01 04:00:00,108.50030342775528,110.17999886185885,106.45068001979016,110.13001251220703,222614000.0
2025-04-02 04:00:00,107.2705266243207,111.95967777974947,106.77061737970816,110.39995574951172,220601200.0
2025-04-03 04:00:00,103.49122110695384,105.61083156865355,101.58156399912866,101.78153228759766,338769400.0
2025-04-04 04:00:00,98.89205625014841,100.11182847125419,92.09328707213024,94.29288482666016,532273800.0
2025-04-07 04:00:00,87.444123819458,101.73153089146867,86.60427995314998,97.62227630615234,611041300.0
2025-04-08 04:00:00,103.79115551332612,105.83078615825814,94.44285411172834,96.28252410888672,476243400.0
2025-04-09 04:00:00,98.87204993981901,115.07910675948129,97.51229618216108,114.30924987792969,612918300.0
2025-04-10 04:00:00,109.35015243101728,110.83987986480561,99.13200610877084,107.55047607421875,437812400.0
2025-04-11 04:00:00,108.4803070767672,111.52975654810143,107.46049556472005,110.90986633300781,313417300.0
2025-04-14 04:00:00,114.08928762467488,114.26925525660798,109.05020155855789,110.68990325927734,264705000.0
2025-04-15 04:00:00,110.94986159507806,113.59938217981927,110.4799456735416,112.17963409423828,228966900.0
2025-04-16 04:00:00,104.53103311878802,106.77062454919468,100.4317709352981,104.47103881835938,397016900.0
2025-04-17 04:00:00,104.43103458781992,104.45103522860795,100.0318394876262,101.47157287597656,292517500.0
2025-04-21 04:00:00,98.75207336541831,99.42195758129023,95.02275450080649,96.89241790771484,288501100.0
2025-04-22 04:00:00,98.76206678289148,99.7918785816798,97.26233908492571,98.8720474243164,241004800.0
2025-04-23 04:00:00,104.5010295750129,104.78098517141211,102.00148324580945,102.69136047363281,247526000.0
2025-04-24 04:00:00,103.46122117055545,106.52066332286202,103.09128558149489,106.41068267822266,220815000.0
2025-04-25 04:00:00,106.83061166162848,111.89969145813895,105.71081975581805,110.98986053466797,251064700.0
2025-04-28 04:00:00,109.67009863041305,110.34997554606154,106.00075877336346,108.71027374267578,207708500.0
2025-04-29 04:00:00,107.65045258784288,110.17999209067304,107.42049861195443,109.00020599365234,170444300.0
2025-04-30 04:00:00,104.45104108413872,108.90023040771484,104.06111247501677,108.90023040771484,235044600.0
2025-05-01 04:00:00,113.05947899879722,114.9191420385801,111.27980327057723,111.5897445678711,236121500.0
2025-05-02 04:00:00,114.15928352450368,115.37906338859757,113.34943293159324,114.4792251586914,190194800.0
2025-05-05 04:00:00,112.889508442552,114.64918347836972,112.63955382209963,113.7993392944336,133163200.0
2025-05-06 04:00:00,111.45977773347964,114.71918078517231,110.79989381468877,113.51940155029297,158525600.0
2025-05-07 04:00:00,113.02949042053457,117.65864757290291,112.25962586336117,117.03875732421875,206758800.0
2025-05-08 04:00:00,118.22854670795566,118.658469001105,115.82898059800607,117.34870910644531,198428100.0
2025-05-09 04:00:00,117.32869985728382,118.20854502226882,115.18908887008638,116.62882995605469,132972200.0
2025-05-12 04:00:00,121.94786454961688,122.97767639160156,120.25816883140327,122.97767639160156,225023300.0
2025-05-13 04:00:00,124.95732666651305,131.19619232916256,124.44741706637032,129.9064178466797,330430100.0
2025-05-14 04:00:00,133.17581874633882,135.4154176381041,131.65609038206884,135.3154296875,281180800.0
2025-05-15 04:00:00,134.2656162138544,136.2752611112406,132.6359224746836,134.80552673339844,226632600.0
2025-05-16 04:00:00,136.19528579014883,136.32526708518697,133.43579205010155,135.37542724609375,226542500.0
2025-05-19 04:00:00,132.36596428610483,135.84532822832756,132.36596428610483,135.54539489746094,193154600.0
2025-05-20 04:00:00,134.26562607401144,134.55558199625042,132.59593092987555,134.35562133789062,161514200.0
2025-05-21 04:00:00,133.0358430493297,137.3750515435132,130.56629021032253,131.7760772705078,270608700.0
2025-05-22 04:00:00,132.20599574301846,134.22563338103308,131.52612648714359,132.80589294433594,187344000.0
2025-05-23 04:00:00,129.97641506418768,132.65592152877483,129.13657112060253,131.26617431640625,198821300.0
2025-05-27 04:00:00,134.1256417936587,135.63537744884945,133.2857979393918,135.47540283203125,192953600.0
2025-05-28 04:00:00,136.00531758419635,137.22509744866613,134.76553707682788,134.78553771972656,304021100.0
2025-05-29 04:00:00,142.22419152756274,143.46397204605128,137.88498259688382,139.1647491455078,369241900.0
2025-05-30 04:00:00,138.6948289010735,139.59465948344436,132.8958783257386,135.10548400878906,333170900.0
2025-06-02 04:00:00,135.46541564458173,138.09492795630163,135.37542038395227,137.35507202148438,197663100.0
2025-06-03 04:00:00,138.75480693174418,141.97422364617418,137.9249557656252,141.19436645507812,225578800.0
2025-06-04 04:00:00,142.1641966028205,142.36415725393297,139.5146683935161,141.8942413330078,167120800.0
2025-06-05 04:00:00,142.14419665233672,143.97386636815438,138.80480646885346,139.964599609375,231397900.0
2025-06-06 04:00:00,142.4841247816278,143.24399658328852,141.4843063108272,141.69427490234375,153986200.0
2025-06-09 04:00:00,143.16402192873528,144.97369107987248,141.91424872977086,142.6041259765625,185114500.0
2025-06-10 04:00:00,142.66410985007164,144.26381035974757,141.50431668274294,143.9338836669922,155881900.0
2025-06-11 04:00:00,144.59379466225064,144.97375695921582,141.85409623212945,142.81399536132812,167694000.0
2025-06-12 04:00:00,141.9540901919345,144.98374938964844,141.83410852298076,144.98374938964844,162365000.0
2025-06-13 04:00:00,142.4640236398758,143.5639064320885,140.83421673860605,141.95408630371094,180820600.0
2025-06-16 04:00:00,143.33393622751285,146.16360555156524,143.18394388862185,144.6737823486328,183133700.0
2025-06-17 04:00:00,144.4738049491523,145.20371882793046,143.7638778428329,144.1038360595703,139108000.0
2025-06-18 04:00:00,143.9938476821936,145.63366319028128,143.10394808189747,145.46368408203125,161494100.0
2025-06-20 04:00:00,145.43368901636921,146.1836049259659,142.63399990245927,143.83387756347656,242956200.0
2025-06-23 04:00:00,142.48402812138661,144.76377135076248,142.01407957999888,144.15383911132812,154308900.0
2025-06-24 04:00:00,145.54367367470394,147.94341367999496,145.4836828445603,147.88340759277344,187566100.0
2025-06-25 04:00:00,149.25328072295656,154.43269305532343,149.24327207878133,154.29270935058594,269146500.0
2025-06-26 04:00:00,155.9625083392563,156.70243086817015,153.98273459501658,155.00262451171875,198145700.0
2025-06-27 04:00:00,156.02250005395288,158.69221415352254,155.24258871826237,157.73231506347656,263234500.0
2025-06-30 04:00:00,158.38224776867892,158.6422284044636,155.94253394670602,157.97230529785156,194580300.0
2025-07-01 04:00:00,156.27249233706732,157.18239409932116,151.47304203431221,153.2828369140625,213143600.0
2025-07-02 04:00:00,152.962850389823,157.58234297497486,152.95285700312823,157.2323760986328,171224100.0
2025-07-03 04:00:00,158.35225101493015,160.96195919540767,157.7523273944205,159.3221435546875,143716100.0
2025-07-07 04:00:00,158.18227071828886,159.29214695363126,157.3223664705724,158.22227478027344,140139000.0
2025-07-08 04:00:00,159.31214783171163,160.20204749093682,158.3722507239072,159.98207092285156,138133000.0
2025-07-09 04:00:00,161.20193770023792,164.40157611225678,161.14194686393122,162.86175537109375,183656400.0
2025-07-10 04:00:00,164.30159583301895,164.48156834124046,161.5918927660757,164.0816192626953,167704100.0
2025-07-11 04:00:00,163.70165728031435,167.87118822352508,163.4516852914618,164.90151977539062,193633300.0
2025-07-14 04:00:00,165.35146259057728,165.4714595173457,162.00184716942397,164.05162048339844,136975800.0
2025-07-15 04:00:00,171.17081299302788,172.38066881478494,169.18103056842588,170.6808624267578,230627400.0
2025-07-16 04:00:00,171.04083672550954,171.73076187811773,168.88107501049606,171.35079956054688,158831500.0
2025-07-17 04:00:00,172.00073538495315,174.1404950617398,170.81086624213197,172.98062133789062,160841100.0
2025-07-18 04:00:00,173.62054394819432,174.23047621121117,171.24080573231237,172.39068603515625,146456400.0
2025-07-21 04:00:00,172.73065099594356,173.36058531454748,170.9808470061149,171.36080932617188,123126100.0
2025-07-22 04:00:00,171.32080634495316,171.37080379639445,164.5615689540832,167.01129150390625,193114300.0
2025-07-23 04:00:00,169.511004310231,171.24080620570157,167.95118153678195,170.7608642578125,154082200.0
2025-07-24 04:00:00,172.42067791171223,173.81052153075,171.28080627636527,173.7205352783203,128984600.0
2025-07-25 04:00:00,173.59054858813744,174.70042482917586,172.9406275198062,173.48056030273438,122316800.0
2025-07-28 04:00:00,174.00050427681666,176.98016607778243,173.9505068282037,176.73019409179688,140023500.0
2025-07-29 04:00:00,177.94006357342778,179.35990260986108,175.00039060425894,175.49032592773438,154077500.0
2025-07-30 04:00:00,176.49022309733303,179.869849375745,176.0202745228646,179.2499237060547,174312200.0
2025-07-31 04:00:00,182.87950237318685,183.2794667127293,175.9102820488597,177.85006713867188,221685400.0
2025-08-01 04:00:00,174.07048465468185,176.52020701181988,170.8708463561498,173.70053100585938,204529000.0
2025-08-04 04:00:00,175.14037394842856,180.17980241597786,174.500446281802,179.97982788085938,148174600.0
2025-08-05 04:00:00,179.59986897635343,180.23979665506658,175.8802845759961,178.24002075195312,156407600.0
2025-08-06 04:00:00,176.31023710297544,179.87982901005608,176.23024423927978,179.39988708496094,137192300.0
2025-08-07 04:00:00,181.54965397485878,183.85939259097617,178.77996020998395,180.74974060058594,151878400.0
2025-08-08 04:00:00,181.52965464990967,183.27945850723472,180.3797743894202,182.6795196533203,123396700.0
2025-08-11 04:00:00,182.02960317073044,183.8193958765311,180.22980182096376,182.0395965576172,138323200.0
2025-08-12 04:00:00,182.9395060522284,184.4593247511904,179.43989822709233,183.1394805908203,145485700.0
2025-08-13 04:00:00,182.59952443546638,183.9493792108361,179.32990196930365,181.56964111328125,179871700.0
2025-08-14 04:00:00,179.7298534235828,182.99949119039164,179.43989264021437,181.99960327148438,129554000.0
2025-08-15 04:00:00,181.85962676701382,181.87961354108583,178.02004541114613,180.42977905273438,156602200.0
2025-08-18 04:00:00,180.57976314427117,182.91949719839158,180.56975450061333,181.98959350585938,132008000.0
2025-08-19 04:00:00,182.4095478886331,182.47954736718557,175.47033846497254,175.6203155517578,185229200.0
2025-08-20 04:00:00,175.1503706193276,175.9802794498554,168.7810892510499,175.38034057617188,215142700.0
2025-08-21 04:00:00,174.83041312567687,176.88017120538285,173.79052111986658,174.96038818359375,140040900.0
2025-08-22 04:00:00,172.59066018618677,178.56998587344157,171.18081451068767,177.97006225585938,172789400.0
2025-08-25 04:00:00,178.33002804439553,181.88962682620624,176.5502286534902,179.78985595703125,163012800.0
2025-08-26 04:00:00,180.0398187111229,182.36955942503778,178.78995879531527,181.7496337890625,168688200.0
2025-08-27 04:00:00,181.95959791056248,182.46955051009175,179.07993109949993,181.57965087890625,235518900.0
2025-08-28 04:00:00,180.79974711518173,184.44933204343067,176.39023757757423,180.14981079101562,281787800.0
2025-08-29 04:00:00,178.09004428153852,178.130033086625,173.13059331145078,174.1604766845703,243257900.0
2025-09-02 04:00:00,169.980952871088,172.36069109354864,167.20126556823303,170.7608642578125,231164900.0
2025-09-03 04:00:00,171.0408442884315,172.3906992342715,168.86109570238054,170.60089111328125,164424900.0
2025-09-04 04:00:00,170.55090333056648,171.8407521362954,169.39102958990665,171.64077758789062,141670100.0
2025-09-05 04:00:00,168.01117837826322,169.0110663720669,164.05163046676552,167.0012969970703,224441400.0
2025-09-08 04:00:00,167.53122834914853,170.940849905597,167.33125381142952,168.2911376953125,163769100.0
2025-09-09 04:00:00,169.0710489481518,170.96083655380463,166.7213214317911,170.74085998535156,157548400.0
2025-09-10 04:00:00,176.62020974984335,179.26990675759993,175.45034266016896,177.3101348876953,226852000.0
2025-09-11 04:00:00,179.66999584989978,180.26996857097555,176.4701769393558,177.16014099121094,151159300.0
2025-09-12 04:00:00,177.76010410307373,178.59005971058946,176.44017029123495,177.8101043701172,124911000.0
2025-09-15 04:00:00,175.66021109761542,178.84004186496986,174.50027206258352,177.74009704589844,147061600.0
2025-09-16 04:00:00,176.99014687805604,177.49011904437822,174.37029760906842,174.87026977539062,140737800.0
2025-09-17 04:00:00,172.63039291663662,173.1903593144249,168.40063256525568,170.280517578125,211843800.0
2025-09-18 04:00:00,173.9703101424577,177.09014682532762,172.95037791227023,176.23019409179688,191763300.0
2025-09-19 04:00:00,175.7602124903078,178.07008136373162,175.17023376194967,176.66015625,237182100.0
2025-09-22 04:00:00,175.29024236301854,184.53972732383275,174.70027887607205,183.5997772216797,269637000.0
2025-09-23 04:00:00,181.9598706713119,182.409842567533,176.20019683221489,178.42005920410156,192559600.0
2025-09-24 04:00:00,179.75999113536878,179.76998508551358,175.39022416770254,176.96014404296875,143564100.0
2025-09-25 04:00:00,174.47028665549124,180.24996380236055,173.12037093203185,177.68011474609375,191586700.0
2025-09-26 04:00:00,178.16008106951017,179.75999811527313,174.920255917913,178.18008422851562,148573700.0
2025-09-29 04:00:00,180.4199550960203,183.98976381560166,180.30997586310093,181.8398895263672,193063500.0
2025-09-30 04:00:00,182.06986121505474,187.3395719841704,181.4698885277926,186.56961059570312,236981000.0
2025-10-01 04:00:00,185.22969505995906,188.12952754318238,183.88975804814035,187.22958374023438,173844900.0
2025-10-02 04:00:00,189.5894532800495,191.0393695238543,188.04953044946197,188.87948608398438,136805800.0
2025-10-03 04:00:00,189.1794627061203,190.34939569471342,185.36967740169,187.6095428466797,137596900.0
2025-10-06 04:00:00,185.48967202648717,187.21957143407985,183.31979467524326,185.5296630859375,157678100.0
2025-10-07 04:00:00,186.21962980709273,189.0494741147918,183.9897582054133,185.02969360351562,140088000.0
2025-10-08 04:00:00,186.55962017208088,189.58945025835604,186.52960780500513,189.09947204589844,130168900.0
2025-10-09 04:00:00,192.21928773885006,195.28912405123697,191.04935474353755,192.5592803955078,182997200.0
2025-10-10 04:00:00,193.49922565779727,195.6091088464203,182.0398719523004,183.14981079101562,268774400.0
2025-10-13 04:00:00,187.9595379156231,190.09941818271824,185.94965529464977,188.3095245361328,153482800.0
2025-10-14 04:00:00,184.75971529942103,184.78971240822688,179.68999030007896,180.0199737548828,205641400.0
2025-10-15 04:00:00,184.7897166440438,184.85970481354866,177.2801249034248,179.8199920654297,214450500.0
2025-10-16 04:00:00,182.21985578014733,183.26980040587233,179.76000120804414,181.7998809814453,179723300.0
2025-10-17 04:00:00,180.16996892604442,184.08976427610557,179.74000017155936,183.20980834960938,173135200.0
2025-10-20 04:00:00,183.1198152646831,185.18969215276272,181.71988400794234,182.6298370361328,128544700.0
2025-10-21 04:00:00,182.77981647710283,182.77981647710283,179.78999271004406,181.14991760253906,124240200.0
2025-10-22 04:00:00,181.1299112106735,183.42978616900905,176.7501502622395,180.26995849609375,162249600.0
2025-10-23 04:00:00,180.40994799999942,183.01980322210497,179.7799782111653,182.1498565673828,111363700.0
2025-10-24 04:00:00,183.8297551720498,187.45955783835475,183.48977777431884,186.24961853027344,131296700.0
2025-10-27 04:00:00,189.979423148828,191.98930570001696,188.41949722334647,191.47933959960938,153452700.0
2025-10-28 04:00:00,193.03926234185508,203.1386912540773,191.89932637827522,201.01881408691406,297986200.0
2025-10-29 04:00:00,207.96842303697136,212.1781954922272,204.76860414707738,207.02847290039062,308829600.0
2025-10-30 04:00:00,205.1385766163601,206.1485301715792,201.39879452489242,202.8787078857422,178864400.0
2025-10-31 04:00:00,206.43850017947892,207.95841980607935,202.05875446792163,202.47872924804688,179802200.0
2025-11-03 05:00:00,208.06841462190084,211.32822759164594,205.5485506791992,206.8684844970703,180267300.0
2025-11-04 05:00:00,202.98869740675082,203.9586446199207,197.9189723693821,198.67893981933594,188919300.0
2025-11-05 05:00:00,198.75894188581304,202.90870481768462,194.63916080574026,195.1991424560547,171350300.0
2025-11-06 05:00:00,196.40906647995496,197.60899664277025,186.3696319662745,188.0695343017578,223029800.0
2025-11-07 05:00:00,184.8897071775586,188.3095303364016,178.90005019006267,188.1395263671875,264942300.0
2025-11-10 05:00:00,195.09914200543773,199.9288750287355,193.7792081445882,199.03892517089844,198897100.0
2025-11-11 05:00:00,195.14913483203398,195.40911485928362,191.28934919242405,193.1492462158203,176483300.0
2025-11-12 05:00:00,195.70910637927892,195.87909508520013,191.1193655455878,193.78921508789062,154935300.0
2025-11-13 05:00:00,191.03936321053533,191.42934088057365,183.8397672401686,186.84959411621094,207423100.0
2025-11-14 05:00:00,182.8498180673128,190.99935813210442,180.56994624954729,190.15940856933594,186591900.0
2025-11-17 05:00:00,185.95964506857126,188.98947511566342,184.30974305565786,186.58961486816406,173628900.0
2025-11-18 05:00:00,183.36979105504545,184.7897101334883,179.63998782140993,181.3498992919922,213598900.0
2025-11-19 05:00:00,184.7796984316032,187.8495347223247,182.8198161698128,186.50961303710938,247246400.0
2025-11-20 05:00:00,195.9390891568929,195.9890894251709,179.83999453744622,180.62994384765625,343504800.0
2025-11-21 05:00:00,181.22991004695137,184.54971718190046,172.92036011460985,178.8700408935547,346926200.0
2025-11-24 05:00:00,179.48001348627363,183.4897847612219,176.47017128450955,182.5398406982422,256618300.0
2025-11-25 05:00:00,174.90026276869568,178.15008177330986,169.54056066153746,177.8101043701172,320600300.0
2025-11-26 05:00:00,181.61988829154,182.8998157763143,178.2300777211247,180.2499542236328,183852000.0
2025-11-28 05:00:00,179.0000253919654,179.28000857805475,176.49017066740046,176.99014282226562,121332800.0
2025-12-01 05:00:00,174.75027181562072,180.28997214473748,173.67033006996684,179.9099884033203,188131000.0
2025-12-02 05:00:00,181.74987648908228,185.6496685428864,179.98997995570696,181.4499053955078,182632200.0
2025-12-03 05:00:00,181.06992440272873,182.43984327721986,179.1000328161426,179.5800018310547,165138000.0
2025-12-04 05:00:00,181.6199951171875,184.52000427246094,179.9600067138672,183.3800048828125,167364900.0
2025-12-05 05:00:00,183.88999938964844,184.66000366210938,180.91000366210938,182.41000366210938,143971100.0
2025-12-08 05:00:00,182.63999938964844,188.0,182.39999389648438,185.5500030517578,204378100.0
2025-12-09 05:00:00,185.55999755859375,185.72000122070312,183.32000732421875,184.97000122070312,144719700.0
2025-12-10 05:00:00,184.97000122070312,185.47999572753906,182.0399932861328,183.77999877929688,162785400.0
2025-12-11 05:00:00,180.27999877929688,181.32000732421875,176.6199951171875,180.92999267578125,182136600.0
2025-12-12 05:00:00,181.11000061035156,182.82000732421875,174.6199951171875,175.02000427246094,204274900.0
2025-12-15 05:00:00,177.94000244140625,178.4199981689453,175.02999877929688,176.2899932861328,164775600.0
2025-12-16 05:00:00,176.25999450683594,178.49000549316406,174.89999389648438,177.72000122070312,148588100.0
2025-12-17 05:00:00,176.10000610351562,176.1300048828125,170.30999755859375,170.94000244140625,222775500.0
2025-12-18 05:00:00,174.52999877929688,176.14999389648438,171.82000732421875,174.13999938964844,176096000.0
2025-12-19 05:00:00,176.6699981689453,181.4499969482422,176.33999633789062,180.99000549316406,324925900.0
2025-12-22 05:00:00,183.9199981689453,184.16000366210938,182.35000610351562,183.69000244140625,129064400.0
2025-12-23 05:00:00,182.97000122070312,189.3300018310547,182.89999389648438,189.2100067138672,174873600.0
2025-12-24 05:00:00,187.94000244140625,188.91000366210938,186.58999633789062,188.61000061035156,65528500.0
2025-12-26 05:00:00,189.9199981689453,192.69000244140625,188.0,190.52999877929688,139740300.0
2025-12-29 05:00:00,187.7100067138672,188.75999450683594,185.91000366210938,188.22000122070312,120006100.0
2025-12-30 05:00:00,188.24000549316406,188.99000549316406,186.92999267578125,187.5399932861328,97687300.0
2025-12-31 05:00:00,189.57000732421875,190.55999755859375,186.49000549316406,186.5,120100500.0
2026-01-02 05:00:00,189.83999633789062,192.92999267578125,188.25999450683594,188.85000610351562,148240500.0
2026-01-05 05:00:00,191.75999450683594,193.6300048828125,186.14999389648438,188.1199951171875,183529700.0
2026-01-06 05:00:00,190.52000427246094,192.1699981689453,186.82000732421875,187.24000549316406,176862600.0
2026-01-07 05:00:00,188.57000732421875,191.3699951171875,186.55999755859375,189.11000061035156,153543200.0
2026-01-08 05:00:00,189.11000061035156,189.5500030517578,183.7100067138672,185.0399932861328,172457000.0
2026-01-09 05:00:00,185.0800018310547,186.33999633789062,183.6699981689453,184.86000061035156,131327500.0
2026-01-12 05:00:00,183.22000122070312,187.1199951171875,183.02000427246094,184.94000244140625,137968500.0
2026-01-13 05:00:00,185.0,188.11000061035156,183.39999389648438,185.80999755859375,160128900.0
2026-01-14 05:00:00,184.32000732421875,184.4600067138672,180.8000030517578,183.13999938964844,159586100.0
2026-01-15 05:00:00,186.5,189.6999969482422,186.3300018310547,187.0500030517578,206188600.0
2026-01-16 05:00:00,189.0800018310547,190.44000244140625,186.0800018310547,186.22999572753906,187967200.0
2026-01-20 05:00:00,181.89999389648438,182.3800048828125,177.61000061035156,178.07000732421875,223345300.0
2026-01-21 05:00:00,179.0500030517578,185.3800048828125,178.39999389648438,183.32000732421875,200381000.0
2026-01-22 05:00:00,184.75,186.1699981689453,183.92999267578125,184.83999633789062,139636600.0
2026-01-23 05:00:00,187.5,189.60000610351562,186.82000732421875,187.6699981689453,142748100.0
2026-01-26 05:00:00,187.16000366210938,189.1199951171875,185.99000549316406,186.47000122070312,124799600.0
2026-01-27 05:00:00,187.24000549316406,190.0,185.6999969482422,188.52000427246094,143711600.0
2026-01-28 05:00:00,191.27000427246094,192.35000610351562,189.83999633789062,191.52000427246094,148552700.0
2026-01-29 05:00:00,191.33999633789062,193.47999572753906,186.05999755859375,192.50999450683594,171764400.0
2026-01-30 05:00:00,191.2100067138672,194.49000549316406,189.47000122070312,191.1300048828125,179489500.0
2026-02-02 05:00:00,187.1999969482422,190.3000030517578,184.8800048828125,185.61000061035156,165794100.0
2026-02-03 05:00:00,186.24000549316406,186.27000427246094,176.22999572753906,180.33999633789062,204019600.0
2026-02-04 05:00:00,179.4600067138672,179.5800018310547,171.91000366210938,174.19000244140625,207014100.0
2026-02-05 05:00:00,174.92999267578125,176.82000732421875,171.02999877929688,171.8800048828125,206312900.0
2026-02-06 05:00:00,176.69000244140625,187.0,174.60000610351562,185.41000366210938,231346200.0
2026-02-09 05:00:00,184.25999450683594,193.66000366210938,183.9499969482422,190.0399932861328,196387400.0
2026-02-10 05:00:00,191.3800048828125,192.47999572753906,188.1199951171875,188.5399932861328,136764800.0
2026-02-11 05:00:00,192.4499969482422,193.25999450683594,188.77000427246094,190.0500030517578,144192700.0
2026-02-12 05:00:00,193.02999877929688,193.61000061035156,186.50999450683594,186.94000244140625,189932500.0
2026-02-13 05:00:00,187.47999572753906,187.5,181.58999633789062,182.80999755859375,161888000.0
2026-02-17 05:00:00,181.75,187.14999389648438,179.17999267578125,184.97000122070312,162276900.0
2026-02-18 05:00:00,188.75,190.3699951171875,186.75999450683594,187.97999572753906,164749100.0
2026-02-19 05:00:00,187.05999755859375,188.42999267578125,185.66000366210938,187.89999389648438,126554500.0
2026-02-20 05:00:00,186.57000732421875,190.3300018310547,185.94000244140625,189.82000732421875,178143900.0
